en	zh	category	bilingual	source
 Sneaky undead fowl	鬼鬼祟祟的不死禽鳥	proper	yes	npc
'Beedy-eye' Jones	「小眼睛」瓊斯	proper	yes	npc
'Beefy' Burns	「壯碩」柏恩斯	proper	yes	npc
'Betty' B.Boppin	「貝蒂」B.波平	proper	yes	npc
'Bird's-Eye' Jack	「鳥眼」傑克	proper	yes	npc
'Black-eye	「黑眼	proper	yes	npc
'Currency' The Alchemist	「貨幣」煉金術士	proper	yes	npc
'Eagle-eye' Shultz	「鷹眼」舒茲	proper	yes	npc
'Gummy	「軟糖	proper	yes	npc
'Lecherous' Lee	「好色」李	proper	yes	npc
'No fingers	「沒手指	proper	yes	npc
'Picarron' Pete	「皮卡隆」皮特	proper	yes	npc
'Sticky' Sanders	「黏糊」桑德斯	proper	yes	npc
'The Guns'	「槍	proper	yes	npc
'Transmute' The Alchemist	「轉化」煉金術士	proper	yes	npc
'perfect' gold bar	「完美」金錠	common	no	item
'perfect' gold ore	「完美」金礦	common	no	item
'perfect' necklace	「完美」項鍊	common	no	item
'perfect' ring	「完美」戒指	common	no	item
'voice of doom' potion	「末日之聲」藥水	common	no	item
1/2 anchovy pizza	1/2 鯷魚比薩	common	no	item
1/2 meat pizza	1/2 肉類比薩	common	no	item
1/2 p'apple pizza	1/2 鳳梨比薩	common	no	item
1/2 plain pizza	1/2 原味比薩	common	no	item
1/3 evil turnip	1/3 邪惡蕪菁	common	no	item
1/3rds full jug	1/3 滿的水罐	common	no	item
1/5ths full bucket	1/5 滿的水桶	common	no	item
10th squad sigil	第十小隊印記	common	no	item
1337sp34kr	1337sp34kr	proper	yes	npc
18lb shot	18磅砲彈	common	no	item
2/3 cake	2/3 蛋糕	common	no	item
2/3 chocolate cake	2/3 巧克力蛋糕	common	no	item
2/3 evil turnip	2/3 邪惡蕪菁	common	no	item
2/3rds full jug	2/3 滿的水罐	common	no	item
2/5ths full bucket	2/5 滿的水桶	common	no	item
22lb shot	22磅砲彈	common	no	item
2scompany	兩人成伴	proper	yes	npc
3/5ths full bucket	3/5 滿的水桶	common	no	item
3rd age amulet	第三紀元護身符	common	no	item
3rd age full helmet	第三紀元全罩式頭盔	common	no	item
3rd age kiteshield	第三紀元風箏盾	common	no	item
3rd age mage hat	第三紀元法師帽子	common	no	item
3rd age platebody	第三紀元板甲胸甲	common	no	item
3rd age platelegs	第三紀元板甲腿部	common	no	item
3rd age range coif	第三紀元範圍鎖子甲頭罩	common	no	item
3rd age range legs	第三紀元範圍腿部	common	no	item
3rd age range top	三代服裝上衣	common	no	item
3rd age robe	第三紀元長袍	common	no	item
3rd age robe top	第三紀元長袍上衣	common	no	item
3rd age vambraces	第三紀元護腕	common	no	item
3sacrowd	三人成眾	proper	yes	npc
4-poster	四柱床	common	no	item
4/5ths full bucket	4/5 滿的水桶	common	no	item
4sjustsilly	四個就太傻了	proper	yes	npc
50 Ships Mufassah	50 艘船的穆法薩	proper	yes	npc
A Doubt	疑慮	proper	yes	npc
A Meiyerditch child	一名 Meiyerditch 孩童	proper	yes	npc
A Soul's Bane	靈魂之災	proper	yes	quest
A Tail of Two Cats	兩隻貓的故事	proper	yes	quest
A bartender.	一名調酒師。	proper	yes	npc
A brooch	一枚胸針	common	no	item
A chair	一把椅子	common	no	item
A container	一個容器	common	no	item
A jester stick	小丑木棍	common	no	item
A key	一把鑰匙	common	no	item
A key to a chest	一把鑰匙（用於開啟箱子）	common	no	item
A lazy Khazard guard	一個懶惰的卡扎德守衛	proper	yes	npc
A magic scroll	魔法卷軸	common	no	item
A pattern	一種圖案	common	no	item
A pile of broken glass	一堆碎玻璃	proper	yes	npc
A powdered wig	粉末假髮	common	no	item
A scribbled note	一張亂寫的筆記	common	no	item
A scruffy note	破舊的便條	common	no	item
A small key	小鑰匙	common	no	item
A special tiara	一頂特殊的冠冕	common	no	item
A stone bowl	石碗	common	no	item
A stylish hat	時髦的帽子	common	no	item
A used spell	一個已使用的咒語	common	no	item
A wanderer.	一位流浪者。	proper	yes	npc
A'abla	阿布拉	proper	yes	npc
ASDT Slot	ASDT 插槽	common	no	item
Aaron's Archery Appendages	Aaron 的弓箭配件	common	no	shop
Abberant spectre	離群幽靈	common	no	item
Abbot Langley	蘭利院長	proper	yes	npc
Aberab	阿貝拉布	proper	yes	npc
Aberrant spectre	變異幽靈	proper	yes	npc
Abidor Crank	阿比多·克蘭克	proper	yes	npc
Abone	阿邦	proper	yes	npc
Abstractclas	抽象類別	proper	yes	npc
Abyssal book	深淵書籍	common	no	item
Abyssal charm	深淵護符	common	no	item
Abyssal demon	深淵惡魔	proper	yes	npc
Abyssal drain scroll	深淵抽取卷軸	common	no	item
Abyssal guardian	深淵護衛	proper	yes	npc
Abyssal head	深淵頭部	common	no	item
Abyssal leech	深淵蛭	proper	yes	npc
Abyssal lurker	深淵潛伏者	proper	yes	npc
Abyssal lurker pouch	深淵潛伏者袋	common	no	item
Abyssal parasite	深淵寄生蟲	proper	yes	npc
Abyssal parasite pouch	深淵寄生蟲袋	common	no	item
Abyssal stealth scroll	深淵匿蹤卷軸	common	no	item
Abyssal titan	深淵泰坦	proper	yes	npc
Abyssal titan pouch	深淵泰坦袋子	common	no	item
Abyssal walker	深淵行者	proper	yes	npc
Abyssal whip	深淵鞭痕	common	no	item
Accordion	手風琴	common	no	item
Acetic acid	乙酸	common	no	item
Achey Tree	痠痛的樹木	proper	yes	npc
Achey tree logs	痠痛的樹木原木	common	no	item
Achietties	阿奇提斯	proper	yes	npc
Achtryn	阿克特林	proper	yes	npc
Acorn	橡實	common	no	item
Acorn missile scroll	橡實飛彈卷軸	common	no	item
Acrobat	雜技演員	proper	yes	npc
Acrobat hood	雜技演員兜帽	common	no	item
Acrobat pants	雜技演員長褲	common	no	item
Acrobat shirt	雜技演員襯衫	common	no	item
Acrobat shoes	雜技演員鞋子	common	no	item
Adam full helm(g)	Adam 符文全罩頭盔(g)	common	no	item
Adam full helm(t)	亞當全罩頭盔 (t)	common	no	item
Adam kiteshield (g)	Adam 風箏盾 (g)	common	no	item
Adam kiteshield (t)	亞當風箏盾 (t)	common	no	item
Adam platebody (g)	亞當胸甲 (g)	common	no	item
Adam platebody (t)	亞當胸甲 (t)	common	no	item
Adam platelegs (g)	Adam 護腿 (g)	common	no	item
Adam platelegs (t)	亞當護腿 (t)	common	no	item
Adam plateskirt (g)	Adam 裙甲 (g)	common	no	item
Adam plateskirt (t)	Adam 裙甲 (t)	common	no	item
Adamant	精鋼	common	no	material
Adamant 2h sword	精鋼雙手劍	common	no	item
Adamant armour set (l)	精鋼護甲套裝 (l)	common	no	item
Adamant armour set (sk)	精鋼護甲套裝 (sk)	common	no	item
Adamant arrow	精金箭	common	no	item
Adamant arrow(p)	精金箭(p)	common	no	item
Adamant arrow(p+)	精金箭(p+)	common	no	item
Adamant arrow(p++)	精金箭(p++)	common	no	item
Adamant arrowtips	精金箭頭	common	no	item
Adamant axe	精金斧	common	no	item
Adamant battleaxe	精金戰斧	common	no	item
Adamant berserker shield 0	精鋼狂戰士之盾 0	common	no	item
Adamant berserker shield 100	精鋼狂戰士之盾 100	common	no	item
Adamant berserker shield 20	精鋼狂戰士之盾 20	common	no	item
Adamant berserker shield 40	精鋼狂戰士之盾 40	common	no	item
Adamant berserker shield 60	精鋼狂戰士之盾 60	common	no	item
Adamant berserker shield 80	精鋼狂戰士之盾 80	common	no	item
Adamant bolts	精鋼弩箭	common	no	item
Adamant bolts (p)	精鋼弩箭 (p)	common	no	item
Adamant bolts(p+)	精鋼弩箭 (p+)	common	no	item
Adamant bolts(p++)	精鋼弩箭 (p++)	common	no	item
Adamant bolts(unf)	精鋼弩箭 (unf)	common	no	item
Adamant boots	精鋼靴	common	no	item
Adamant brutal	精鋼蠻暴者	common	no	item
Adamant c'bow (u)	精鋼弩 (u)	common	no	item
Adamant cane	精金手杖	common	no	item
Adamant chainbody	精鋼鎖甲衣	common	no	item
Adamant claws	精鋼爪	common	no	item
Adamant crossbow	精鋼弩	common	no	item
Adamant dagger	精金匕首	common	no	item
Adamant dagger(p)	精金匕首(p)	common	no	item
Adamant dagger(p+)	精金匕首(p+)	common	no	item
Adamant dagger(p++)	精金匕首(p++)	common	no	item
Adamant dart	精金飛鏢	common	no	item
Adamant dart tip	精金飛鏢尖端	common	no	item
Adamant dart(p)	精金飛鏢(p)	common	no	item
Adamant dart(p+)	精金飛鏢(p+)	common	no	item
Adamant dart(p++)	精金飛鏢(p++)	common	no	item
Adamant defender	精鋼守護者	common	no	item
Adamant fire arrows	精鋼火焰箭	common	no	item
Adamant full helm	精金全罩頭盔	common	no	item
Adamant full helm (charged)	精金全罩頭盔 (充能)	common	no	item
Adamant full helm (e)	精金全罩頭盔 (e)	common	no	item
Adamant gauntlets	精金手套	common	no	item
Adamant gold-trimmed armour set (l)	精鋼金邊護甲套裝 (l)	common	no	item
Adamant gold-trimmed armour set (sk)	精鋼金邊護甲套裝 (sk)	common	no	item
Adamant halberd	精金戟	common	no	item
Adamant hasta	精鋼長矛	common	no	item
Adamant hasta(kp)	精鋼長矛 (kp)	common	no	item
Adamant hasta(p)	精鋼長矛 (p)	common	no	item
Adamant hasta(p+)	精鋼長矛 (p+)	common	no	item
Adamant hasta(p++)	精鋼長矛 (p++)	common	no	item
Adamant helm (h1)	精鋼頭盔 (h1)	common	no	item
Adamant helm (h2)	精鋼頭盔 (h2)	common	no	item
Adamant helm (h3)	精鋼頭盔 (h3)	common	no	item
Adamant helm (h4)	精鋼頭盔 (h4)	common	no	item
Adamant helm (h5)	精鋼頭盔 (h5)	common	no	item
Adamant javelin	精金標槍	common	no	item
Adamant javelin(p)	精金標槍(p)	common	no	item
Adamant javelin(p+)	精金標槍(p+)	common	no	item
Adamant javelin(p++)	精金標槍(p++)	common	no	item
Adamant kiteshield	精金風箏盾	common	no	item
Adamant knife	精金小刀	common	no	item
Adamant knife(p)	精金小刀(p)	common	no	item
Adamant knife(p+)	精金小刀(p+)	common	no	item
Adamant knife(p++)	精金小刀(p++)	common	no	item
Adamant longsword	精金長劍	common	no	item
Adamant mace	精金釘頭錘	common	no	item
Adamant med helm	精鋼中型頭盔	common	no	item
Adamant minotaur	精金米諾陶洛	proper	yes	npc
Adamant minotaur pouch	精金米諾陶洛小袋	common	no	item
Adamant pick head	精金鎬頭部	common	no	item
Adamant pickaxe	精金鎬	common	no	item
Adamant platebody	精鋼板甲	common	no	item
Adamant platelegs	精金護腿	common	no	item
Adamant plateskirt	精鋼板裙	common	no	item
Adamant scimitar	精鋼彎刀	common	no	item
Adamant shield(h1)	精鋼盾(h1)	common	no	item
Adamant shield(h2)	精鋼盾(h2)	common	no	item
Adamant shield(h3)	精鋼盾(h3)	common	no	item
Adamant shield(h4)	精鋼盾(h4)	common	no	item
Adamant shield(h5)	精鋼盾(h5)	common	no	item
Adamant spear	精金長矛	common	no	item
Adamant spear(kp)	精金長矛(kp)	common	no	item
Adamant spear(p)	精金長矛(p)	common	no	item
Adamant spear(p+)	精金長矛(p+)	common	no	item
Adamant spear(p++)	精金長矛(p++)	common	no	item
Adamant spikeshield 0	精鋼尖刺盾 0	common	no	item
Adamant spikeshield 100	精鋼尖刺盾 100	common	no	item
Adamant spikeshield 20	精鋼尖刺盾 20	common	no	item
Adamant spikeshield 40	精鋼尖刺盾 40	common	no	item
Adamant spikeshield 60	精鋼尖刺盾 60	common	no	item
Adamant spikeshield 80	精鋼尖刺盾 80	common	no	item
Adamant sq shield	精金方盾	common	no	item
Adamant sword	精金劍	common	no	item
Adamant thrownaxe	精金投擲斧	common	no	item
Adamant trimmed armour set (l)	精鋼鑲邊護甲套裝 (l)	common	no	item
Adamant trimmed armour set (sk)	精鋼鑲邊護甲套裝 (sk)	common	no	item
Adamant warhammer	精鋼戰鎚	common	no	item
Adamantite bar	精鋼錠	common	no	item
Adamantite limbs	精鋼肢體	common	no	item
Adamantite nails	精鋼釘	common	no	item
Adamantite ore	精金礦	proper	yes	npc
Address form	地址格式	common	no	item
Address label	地址標籤	common	no	item
Addy bull rush scroll	附加公牛衝撞卷軸	common	no	item
Admiral pie	將軍派	common	no	item
Adventurer	冒險者	proper	yes	npc
Advisor	顧問	proper	yes	npc
Advisor Ghrim	顧問格里姆	proper	yes	npc
Aemad	艾馬德	proper	yes	npc
Aemad's Adventuring Supplies	艾馬德的冒險用品	common	no	shop
Aeonisig Raispher	Aeonisig Raispher	proper	yes	npc
Afflicted	受苦的	proper	yes	npc
Afflicted(Razmire)	受苦的(Razmire)	proper	yes	npc
Afflicted(Ulsquire)	受苦的(Ulsquire)	proper	yes	npc
Afrah	阿夫拉	proper	yes	npc
Aga	Aga	proper	yes	npc
Aggie	艾姬	proper	yes	npc
Agility	敏捷	common	no	glossary
Agility Boss	敏捷首領	proper	yes	npc
Agility Instructor	敏捷教練	proper	yes	npc
Agility Trainer	敏捷訓練師	proper	yes	npc
Agility arena ticket	敏捷競技場門票	common	no	item
Agility assistant	敏捷助手	proper	yes	npc
Agility cape	敏捷斗篷	common	no	item
Agility cape(t)	敏捷斗篷(t)	common	no	item
Agility hood	敏捷兜帽	common	no	item
Agility mix(1)	敏捷混合(1)	common	no	item
Agility mix(2)	敏捷混合(2)	common	no	item
Agility potion(1)	敏捷藥水(1)	common	no	item
Agility potion(2)	敏捷藥水(2)	common	no	item
Agility potion(3)	敏捷藥水(3)	common	no	item
Agility potion(4)	敏捷藥水(4)	common	no	item
Agility tome	敏捷之書	common	no	item
Agmundi	阿格蒙迪	proper	yes	npc
Agmundi Quality Clothes	阿格蒙迪優質服飾	common	no	shop
Agnar	Agnar	proper	yes	npc
Agplus	Agplus	proper	yes	npc
Agrith Naar	阿格里斯·納爾	proper	yes	npc
Agrith-Na-Na	阿格里特-納-納	proper	yes	npc
Ahab	艾哈伯	proper	yes	npc
Ahrim	亞力姆	common	no	gear
Ahrim the Blighted	遭天譴的艾瑞姆	proper	yes	npc
Ahrim's hood	Ahrim 的兜帽	common	no	item
Ahrim's hood 0	Ahrim 的兜帽 0	common	no	item
Ahrim's hood 100	Ahrim 的兜帽 100	common	no	item
Ahrim's hood 25	Ahrim 的兜帽 25	common	no	item
Ahrim's hood 50	Ahrim 的兜帽 50	common	no	item
Ahrim's hood 75	Ahrim 的兜帽 75	common	no	item
Ahrim's robeskirt	Ahrim 的法袍下裙	common	no	item
Ahrim's robetop	Ahrim 的法袍上衣	common	no	item
Ahrim's skirt 0	Ahrim 的裙襬 0	common	no	item
Ahrim's skirt 100	Ahrim 的裙子 100	common	no	item
Ahrim's skirt 25	Ahrim 的裙襬 25	common	no	item
Ahrim's skirt 50	Ahrim 的裙襬 50	common	no	item
Ahrim's skirt 75	Ahrim 的裙子 75	common	no	item
Ahrim's staff	Ahrim 的法杖	common	no	item
Ahrim's staff 0	Ahrim 的法杖 0	common	no	item
Ahrim's staff 100	Ahrim 的法杖 100	common	no	item
Ahrim's staff 25	Ahrim 的法杖 25	common	no	item
Ahrim's staff 50	Ahrim 的法杖 50	common	no	item
Ahrim's staff 75	Ahrim 的法杖 75	common	no	item
Ahrim's top 0	Ahrim 的上衣 0	common	no	item
Ahrim's top 100	Ahrim 的上衣 100	common	no	item
Ahrim's top 25	Ahrim 的上衣 25	common	no	item
Ahrim's top 50	Ahrim 的上衣 50	common	no	item
Ahrim's top 75	Ahrim 的上衣 75	common	no	item
Ailanthus twigs	Lanthus提格	common	no	item
Ailanthus weaving ribbon	Ailanthus 編織緞帶	common	no	item
Air altar teleport	風元素祭壇傳送	common	no	item
Air battlestaff	空氣戰鬥法杖	common	no	item
Air elemental	風元素	proper	yes	npc
Air key	風鑰匙	common	no	item
Air orb	空氣法球	common	no	item
Air rune	風符文	common	no	item
Air runecrafting gloves	風符文製作 手套	common	no	item
Air talisman	風護身符	common	no	item
Air talisman staff	風護身符法杖	common	no	item
Air tiara	風元素冠冕	common	no	item
Air wizard	風法師	proper	yes	npc
Airstriker	Airstriker	proper	yes	npc
Airtight pot	密封的陶罐	common	no	item
Ajjat	阿賈特	proper	yes	npc
Ak-Haranu	阿克哈拉努	proper	yes	npc
Ak-haranu's Exotic Goods	阿克哈拉努的異國商品	common	no	shop
Akrisae	Akrisae	proper	yes	npc
Akthanakos	阿克薩納科斯	proper	yes	npc
Al Kharid	阿爾卡里德	proper	yes	glossary
Al Kharid General Store	阿爾卡里德雜貨店	common	no	shop
Al Shabim	Al Shabim	proper	yes	npc
Al Truism	Al Truism	proper	yes	npc
Al kharid flyer	阿爾卡里德傳單	common	no	item
Al the Camel	駱駝 Al	proper	yes	npc
Al-Kharid warrior	阿爾·卡里德戰士	proper	yes	npc
Alain	阿蘭	proper	yes	npc
Albino bat	白化蝙蝠	proper	yes	npc
Albino rat	白化老鼠	proper	yes	npc
Albino rat pouch	白化老鼠袋	common	no	item
Alchemical notes	煉金術筆記	common	no	item
Alchemy Guardian	鍊金術守衛	proper	yes	npc
Alchemy spell	煉金咒語	common	no	item
Alco-chunks	酒精塊	common	no	item
Ale yeast	麥酒酵母	common	no	item
Aleck	艾萊克	proper	yes	npc
Aleck's Hunter Emporium	艾萊克的狩獵商行	common	no	shop
Alexis	亞力克西斯	proper	yes	npc
Alfi Marino	阿爾菲·馬里諾	proper	yes	namebi
Alfonse the waiter	侍者阿方斯	proper	yes	npc
Ali Cat	Ali 貓	proper	yes	npc
Ali Morrisane	Ali 莫里薩恩	proper	yes	npc
Ali The barman	酒吧侍者 Ali	proper	yes	npc
Ali the Camel	Ali 駱駝	proper	yes	npc
Ali the Camel Man	駱駝男人 Ali	proper	yes	npc
Ali the Carter	貨車夫阿里	proper	yes	npc
Ali the Farmer	農夫 Ali	proper	yes	npc
Ali the Guard	守衛 Ali	proper	yes	npc
Ali the Hag	Ali 巫婆	proper	yes	npc
Ali the Kebab Seller	烤肉販 Ali	common	no	shop
Ali the Kebab seller	烤肉販 Ali	proper	yes	npc
Ali the Leaflet Dropper	傳單丟棄者阿里	proper	yes	npc
Ali the Mayor	市長 Ali	proper	yes	npc
Ali the Operator	Ali 操作者	proper	yes	npc
Ali the Smith	鐵匠 Ali	proper	yes	npc
Ali the Snake Charmer	Ali 弄蛇人	proper	yes	npc
Ali the Tailor	裁縫師 Ali	proper	yes	npc
Ali the dyer	染匠阿里	proper	yes	npc
Ali's Discount Wares	Ali 的折扣商品	common	no	shop
Ali's Discount Wares#runes	Ali 的折扣商品#符文	common	no	shop
Alice	Alice	proper	yes	npc
Alice the Camel	駱駝 Alice	proper	yes	npc
Alice's Farming Shop	Alice 的農耕店	common	no	shop
Alice's husband	Alice 的丈夫	proper	yes	npc
All Fired Up	全力以赴	proper	yes	quest
Allmarshes	全沼澤	proper	yes	npc
Almera	阿爾梅拉	proper	yes	npc
Alomone	阿洛蒙	proper	yes	npc
Alpha1beta	Alpha1beta	proper	yes	npc
Alran	Alran	proper	yes	npc
Alrena	阿爾蕾娜	proper	yes	npc
Alrik	阿爾里克	proper	yes	npc
Aluft Gianne snr.	Aluft Gianne 資深	proper	yes	npc
Aluft aloft box	Aluft 高空箱	common	no	item
Alviss	阿爾維斯	proper	yes	npc
Amaethwr	阿馬埃斯瓦	proper	yes	npc
Amaethwyr	阿瑪埃威爾	proper	yes	npc
Ambassador Alvijar	大使 阿爾維亞	proper	yes	npc
Ambassador Ferrnook	大使 費恩努克	proper	yes	npc
Ambassador Gimblewap	大使 金布爾瓦普	proper	yes	npc
Ambassador Spanfipple	大使 斯潘菲普	proper	yes	npc
Ambush scroll	伏擊卷軸	common	no	item
Amik	阿米克	proper	yes	namebi
Ammo mould	彈藥模具	common	no	item
Ammonium nitrate	硝酸銨	common	no	item
Amulet mould	護身符模具	common	no	item
Amulet of Nature	自然護身符	proper	yes	npc
Amulet of accuracy	精準護身符	common	no	item
Amulet of defence	防禦護身符	common	no	item
Amulet of doomion	杜米恩護身符	common	no	item
Amulet of farming(1)	農耕護身符(1)	common	no	item
Amulet of farming(2)	農耕護身符(2)	common	no	item
Amulet of farming(3)	農耕護身符(3)	common	no	item
Amulet of farming(4)	農耕護身符(4)	common	no	item
Amulet of farming(5)	農耕護身符(5)	common	no	item
Amulet of farming(6)	農耕護身符(6)	common	no	item
Amulet of farming(7)	農耕護身符(7)	common	no	item
Amulet of farming(8)	農耕護身符(8)	common	no	item
Amulet of fury	憤怒護身符	common	no	item
Amulet of glory	光輝護身符	common	no	item
Amulet of glory(1)	光輝護身符(1)	common	no	item
Amulet of glory(2)	光輝護身符(2)	common	no	item
Amulet of glory(3)	光輝護身符(3)	common	no	item
Amulet of glory(4)	光輝護身符(4)	common	no	item
Amulet of glory(t)	光輝護身符(t)	common	no	item
Amulet of glory(t1)	光輝護身符(t1)	common	no	item
Amulet of glory(t2)	光輝護身符(t2)	common	no	item
Amulet of glory(t3)	光輝護身符(t3)	common	no	item
Amulet of glory(t4)	光輝護身符(t4)	common	no	item
Amulet of holthion	霍爾西恩護身符	common	no	item
Amulet of magic	魔法護身符	common	no	item
Amulet of magic(t)	魔法護身符(t)	common	no	item
Amulet of nature	自然護身符	common	no	item
Amulet of othanian	奧薩尼亞護身符	common	no	item
Amulet of power	威力護身符	common	no	item
Amulet of strength	力量護身符	common	no	item
An empty box	空箱子	common	no	item
An empty folder	空夾層	common	no	item
An old Dwarf	一位老矮人	proper	yes	npc
Ana	安娜	proper	yes	npc
Ana in a barrel	木桶裡的 Ana	common	no	item
Ancestral key	祖先鑰匙	proper	yes	item
Anchovies	鯷魚	common	no	item
Anchovy oil	鯷魚油	common	no	item
Anchovy paste	鯷魚黏合劑	common	no	item
Anchovy pizza	鯷魚比薩	common	no	item
Ancient Blueprints	古代藍圖	proper	yes	item
Ancient book	古老書籍	proper	yes	item
Ancient coin	古代錢幣	proper	yes	item
Ancient mace	古老錘	proper	yes	item
Ancient monkey	古老的猴子	proper	yes	npc
Ancient page	古老頁面	proper	yes	item
Ancient staff	古老法杖	proper	yes	item
Ancient symbol	古代符號	proper	yes	item
Ancient talisman	古老護身符	proper	yes	item
Andiess Juip	Andiess Juip	proper	yes	npc
Anger battleaxe	憤怒戰斧	common	no	item
Anger mace	憤怒槌	common	no	item
Anger spear	憤怒長矛	common	no	item
Anger sword	憤怒之劍	common	no	item
Angry barbarian spirit	憤怒的野蠻人靈魂	proper	yes	npc
Angry bear	憤怒的熊	proper	yes	npc
Angry giant rat	憤怒的巨型老鼠	proper	yes	npc
Angry goblin	憤怒的哥布林	proper	yes	npc
Angry juvinate	生氣的 Juvinate	proper	yes	npc
Angry unicorn	憤怒的獨角獸	proper	yes	npc
Angry vampyre	憤怒的吸血鬼	proper	yes	npc
Animal Magnetism	動物磁鐵	proper	yes	namebi
Animal skull	動物頭骨	common	no	item
Animals' bones	動物的骨頭	common	no	item
Animate rock scroll	活化岩石卷軸	common	no	item
Animated Adamant Armour	活化精鋼護甲	proper	yes	npc
Animated Black Armour	活化黑鎧甲	proper	yes	npc
Animated Bronze Armour	活化青銅鎧甲	proper	yes	npc
Animated Iron Armour	活化鐵鎧甲	proper	yes	npc
Animated Mithril Armour	活化秘銀鎧甲	proper	yes	npc
Animated Rune Armour	活化符文鎧甲	proper	yes	npc
Animated Steel Armour	活化鋼鎧甲	proper	yes	npc
Animated spade	活化鏟子	proper	yes	npc
Animated steel armour	活化鋼鎧甲	proper	yes	npc
Anita	安妮塔	proper	yes	npc
Anja	安雅	proper	yes	npc
Ankou	安庫	proper	yes	npc
Anleif	安萊夫	proper	yes	npc
Anna	安娜	proper	yes	npc
Anna Jones	安娜·瓊斯	proper	yes	npc
Anna's print	安娜的足跡	common	no	item
Anne Isaakson	Anne Isaakson	proper	yes	npc
Annoyed guardian mummy	惱怒的守衛木乃伊	proper	yes	npc
Another Slice of H.A.M	又一片 H.A.M	proper	yes	quest
Anti-dragon shield	抗龍盾	common	no	item
Anti-p supermix(1)	反祈禱超級混合(1)	common	no	item
Anti-p supermix(2)	反祈禱超級混合(2)	common	no	item
Antidote+ mix(1)	解毒劑+ 混合(1)	common	no	item
Antidote+ mix(2)	解毒劑+ 混合(2)	common	no	item
Antifire mix(1)	抗火 混合(1)	common	no	item
Antifire mix(2)	抗火 混合(2)	common	no	item
Antifire potion(1)	抗火藥水(1)	common	no	item
Antifire potion(2)	抗火藥水(2)	common	no	item
Antifire potion(3)	抗火藥水(3)	common	no	item
Antifire potion(4)	抗火藥水(4)	common	no	item
Antipoison mix(1)	解毒混合(1)	common	no	item
Antipoison mix(2)	解毒混合(2)	common	no	item
Antipoison(1)	解毒劑(1)	common	no	item
Antipoison(2)	解毒劑(2)	common	no	item
Antipoison(3)	解毒劑(3)	common	no	item
Antipoison(4)	解毒藥水(4)	common	no	item
Antipoison+(1)	解毒劑+(1)	common	no	item
Antipoison+(2)	解毒劑+(2)	common	no	item
Antipoison+(3)	解毒劑+(3)	common	no	item
Antipoison+(4)	解毒劑+(4)	common	no	item
Antipoison++(1)	解毒劑++(1)	common	no	item
Antipoison++(2)	解毒劑++(2)	common	no	item
Antipoison++(3)	解毒劑++(3)	common	no	item
Antipoison++(4)	解毒劑++(4)	common	no	item
Antique lamp	古董燈	common	no	item
Antlers	角	common	no	item
Antlers (charged)	角 (已充能)	common	no	item
Anton	安東	proper	yes	npc
Ape Atoll	猿猴環礁	proper	yes	namebi
Apmeken	Apmeken	proper	yes	npc
Apothecary	藥劑師	proper	yes	npc
Apple barrel	蘋果木桶	common	no	item
Apple mush	蘋果泥	common	no	item
Apple pie	蘋果派	common	no	item
Apple sapling	蘋果小樹	common	no	item
Apple seedling	蘋果幼苗	common	no	item
Apple tree seed	蘋果樹木種子	common	no	item
Apples(1)	蘋果(1)	common	no	item
Apples(2)	蘋果(2)	common	no	item
Apples(3)	蘋果(3)	common	no	item
Apples(4)	蘋果(4)	common	no	item
Apples(5)	蘋果(5)	common	no	item
Apprentice	學徒	proper	yes	npc
Apprentice wand	學徒魔杖	common	no	item
Apprentice workman	學徒工	proper	yes	npc
Arcane sigil	神秘符印	proper	yes	item
Arcane spirit shield	神秘靈魂盾牌	proper	yes	item
Arcenia root	Arcenia 根	common	no	item
Archaeological expert	考古專家	proper	yes	npc
Archaeologist	考古學家	proper	yes	npc
Archer	弓箭手	common	no	npc
Archer helm	弓箭手頭盔	common	no	item
Archer helm (charged)	弓箭手頭盔 (充能)	common	no	item
Archer helm (e)	弓箭手頭盔 (e)	common	no	item
Archers ring	弓箭手戒指	common	no	item
Archery ticket	射箭門票	common	no	item
Arctic Pine	北極松	proper	yes	npc
Arctic bear	北極熊	proper	yes	npc
Arctic bear pouch	北極熊袋	common	no	item
Arctic blast scroll	極地爆裂卷軸	common	no	item
Arctic pine logs	北極松原木	common	no	item
Arctic pyre logs	北極柴堆原木	common	no	item
Ardougne	阿爾多內	proper	yes	glossary
Ardougne Baker's Stall	阿爾多內烘焙師攤位	common	no	shop
Ardougne Fur Stall	阿爾多內皮毛攤位	common	no	shop
Ardougne Gem Stall	阿爾多內寶石攤位	common	no	shop
Ardougne Silver Stall	阿爾多內銀飾攤位	common	no	shop
Ardougne Spice Stall	阿爾多內香料攤位	common	no	shop
Ardougne teleport	阿爾多內傳送	common	no	item
Ardrigal mixture	Ardrigal 混合物	common	no	item
Arena book	競技場書籍	common	no	item
Arhein	阿海恩	proper	yes	npc
Arhein's Store	阿海恩商店	common	no	shop
Arianwyn	艾瑞恩溫	proper	yes	npc
Aris Maye	艾瑞斯·梅伊	proper	yes	namebi
Aristarchus	阿里斯塔克斯	proper	yes	npc
Armadyl	阿瑪迪爾	proper	yes	namebi
Armadyl chestplate	Armadyl 胸甲	proper	yes	item
Armadyl communiqu?	Armadyl 通訊？	proper	yes	item
Armadyl godsword	阿瑪迪爾神劍	proper	yes	item
Armadyl helmet	Armadyl 頭盔	proper	yes	item
Armadyl helmet (charged)	Armadyl 頭盔 (充能)	proper	yes	item
Armadyl helmet (e)	Armadyl 頭盔 (e)	proper	yes	item
Armadyl hilt	阿瑪迪爾劍柄	proper	yes	item
Armadyl pendant	阿瑪迪爾吊墜	proper	yes	item
Armadyl plateskirt	Armadyl 板裙	proper	yes	item
Armadyl symbol	阿瑪迪爾符號	proper	yes	npc
Armillary sphere	渾天儀	common	no	item
Armod	阿莫德	proper	yes	npc
Armour & Supplies	護甲與補給品	common	no	shop
Armour Shop	護甲店	common	no	shop
Armour salesman	護甲商人	proper	yes	npc
Armour shard	護甲碎片	common	no	item
Armoured zombie	裝甲殭屍	proper	yes	npc
Arms	手臂	common	no	item
Army Commander	軍隊指揮官	proper	yes	npc
Arnold Lydspor	阿諾德·利德斯波	proper	yes	npc
Arnold's Eclectic Supplies	Arnold 的各式用品	common	no	shop
Arnor	阿諾	proper	yes	npc
Arrav	阿拉夫	proper	yes	npc
Arrg	Arrg	proper	yes	npc
Arrow shaft	箭桿	common	no	item
Arrows (class 1)	箭矢 (等級 1)	common	no	item
Arrows (class 2)	箭矢 (等級 2)	common	no	item
Arrows (class 3)	箭矢 (等級 3)	common	no	item
Arrows (class 4)	箭矢 (等級 4)	common	no	item
Arrows (class 5)	箭矢 (等級 5)	common	no	item
Art Critic Jacques	藝術評論家 賈克	proper	yes	npc
Artefact	古物	common	no	item
Artefact receipt	古物收據	common	no	item
Arthur	亞瑟	proper	yes	npc
Arthur portrait	亞瑟肖像	common	no	item
Arvel	阿維爾	proper	yes	npc
Arzinian Avatar of Magic	Arzinian 魔法化身	proper	yes	npc
Arzinian Avatar of Ranging	Arzinian 遠程化身	proper	yes	npc
Arzinian Avatar of Strength	Arzinian 力量化身	proper	yes	npc
Arzinian Being of Bordanzan	Bordanzan 的 Arzinian 生靈	proper	yes	npc
As a First Resort...	作為最後手段...	proper	yes	quest
Asgarnia	阿斯加尼亞	proper	yes	namebi
Asgarnian ale	阿斯加尼亞麥酒	common	no	item
Asgarnian ale(1)	阿斯加尼亞麥酒(1)	common	no	item
Asgarnian ale(2)	阿斯加尼亞麥酒(2)	common	no	item
Asgarnian ale(3)	阿斯加尼亞麥酒(3)	common	no	item
Asgarnian ale(4)	阿斯加尼亞麥酒(4)	common	no	item
Asgarnian ale(m)	阿斯加尼亞麥酒(m)	common	no	item
Asgarnian ale(m1)	阿斯加尼亞麥酒(m1)	common	no	item
Asgarnian ale(m2)	阿斯加尼亞麥酒(m2)	common	no	item
Asgarnian ale(m3)	阿斯加尼亞麥酒(m3)	common	no	item
Asgarnian ale(m4)	阿斯加尼亞麥酒(m4)	common	no	item
Asgarnian hops	阿斯加尼亞霍普斯	common	no	item
Asgarnian seed	阿斯加尼亞種子	common	no	item
Asgoldian ale	阿斯高德艾爾啤酒	common	no	item
Ash	灰燼	proper	yes	npc
Ash potion(unf)	灰燼藥水(未製成)	common	no	item
Ashes	灰燼	common	no	item
Ashild	阿希爾德	proper	yes	npc
Askeladden	阿斯凱拉登	proper	yes	npc
Asleif's necklace	Asleif 的項鍊	common	no	item
Assassin	刺客	proper	yes	npc
Assassin10	刺客10	proper	yes	npc
Assistant	助手	proper	yes	npc
Assistant Brock	助手布洛克	proper	yes	npc
Assistant Le Smith	助手萊史密斯	proper	yes	npc
Assistant Marrow	助手瑪羅	proper	yes	npc
Assistant Serf	助手農奴	proper	yes	npc
Assistant Stan	助手史丹	proper	yes	npc
Assistant archaeologist Kerner	助手考古學家 Kerner	proper	yes	npc
Astral altar teleport	星界祭壇傳送	common	no	item
Astral rune	星界符文	common	no	item
Astral rune shards	星界符文碎片	common	no	item
Astral tiara	星界冠冕	common	no	item
Astronomy book	天文學書	common	no	item
Asyn Shade	Asyn 幽魂	proper	yes	npc
Asyn Shadow	Asyn 影子	proper	yes	npc
Asyn remains	Asyn 的殘骸	common	no	item
Asyn shadow	Asyn 影子	proper	yes	npc
Attack	攻擊	common	no	glossary
Attack cape	攻擊斗篷	common	no	item
Attack cape(t)	攻擊斗篷(t)	common	no	item
Attack hood	攻擊兜帽	common	no	item
Attack mix(1)	攻擊混合(1)	common	no	item
Attack mix(2)	攻擊混合(2)	common	no	item
Attack potion(1)	攻擊藥水(1)	common	no	item
Attack potion(2)	攻擊藥水(2)	common	no	item
Attack potion(3)	攻擊藥水(3)	common	no	item
Attack potion(4)	攻擊藥水(4)	common	no	item
Attacker horn	攻擊者號角	common	no	item
Aubury	奧伯里	proper	yes	npc
Aubury's Rune Shop	奧伯里的符文商店	common	no	shop
Audience	觀眾	proper	yes	npc
Audmann	奧德曼	proper	yes	npc
Auguste	奧古斯特	proper	yes	npc
Auguste's sapling	奧古斯特的樹苗	common	no	item
Aurel	Aurel	proper	yes	npc
Aurel's Supplies	Aurel 的物資	common	no	shop
Austri	奧斯特里	proper	yes	npc
Authentic Throwing Weapons	正宗投擲武器	common	no	shop
Autumn Elemental	秋季元素	proper	yes	npc
Autumn sq'irk	秋季 Sq'irk	common	no	item
Autumn sq'irkjuice	秋季 Sq'irk 果汁	common	no	item
Ava	艾娃	proper	yes	npc
Ava's Odds and Ends	Ava 的雜物	common	no	shop
Ava's accumulator	Ava 的累積器	common	no	item
Ava's attractor	Ava 的吸引器	common	no	item
Avan	艾凡	proper	yes	namebi
Avan Fitzharmon	艾凡·費茲哈蒙	proper	yes	namebi
Avantoe gloves	Ava手套	common	no	item
Avantoe potion(unf)	阿凡托藥水(未製成)	common	no	item
Avantoe seed	Avantoe 種子	common	no	item
Aviansie	艾維安西	proper	yes	npc
Avocado tree seedling	酪梨樹幼苗	common	no	item
Awful anthem	糟糕的頌歌	common	no	item
Awowogei	阿沃沃蓋	proper	yes	npc
Awusah the Mayor	市長 Awusah	proper	yes	npc
Axe head	斧頭頭部	common	no	item
Axeman's folly	伐木工的愚行	common	no	item
Axeman's folly(1)	伐木工的愚行(1)	common	no	item
Axeman's folly(2)	伐木工的愚行(2)	common	no	item
Axeman's folly(3)	伐木工的愚行(3)	common	no	item
Axeman's folly(4)	伐木工的愚行(4)	common	no	item
Axeman's folly(m)	伐木工的愚行(m)	common	no	item
Axeman's folly(m1)	伐木工的愚行(m1)	common	no	item
Axeman's folly(m2)	伐木工的愚行(m2)	common	no	item
Axeman's folly(m3)	伐木工的愚行(m3)	common	no	item
Axeman's folly(m4)	伐木工的愚行(m4)	common	no	item
Axit	阿克希特	proper	yes	namebi
Azzanadra	阿扎納德拉	proper	yes	npc
Baba Yaga	巴巴雅加	proper	yes	npc
Baba Yaga's Magic Shop	巴巴雅加的魔法商店	common	no	shop
Babe	貝比	proper	yes	npc
Baby Impling	幼年小惡魔	proper	yes	npc
Baby Impling Puro	幼年小惡魔 Puro	proper	yes	npc
Baby Mole	小鼴鼠	proper	yes	npc
Baby Raccoon	小浣熊	proper	yes	npc
Baby Roc	幼年羅克鳥	proper	yes	npc
Baby Sarah	嬰兒 Sarah	proper	yes	npc
Baby black dragon	幼年黑龍	proper	yes	npc
Baby blue dragon	幼年藍龍	proper	yes	npc
Baby chameleon	小變色龍	proper	yes	npc
Baby dragon	幼龍	proper	yes	npc
Baby dragon bone	幼龍骨頭	common	no	item
Baby gecko	小壁虎	proper	yes	npc
Baby giant crab	小巨人螃蟹	proper	yes	npc
Baby icefiend	小冰魔	proper	yes	npc
Baby impling	幼年小惡魔	proper	yes	npc
Baby impling jar	Baby impling jar 幼年小惡魔罐	common	no	item
Baby monkey	小猴子	proper	yes	npc
Baby penguin	幼年企鵝	proper	yes	npc
Baby platypus	幼年鴨嘴獸	proper	yes	npc
Baby raccoon	小浣熊	proper	yes	npc
Baby red dragon	幼年紅龍	proper	yes	npc
Baby squirrel	小松鼠	proper	yes	npc
Baby tanglefoot	幼小的坦格爾富特	proper	yes	npc
Babydragon bones	幼龍骨頭	common	no	item
Back to my Roots	回到我的根源	proper	yes	quest
Badgerfreak	獾怪人	proper	yes	npc
Bag of runes	符文袋	common	no	item
Bag of salt	一袋鹽	common	no	item
Bagged bluebells	袋裝藍鈴花	common	no	item
Bagged daffodils	袋裝水仙花	common	no	item
Bagged dead tree	袋裝枯死的樹木	common	no	item
Bagged magic tree	袋裝魔法樹木	common	no	item
Bagged maple tree	袋裝楓木樹木	common	no	item
Bagged marigolds	袋裝金盞花	common	no	item
Bagged nice tree	袋裝漂亮的樹木	common	no	item
Bagged oak tree	袋裝橡樹	common	no	item
Bagged plant 1	袋裝植物 1	common	no	item
Bagged plant 2	袋裝植物 2	common	no	item
Bagged plant 3	袋裝植物 3	common	no	item
Bagged rosemary	袋裝迷迭香	common	no	item
Bagged roses	袋裝玫瑰	common	no	item
Bagged sunflower	袋裝向日葵	common	no	item
Bagged willow tree	袋裝柳樹	common	no	item
Bagged yew tree	袋裝紫杉木	common	no	item
Baguette	法式長棍麵包	common	no	item
Bailey	貝利	proper	yes	npc
Bailing bucket	舀水桶	common	no	item
Baked potato	烤馬鈴薯	common	no	item
Baker	烘焙師	proper	yes	npc
Balance Elemental	平衡元素	proper	yes	npc
Balando	巴蘭多	proper	yes	namebi
Bald Headed Eagle	禿頭鷹	proper	yes	npc
Balfrug Kreeyath	巴爾弗魯格·克雷亞斯	proper	yes	npc
Ball	球	common	no	item
Ball of wool	羊毛球	common	no	item
Ballad	民謠	common	no	item
Balloon Animal	氣球動物	proper	yes	npc
Balloon Toad	氣球蟾蜍	proper	yes	npc
Balloon structure	氣球結構	common	no	item
Balloon toad	氣球蟾蜍	common	no	item
Balls (level 10 approx.)	球 (約 10 級)	common	no	item
Balnea	Balnea	proper	yes	npc
Banana	香蕉	common	no	item
Banana sapling	香蕉小樹	common	no	item
Banana seedling	香蕉幼苗	common	no	item
Banana stew	香蕉燉菜	common	no	item
Banana tree seed	香蕉樹木種子	common	no	item
Bananas(1)	香蕉(1)	common	no	item
Bananas(2)	香蕉(2)	common	no	item
Bananas(3)	香蕉(3)	common	no	item
Bananas(4)	香蕉(4)	common	no	item
Bananas(5)	香蕉(5)	common	no	item
Bandages	繃帶	common	no	item
Bandana	頭巾	common	no	item
Bandana and eyepatch	頭巾與眼罩	common	no	item
Bandana and eyepatches	頭巾與眼罩	common	no	item
Bandit	強盜	proper	yes	npc
Bandit Bargains	強盜特惠	common	no	shop
Bandit Duty Free	強盜免稅店	common	no	shop
Bandit Leader	強盜頭目	proper	yes	npc
Bandit champion	強盜鬥士	proper	yes	npc
Bandit shopkeeper	強盜店主	proper	yes	npc
Bandit's brew	強盜釀造劑	common	no	item
Bandos	班多斯	proper	yes	namebi
Bandos boots	Bandos 靴子	proper	yes	item
Bandos chestplate	Bandos 胸甲	proper	yes	item
Bandos godsword	班多斯神劍	proper	yes	item
Bandos hilt	Bandos 劍柄	proper	yes	item
Bandos symbol	班多斯符號	proper	yes	npc
Bandos tassets	Bandos 護腿	proper	yes	item
Bank Tutor	銀行導師	proper	yes	npc
Bank guard	銀行守衛	proper	yes	npc
Banker	銀行家	proper	yes	npc
Banner	旗幟	common	no	item
Banshee	女妖	proper	yes	npc
Banshee mistress	女妖女主人	proper	yes	npc
Banshee voice	女妖之聲	common	no	item
Bar magnet	條形磁鐵	common	no	item
Baraek	巴萊克	proper	yes	npc
Barb bolttips	蠻族弩箭頭	common	no	item
Barb-tail harpoon	刺尾魚叉	common	no	item
Barb-tailed kebbit	鬃尾克比特	proper	yes	npc
Barbarian	野蠻人	common	no	npc
Barbarian Snowman	野蠻人雪人	proper	yes	npc
Barbarian guard	野蠻人守衛	proper	yes	npc
Barbarian rod	野蠻人長桿	common	no	item
Barbarian skills	野蠻人技能	common	no	item
Barbarian snowman hat	野蠻人雪人帽子	common	no	item
Barbed bolts	倒鉤弩箭	common	no	item
Barcrawl card	酒吧巡禮卡	common	no	item
Bardur	巴杜爾	proper	yes	npc
Barfy Bill	嘔吐比爾	proper	yes	npc
Barge foreman	駁船工頭	proper	yes	npc
Barge workman	駁船工人	proper	yes	npc
Bark	樹皮	common	no	item
Bark Blamish Snail	樹皮布拉米什蝸牛	proper	yes	npc
Bark sample	樹皮樣本	common	no	item
Barker	巴克	proper	yes	npc
Barker toad	巴克蟾蜍	proper	yes	npc
Barker toad pouch	巴克蟾蜍袋	common	no	item
Barker's Haberdashery	巴克的小物雜貨店	common	no	shop
Barlak	巴拉克	proper	yes	npc
Barley	大麥	common	no	item
Barley malt	大麥麥芽	common	no	item
Barley seed	大麥種子	common	no	item
Barmaid	女侍應生	proper	yes	npc
Barman	酒吧侍者	proper	yes	npc
Barnabus Hurma	巴納巴斯·胡瑪	proper	yes	npc
Barrel	木桶	proper	yes	npc
Barrel bomb	木桶炸彈	common	no	item
Barrel of coal-tar	一桶煤焦油	common	no	item
Barrel of naphtha	一桶萘	common	no	item
Barrelchest	桶胸	proper	yes	npc
Barrelchest anchor	桶胸錨	common	no	item
Barricade	路障	proper	yes	npc
Barricade guard	路障守衛	proper	yes	npc
Barrier (class 1)	屏障 (等級 1)	common	no	item
Barrier (class 2)	屏障 (等級 2)	common	no	item
Barrier (class 3)	屏障 (等級 3)	common	no	item
Barrier (class 4)	屏障 (等級 4)	common	no	item
Barrier (class 5)	屏障 (等級 5)	common	no	item
Barrows - ahrim's set	巴羅斯 - 艾瑞姆套裝	common	no	item
Barrows - dharok's set	巴羅斯 - 達洛克套裝	common	no	item
Barrows - guthan's set	巴羅斯 - 古坦套裝	common	no	item
Barrows - karil's set	巴羅斯 - 卡里爾套裝	common	no	item
Barrows - torag's set	巴羅斯 - 托拉格套裝	common	no	item
Barrows - verac's set	巴羅斯 - 薇拉克套裝	common	no	item
Bartak	巴塔克	proper	yes	npc
Bartender	調酒師	proper	yes	npc
Base schematics	基礎設計圖	common	no	item
Basilisk	巴西利斯克	proper	yes	npc
Basilisk bone	巴西利斯克骨頭	common	no	item
Basilisk boss	巴西利斯克頭目	proper	yes	npc
Basilisk head	巴西利斯克頭部	common	no	item
Basket	籃子	common	no	item
Basket of eggs	一籃蛋	common	no	item
Bass	鱸魚	common	no	item
Bat	蝙蝠	proper	yes	npc
Bat bones	蝙蝠骨頭	common	no	item
Bat mask	蝙蝠面具	common	no	item
Bat shish	蝙蝠肉串	common	no	item
Bat wing	蝙蝠翅膀	common	no	item
Batta tin	Batta 罐頭	common	no	item
Battered book	破舊的書籍	common	no	item
Battered key	破舊的鑰匙	common	no	item
Battered tome	破舊的卷軸	common	no	item
Battle Runes	戰鬥符文	common	no	shop
Battle hood 0	戰鬥頭盔 0	common	no	item
Battle hood 100	戰鬥頭盔 100	common	no	item
Battle hood 20	戰鬥頭盔 20	common	no	item
Battle hood 40	戰鬥頭盔 40	common	no	item
Battle hood 60	戰鬥頭盔 60	common	no	item
Battle hood 80	戰鬥頭盔 80	common	no	item
Battle mage	戰鬥法師	proper	yes	npc
Battle robe bottom 0	戰鬥長袍下裝 0	common	no	item
Battle robe bottom 100	戰鬥長袍下裝 100	common	no	item
Battle robe bottom 20	戰鬥長袍下裝 20	common	no	item
Battle robe bottom 40	戰鬥長袍下裝 40	common	no	item
Battle robe bottom 60	戰鬥長袍下裝 60	common	no	item
Battle robe bottom 80	戰鬥長袍下裝 80	common	no	item
Battle robe top 0	戰鬥長袍上衣 0	common	no	item
Battle robe top 100	戰鬥長袍上衣 100	common	no	item
Battle robe top 20	戰鬥長袍上衣 20	common	no	item
Battle robe top 40	戰鬥長袍上衣 40	common	no	item
Battle robe top 60	戰鬥長袍上衣 60	common	no	item
Battle robe top 80	戰鬥長袍上衣 80	common	no	item
Battle tortoise display	戰鬥烏龜展示	proper	yes	npc
Battlestaff	戰鬥法杖	common	no	item
Bauble box	飾品盒	common	no	item
Baxtorian	巴克斯托里亞	proper	yes	namebi
Beacon ring	信標戒指	common	no	item
Beads of the dead	亡者珠子	common	no	item
Beam	樑	common	no	item
Bear Cub	小熊	proper	yes	npc
Bear fur	熊皮	common	no	item
Bear ribs	熊肋骨	common	no	item
Bearded gorilla	有鬍鬚的大猩猩	proper	yes	npc
Bearhead	Bearhead	common	no	item
Beaten book	被打爛的書籍	common	no	item
Beaver	海狸	proper	yes	npc
Beaver pouch	海狸袋	common	no	item
Bebadin Village Bartering	Bebadin 村莊物物交換	common	no	shop
Bed	床	proper	yes	npc
Bedabin	貝達賓	proper	yes	namebi
Bedabin Nomad	Bedabin 遊牧民	proper	yes	npc
Bedabin Nomad Fighter	Bedabin 遊牧民戰士	proper	yes	npc
Bedabin Nomad Guard	Bedabin 遊牧民守衛	proper	yes	npc
Bedabin key	Bedabin 鑰匙	common	no	item
Bedread the bold	勇敢的 Bedread	proper	yes	npc
Bedsheet	床單	common	no	item
Bee keeper	養蜂人	proper	yes	npc
Beer	啤酒	common	no	item
Beer barrel	啤酒木桶	common	no	item
Beer glass	啤酒杯	common	no	item
Beer-soaked hand	浸透啤酒的手	common	no	item
Bees!	蜜蜂！	proper	yes	npc
Beetle bits	甲蟲碎片	common	no	item
Beggar	乞丐	proper	yes	npc
Beginner wand	初學者魔杖	common	no	item
Beigarth	貝加斯	proper	yes	npc
Beite	貝特	proper	yes	npc
Bell bauble	鈴鐺飾品	common	no	item
Bell jar	鐘形玻璃罩	common	no	item
Belladonna seed	貝拉多娜種子	common	no	item
Bellemorde	貝勒莫德	proper	yes	npc
Belt buckle	皮帶扣	common	no	item
Bench	長凳	proper	yes	npc
Benjamin	本傑明	proper	yes	npc
Benny	班尼	proper	yes	npc
Bentamir	本塔米爾	proper	yes	npc
Bentnoze	本特諾斯	proper	yes	namebi
Beret and mask	貝雷帽與面具	common	no	item
Beret mask	貝雷帽面具	common	no	item
Bernald	伯納德	proper	yes	npc
Berry	莓果	proper	yes	npc
Berrybree	莓果布里	proper	yes	npc
Berserk barbarian spirit	狂暴的野蠻人靈魂	proper	yes	npc
Berserker helm	狂戰士頭盔	proper	yes	item
Berserker helm (charged)	狂戰士頭盔 (充能)	proper	yes	item
Berserker helm (e)	狂戰士頭盔 (e)	proper	yes	item
Berserker necklace	狂戰士項鍊	proper	yes	item
Berserker ring	狂戰士戒指	proper	yes	item
Bert	伯特	proper	yes	npc
Bert's rota	伯特的輪班表	common	no	item
Bervirius notes	Bervirius 筆記	common	no	item
Betty	貝蒂	proper	yes	npc
Betty's Magic Emporium	貝蒂的魔法商行	common	no	shop
Betty's wand	貝蒂的魔杖	common	no	item
Between a Rock...	在岩石之間...	proper	yes	quest
Big Chompy Bird Hunting	大型嚼嚼鳥狩獵	proper	yes	quest
Big Dave	大戴夫	proper	yes	npc
Big Snake	大蛇	proper	yes	npc
Big Wolf	大狼	proper	yes	npc
Big bass	大鱸魚	common	no	item
Big bones	大骨頭	common	no	item
Big book of bangs	爆炸大百科	common	no	item
Big fish	大魚	proper	yes	npc
Big fishing net	大型釣魚網	common	no	item
Big frog	大青蛙	proper	yes	npc
Big frog leg	大青蛙腿	common	no	item
Big monolith	巨大單體石柱	proper	yes	npc
Big shark	大鯊魚	common	no	item
Big swordfish	大劍魚	common	no	item
Big wolf	大狼	proper	yes	npc
Bigbluebox	大藍箱	proper	yes	npc
Bigface Oz	Bigface Oz	proper	yes	npc
Biggleswade	比格斯韋德	proper	yes	npc
Bill Teach	比爾·蒂奇	proper	yes	npc
Bill teach's mark	比爾·蒂奇的印記	common	no	item
Billy	比利	proper	yes	npc
Billy Goat	比利山羊	proper	yes	npc
Billy Rehnison	比利·雷尼森	proper	yes	npc
Billy, a guard of Falador	比利，法魯多的守衛	proper	yes	npc
Binding book	束縛之書	common	no	item
Binding fluid	黏合劑	common	no	item
Binding necklace	束縛項鍊	common	no	item
Biohazard	生物危害	proper	yes	quest
Bird	鳥	proper	yes	npc
Bird book	鳥書籍	common	no	item
Bird feed	鳥食	common	no	item
Bird snare	鳥類陷阱	common	no	item
Bird's egg	鳥蛋	common	no	item
Bird's nest	鳥巢	common	no	item
Bitternut	苦味草	common	no	item
Bjorn	Bjorn	proper	yes	npc
Black 2h sword	黑雙手劍	common	no	item
Black Cat	黑貓	proper	yes	npc
Black Guard	黑色守衛	proper	yes	npc
Black Guard Berserker	黑色守衛狂戰士	proper	yes	npc
Black Heather	黑石楠	proper	yes	npc
Black Knight	黑騎士	proper	yes	npc
Black Knight Captain	黑騎士隊長	proper	yes	npc
Black Knight Titan	黑騎士泰坦	proper	yes	npc
Black Knights' Fortress	黑騎士要塞	proper	yes	namebi
Black Swan	黑天鵝	proper	yes	npc
Black armour set (l)	黑鋼套裝 (l)	common	no	item
Black armour set (sk)	黑鋼套裝 (sk)	common	no	item
Black axe	黑鐵斧	common	no	item
Black balloon	黑色氣球	common	no	item
Black battleaxe	黑鐵戰斧	common	no	item
Black bead	黑色珠子	common	no	item
Black bear	黑熊	proper	yes	npc
Black beret	黑色貝雷帽	common	no	item
Black boater	黑色小船手	common	no	item
Black bolts	黑色弩箭	common	no	item
Black bolts(p)	黑色弩箭(p)	common	no	item
Black bolts(p+)	黑色弩箭(p+)	common	no	item
Black bolts(p++)	黑色弩箭(p++)	common	no	item
Black boots	黑色靴子	common	no	item
Black brutal	黑鐵野蠻人	common	no	item
Black candle	黑色蠟燭	common	no	item
Black cane	黑色手杖	common	no	item
Black cavalier	黑色騎士帽	common	no	item
Black chainbody	黑色鎖甲	common	no	item
Black claws	黑爪	common	no	item
Black cog	黑色齒輪	common	no	item
Black crossbow	黑色十字弩	common	no	item
Black d'hide body	黑色龍皮衣	common	no	item
Black d'hide chaps	黑色龍皮護腿	common	no	item
Black d'hide coif 0	黑色龍皮鎖子甲頭罩 0	common	no	item
Black d'hide coif 100	黑色龍皮鎖子甲頭罩 100	common	no	item
Black d'hide coif 20	黑色龍皮鎖子甲頭罩 20	common	no	item
Black d'hide coif 40	黑色龍皮鎖子甲頭罩 40	common	no	item
Black d'hide coif 60	黑色龍皮鎖子甲頭罩 60	common	no	item
Black d'hide coif 80	黑色龍皮鎖子甲頭罩 80	common	no	item
Black d'hide vamb	黑色龍皮護腕	common	no	item
Black d-leather	黑色龍皮革	common	no	item
Black dagger	黑色匕首	common	no	item
Black dagger(p)	黑色匕首(p)	common	no	item
Black dagger(p+)	黑色匕首(p+)	common	no	item
Black dagger(p++)	黑色匕首(p++)	common	no	item
Black dart	黑色飛鏢	common	no	item
Black dart(p)	黑色飛鏢(p)	common	no	item
Black dart(p+)	黑色飛鏢(p+)	common	no	item
Black dart(p++)	黑色飛鏢(p++)	common	no	item
Black defender	黑曜石防禦者	common	no	item
Black demon	黑色惡魔	proper	yes	npc
Black desert robe	黑色沙漠長袍	common	no	item
Black desert shirt	黑色沙漠襯衫	common	no	item
Black destabiliser	黑色穩定器	common	no	item
Black dragon	黑龍	proper	yes	npc
Black dragon egg	黑龍蛋	common	no	item
Black dragonhide	黑龍皮	common	no	item
Black dragonhide set	黑龍皮套裝	common	no	item
Black ele' legs	黑色元素腿部	common	no	item
Black ele' shirt	黑色元素襯衫	common	no	item
Black full helm	黑色全罩頭盔	common	no	item
Black full helm(g)	黑色全罩頭盔 (g)	common	no	item
Black full helm(t)	黑色全罩頭盔 (t)	common	no	item
Black gauntlets	黑手套	common	no	item
Black goblin mail	黑色哥布林鎖甲	common	no	item
Black gold-trimmed armour set (l)	黑金邊飾甲套裝 (l)	common	no	item
Black gold-trimmed armour set (sk)	黑色金邊裝備套裝 (sk)	common	no	item
Black golem	黑色魔像	proper	yes	npc
Black halberd	黑戟	common	no	item
Black headband	黑色頭帶	common	no	item
Black helm (h1)	黑鐵頭盔 (h1)	common	no	item
Black helm (h2)	黑鐵頭盔 (h2)	common	no	item
Black helm (h3)	黑鐵頭盔 (h3)	common	no	item
Black helm (h4)	黑鐵頭盔 (h4)	common	no	item
Black helm (h5)	黑鐵頭盔 (h5)	common	no	item
Black key black	黑色鑰匙 黑色	common	no	item
Black key brown	黑色鑰匙 棕色	common	no	item
Black key crimson	黑色鑰匙 深紅色	common	no	item
Black key purple	黑色鑰匙 紫色	common	no	item
Black key red	黑色鑰匙 紅色	common	no	item
Black kiteshield	黑色風箏盾	common	no	item
Black kiteshield (g)	黑色風箏盾 (g)	common	no	item
Black kiteshield (t)	黑色風箏盾 (t)	common	no	item
Black knife	黑小刀	common	no	item
Black knife(p)	黑小刀(p)	common	no	item
Black knife(p+)	黑小刀(p+)	common	no	item
Black knife(p++)	黑小刀(p++)	common	no	item
Black knight	黑騎士	proper	yes	npc
Black knight helm	黑騎士頭盔	common	no	item
Black longsword	黑長劍	common	no	item
Black mace	黑釘頭錘	common	no	item
Black mask	黑色面具	common	no	item
Black mask (1)	黑色面具 (1)	common	no	item
Black mask (10)	黑色面具 (10)	common	no	item
Black mask (2)	黑色面具 (2)	common	no	item
Black mask (3)	黑色面具 (3)	common	no	item
Black mask (4)	黑色面具 (4)	common	no	item
Black mask (5)	黑色面具 (5)	common	no	item
Black mask (6)	黑色面具 (6)	common	no	item
Black mask (7)	黑色面具 (7)	common	no	item
Black mask (8)	黑色面具 (8)	common	no	item
Black mask (9)	黑色面具 (9)	common	no	item
Black med helm	黑色中型頭盔	common	no	item
Black mushroom	黑色蘑菇	common	no	item
Black mushroom ink	黑色蘑菇墨水	common	no	item
Black nails	黑釘	common	no	item
Black naval shirt	黑色海軍襯衫	common	no	item
Black navy slacks	黑色海軍長褲	common	no	item
Black platebody	黑色胸甲	common	no	item
Black platebody (g)	黑色胸甲 (g)	common	no	item
Black platebody (t)	黑色胸甲 (t)	common	no	item
Black platelegs	黑色護腿	common	no	item
Black platelegs (g)	黑色護腿 (g)	common	no	item
Black platelegs (t)	黑色護腿 (t)	common	no	item
Black plateskirt	黑色裙甲	common	no	item
Black plateskirt (g)	黑色裙甲 (g)	common	no	item
Black plateskirt (t)	黑色裙甲 (t)	common	no	item
Black prism	黑色稜鏡	common	no	item
Black robe	黑色長袍	common	no	item
Black salamander	黑色蠑螈	proper	yes	npc
Black satchel	黑色小包	common	no	item
Black scimitar	黑鐵彎刀	common	no	item
Black shield(h1)	黑色盾牌(h1)	common	no	item
Black shield(h2)	黑色盾牌(h2)	common	no	item
Black shield(h3)	黑色盾牌(h3)	common	no	item
Black shield(h4)	黑色盾牌(h4)	common	no	item
Black shield(h5)	黑色盾牌(h5)	common	no	item
Black skirt	黑色裙子	common	no	item
Black spear	黑色長矛	common	no	item
Black spear(kp)	黑色長矛(kp)	common	no	item
Black spear(p)	黑色長矛(p)	common	no	item
Black spear(p+)	黑色長矛(p+)	common	no	item
Black spear(p++)	黑色長矛(p++)	common	no	item
Black spiky vambs	黑色尖刺護腕	common	no	item
Black sq shield	黑色方盾	common	no	item
Black sword	黑劍	common	no	item
Black tricorn hat	黑色三角帽	common	no	item
Black trimmed armour set (l)	黑邊飾甲套裝 (l)	common	no	item
Black trimmed armour set (sk)	黑邊飾甲套裝 (sk)	common	no	item
Black unicorn	黑色獨角獸	proper	yes	npc
Black unicorn Foal	黑色獨角獸幼崽	proper	yes	npc
Black warhammer	黑鐵戰鎚	common	no	item
Black warlock	黑巫師	proper	yes	npc
Blackbird	黑鳥	proper	yes	npc
Blackened crystal	變黑的水晶	common	no	item
Blackjack seller	黑傑克販售者	proper	yes	npc
Blades By Urbi	Urbi 的刀刃	common	no	shop
Blaec	布萊克	proper	yes	npc
Blamish bark shell	布拉米什樹皮殼	common	no	item
Blamish blue shell	布拉米什藍殼	common	no	item
Blamish myre shell	布拉米什沼澤殼	common	no	item
Blamish ochre shell	布拉米什赭石殼	common	no	item
Blamish oil	布拉米什油	common	no	item
Blamish red shell	布拉米什紅殼	common	no	item
Blamish snail slime	布拉米什蝸牛黏液	common	no	item
Blandebir	Blandebir	proper	yes	npc
Blanin	布萊寧	proper	yes	npc
Blank air rune	空白風符文	common	no	item
Blank earth rune	空白地符文	common	no	item
Blank fire rune	空白火符文	common	no	item
Blank mind rune	空白精神符文	common	no	item
Blank water rune	空的水符文	common	no	item
Blasidar the sculptor	雕塑家布拉斯達	proper	yes	npc
Blast Furnace Foreman	高爐工頭	proper	yes	npc
Blast fusion hammer	爆裂融合鐵鎚	common	no	item
Blaze Sharpeye	烈焰銳眼	proper	yes	npc
Blessed axe	受祝福的斧頭	common	no	item
Blessed giant rat	受祝福的巨型老鼠	proper	yes	npc
Blessed gold bowl	受祝福的金碗	common	no	item
Blessed lamp	受祝福的燈	common	no	item
Blessed pot	受祝福的罐子	common	no	item
Blessed spider	受祝福的蜘蛛	proper	yes	npc
Blessed spirit shield	受祝福的靈魂盾牌	common	no	item
Blindweed	Blindweed	common	no	item
Blindweed seed	Blindweed 種子	common	no	item
Bloated Toad	腫脹蟾蜍	proper	yes	npc
Bloated leech	腫脹的蛭	proper	yes	npc
Bloated leech pouch	腫脹的蛭袋	common	no	item
Bloated toad	腫脹蟾蜍	common	no	item
Blood Blamish Snail	血色布拉米什蝸牛	proper	yes	npc
Blood altar teleport	血液祭壇傳送	common	no	item
Blood diamond	血鑽石	common	no	item
Blood drain scroll	吸血卷軸	common	no	item
Blood rune	血液符文	common	no	item
Blood talisman	血液護身符	common	no	item
Blood talisman staff	血液護身符法杖	common	no	item
Blood tiara	血液冠冕	common	no	item
Blood'n'tar snelm	血與焦油 snelm	common	no	item
Bloodveld	血魔	proper	yes	npc
Bloodworm	血蠕蟲	proper	yes	npc
Bloody mourner top	血色哀悼者上衣	common	no	item
Blue Monkey	藍色猴子	proper	yes	npc
Blue Opal Director	藍色蛋白石總監	proper	yes	npc
Blue Opal Secretary	藍色蛋白石秘書	proper	yes	npc
Blue balloon	藍色氣球	common	no	item
Blue beret	藍色貝雷帽	common	no	item
Blue boater	藍色小船手	common	no	item
Blue charm	藍色護符	common	no	item
Blue circle	藍色圓形	common	no	item
Blue cog	藍色齒輪	common	no	item
Blue crystal	藍色水晶	common	no	item
Blue d'hide blessed set	藍色 d'hide 祝福套裝	common	no	item
Blue d'hide body	藍色龍皮衣	common	no	item
Blue d'hide chaps	藍色龍皮護腿	common	no	item
Blue d'hide coif 0	藍色龍皮鎖子甲頭罩 0	common	no	item
Blue d'hide coif 100	藍色龍皮鎖子甲頭罩 100	common	no	item
Blue d'hide coif 20	藍色龍皮鎖子甲頭罩 20	common	no	item
Blue d'hide coif 40	藍色龍皮鎖子甲頭罩 40	common	no	item
Blue d'hide coif 60	藍色龍皮鎖子甲頭罩 60	common	no	item
Blue d'hide coif 80	藍色龍皮鎖子甲頭罩 80	common	no	item
Blue d'hide gold-trimmed set	藍色 d'hide 金邊套裝	common	no	item
Blue d'hide trimmed set	藍色 d'hide 邊飾套裝	common	no	item
Blue d'hide vamb	藍色龍皮護腕	common	no	item
Blue d-leather	藍色龍皮革	common	no	item
Blue destabiliser	藍色穩定器	common	no	item
Blue dragon	藍龍	proper	yes	npc
Blue dragon egg	藍龍蛋	common	no	item
Blue dragon scale	藍龍鱗片	common	no	item
Blue dragonhide	藍龍皮	common	no	item
Blue dragonhide set	藍龍皮套裝	common	no	item
Blue dye	藍色染料	common	no	item
Blue dye bellows	藍色染料風箱	common	no	item
Blue egg	藍色蛋	common	no	item
Blue ele' blouse	藍色元素上衣	common	no	item
Blue ele' legs	藍色元素腿部	common	no	item
Blue ele' shirt	藍色元素襯衫	common	no	item
Blue ele' skirt	藍色元素裙子	common	no	item
Blue feather	藍色羽毛	common	no	item
Blue firelighter	藍色點火者	common	no	item
Blue flowers	藍色花朵	common	no	item
Blue goblin mail	藍色哥布林鎖甲	common	no	item
Blue h'ween mask	藍色萬聖節面具	common	no	item
Blue hat	藍色帽子	common	no	item
Blue logs	藍色原木	common	no	item
Blue marionette	藍色傀儡	common	no	item
Blue monkey	藍色猴子	common	no	item
Blue naval shirt	藍色海軍襯衫	common	no	item
Blue navy slacks	藍色海軍長褲	common	no	item
Blue partyhat	藍色派對帽子	common	no	item
Blue pentagon	藍色五邊形	common	no	item
Blue skirt	藍色裙子	common	no	item
Blue skirt (g)	藍色裙子 (g)	common	no	item
Blue skirt (t)	藍色裙子 (t)	common	no	item
Blue spiky vambs	藍色尖刺護腕	common	no	item
Blue square	藍色正方形	common	no	item
Blue sweets	藍色糖果	common	no	item
Blue toad	藍色蟾蜍	common	no	item
Blue triangle	藍色三角形	common	no	item
Blue tricorn hat	藍色三角帽	common	no	item
Bluehairlass	藍髮少女	proper	yes	npc
Blunt axe	鈍斧	common	no	item
Blurberry	藍莓	proper	yes	npc
Blurberry Bar	藍莓酒吧	common	no	shop
Blurberry special	藍莓特調	common	no	item
Blurite bar	藍晶條	common	no	item
Blurite bolts	藍晶弩箭	common	no	item
Blurite bolts (unf)	藍晶弩箭 (未加工)	common	no	item
Blurite bolts(p)	藍晶弩箭(p)	common	no	item
Blurite bolts(p+)	藍晶弩箭(p+)	common	no	item
Blurite bolts(p++)	藍晶弩箭(p++)	common	no	item
Blurite c'bow (u)	藍晶小型弩 (u)	common	no	item
Blurite crossbow	藍光石十字弩	common	no	item
Blurite limbs	Blurite 弓肢	common	no	item
Blurite ore	藍精石礦石	common	no	item
Blurite sword	藍精石劍	common	no	item
Boat	小船	proper	yes	npc
Bob	鮑伯	proper	yes	npc
Bob Barter (herbs)	鮑伯·巴特 (草藥)	proper	yes	npc
Bob shirt	鮑伯襯衫	common	no	item
Bob's Brilliant Axes	鮑伯的精良斧頭	common	no	shop
Bob's print	鮑伯的足跡	common	no	item
Bob, another guard of Falador	鮑伯，另一名法魯多的守衛	proper	yes	npc
Bobble hat	毛球帽子	common	no	item
Bobble scarf	毛球圍巾	common	no	item
Body altar teleport	身體祭壇傳送	common	no	item
Body rune	身體符文	common	no	item
Body talisman	身體護身符	common	no	item
Body talisman staff	身體護身符法杖	common	no	item
Body tiara	身體冠冕	common	no	item
Bogrog	Bogrog	proper	yes	npc
Bogrog's Summoning Shop	Bogrog 的召喚商店	common	no	shop
Boil scroll	沸騰卷軸	common	no	item
Bolkoy	波科伊	proper	yes	npc
Bolkoy's Village Shop	波科伊村莊小店	common	no	shop
Bolongo	波隆戈	proper	yes	npc
Bolrie	Bolrie	proper	yes	npc
Bolt mould	弩箭模具	common	no	item
Bolt of cloth	布料	common	no	item
Bolt pouch	弩箭袋	common	no	item
Bolt rack	弩箭架	common	no	item
Bomber cap	轟炸機帽	common	no	item
Bomber jacket	轟炸機夾克	common	no	item
Bonafido	Bonafido	proper	yes	npc
Bone beads	骨頭珠子	common	no	item
Bone bolts	骨頭箭矢	common	no	item
Bone club	骨棒	common	no	item
Bone dagger	骨頭匕首	common	no	item
Bone dagger (p)	骨頭匕首 (p)	common	no	item
Bone dagger (p+)	骨頭匕首 (p+)	common	no	item
Bone dagger (p++)	骨頭匕首 (p++)	common	no	item
Bone in vinegar	浸醋骨頭	common	no	item
Bone key	骨頭鑰匙	common	no	item
Bone seeds	骨頭種子	common	no	item
Bone shard	骨碎片	common	no	item
Bone spear	骨矛	common	no	item
Boneguard	骸骨守衛	proper	yes	npc
Bonemeal	骨粉	common	no	item
Bones	骨頭	proper	yes	npc
Bones to bananas	將骨頭變成香蕉	common	no	item
Bones to peaches	骨頭變桃子	common	no	item
Bonesack	骨頭麻袋	common	no	item
Bonzara	邦扎拉	proper	yes	npc
Bonzo	邦佐	proper	yes	npc
Book	書籍	common	no	item
Book o' piracy	海盜書籍	common	no	item
Book of 'h.a.m	「h.a.m」書籍	common	no	item
Book of balance	平衡書籍	common	no	item
Book of folklore	民俗學書籍	common	no	item
Book of haricanto	哈里坎托書籍	common	no	item
Book of knowledge	知識書籍	common	no	item
Book of portraiture	肖像繪製書籍	common	no	item
Book on baxtorian	關於巴克斯托里亞的書	common	no	item
Book on chemicals	化學書籍	common	no	item
Book on chickens	關於雞的書籍	common	no	item
Book on costumes	服裝書籍	common	no	item
Book page	書籍頁面	common	no	item
Book page 1	書籍第 1 頁	common	no	item
Book page 2	書籍第 2 頁	common	no	item
Book page 3	書籍第 3 頁	common	no	item
Boolean	布林	proper	yes	npc
Boot	靴子	proper	yes	npc
Boots	靴子	common	no	item
Boots of lightness	輕盈靴子	common	no	item
Border Guard	邊境守衛	proper	yes	npc
Border guard	邊境守衛	proper	yes	npc
Boris	波里斯	proper	yes	npc
Bork	伯克	proper	yes	npc
Bork Sigmundson	博克·西格蒙德森	proper	yes	npc
Borrokar	波羅卡爾	proper	yes	npc
Bosun Giles	水手長賈爾斯	proper	yes	npc
Bottle	瓶子	common	no	item
Bottle of mist	薄霧瓶	common	no	item
Bottle of wine	一瓶葡萄酒	common	no	item
Bottled water	瓶裝水	common	no	item
Bottom of sceptre	權杖底部	common	no	item
Boulder	巨石	proper	yes	npc
Bouncer	保鏢	proper	yes	npc
Bouquet Mac Hyacinth	布凱·麥·海辛斯	proper	yes	npc
Bow (class 1)	弓 (等級 1)	common	no	item
Bow (class 2)	弓 (等級 2)	common	no	item
Bow (class 3)	弓 (等級 3)	common	no	item
Bow (class 4)	弓 (等級 4)	common	no	item
Bow (class 5)	弓 (等級 5)	common	no	item
Bow and Arrow salesman	弓與箭商人	proper	yes	npc
Bow and arrow	弓與箭	common	no	item
Bow string	弓弦	common	no	item
Bow-sword	弓劍	common	no	item
Bowl	碗	common	no	item
Bowl of blue water	一碗藍水	common	no	item
Bowl of honey	一碗蜂蜜	common	no	item
Bowl of hot water	一碗熱水	common	no	item
Bowl of milk and honey	一碗牛奶與蜂蜜	common	no	item
Bowl of milk, honey and guam	一碗牛奶、蜂蜜與 guam	common	no	item
Bowl of red water	一碗紅水	common	no	item
Bowl of water	一碗水	common	no	item
Box bauble	箱子飾品	common	no	item
Box trap	箱式陷阱	common	no	item
Boxing gloves	拳擊手套	common	no	item
Boy	男孩	common	no	npc
Br'ze dagger(p++)	Br'ze匕首(p++)	common	no	item
Brace	護腕	common	no	item
Bracelet mould	手鐲模具	common	no	item
Bracelet of clay	黏土手鐲	common	no	item
Brain tongs	大腦鑷子	common	no	item
Braindeath 'rum	腦死朗姆酒	common	no	item
Braindeath's mark	腦死亡的印記	common	no	item
Brambickle	布蘭比克爾	proper	yes	npc
Brana	布拉娜	proper	yes	npc
Branch	樹枝	common	no	item
Brandy	白蘭地	common	no	item
Brass Hand Harry	黃銅手哈利	proper	yes	npc
Brass hand	黃銅手	common	no	item
Brass hand harry's mark	黃銅手哈利的印記	common	no	item
Brass key	黃銅鑰匙	common	no	item
Brass necklace	黃銅項鍊	common	no	item
Bravek	布拉維克	proper	yes	npc
Bravery potion	勇氣藥水	common	no	item
Brawler	格鬥者	proper	yes	npc
Brawling gloves (agility)	格鬥手套 (敏捷)	common	no	item
Brawling gloves (cooking)	格鬥手套 (烹飪)	common	no	item
Brawling gloves (fishing)	格鬥手套 (釣魚)	common	no	item
Brawling gloves (fm)	格鬥手套 (fm)	common	no	item
Brawling gloves (hunter)	格鬥手套 (狩獵)	common	no	item
Brawling gloves (magic)	格鬥手套 (魔法)	common	no	item
Brawling gloves (melee)	格鬥手套 (近戰)	common	no	item
Brawling gloves (mining)	格鬥手套 (採礦)	common	no	item
Brawling gloves (prayer)	格鬥手套 (祈禱)	common	no	item
Brawling gloves (ranged)	格鬥手套 (遠程)	common	no	item
Brawling gloves (smithing)	格鬥手套 (鍛造)	common	no	item
Brawling gloves (thieving)	格鬥手套 (盜竊)	common	no	item
Brawling gloves (wc)	格鬥手套 (wc)	common	no	item
Bread	麵包	common	no	item
Bread dough	麵糰	common	no	item
Breadcrumbs	麵包屑	common	no	item
Breathing salts	呼吸鹽	common	no	item
Bree	布里	proper	yes	npc
Brendt	Brendt	proper	yes	npc
Brentle	布倫特爾	proper	yes	namebi
Breoca	布雷歐卡	proper	yes	npc
Brewer	釀酒師	proper	yes	npc
Brewin' guide	釀造指南	common	no	item
Brian	布萊恩	proper	yes	npc
Brian O'Richard	布萊恩·奧理查	proper	yes	npc
Brian Twitcher	布萊恩·抽搐者	proper	yes	npc
Brian's Archery Supplies	布萊恩的弓箭用品	common	no	shop
Brian's Battleaxe Bazaar	布萊恩的戰斧集市	common	no	shop
Bridge section	橋樑部分	common	no	item
Brimhaven	布里姆哈文	proper	yes	namebi
Brimstail	布林斯泰爾	proper	yes	npc
Brine rat	鹹水老鼠	proper	yes	npc
Brine sabre	鹽水軍刀	common	no	item
Broad arrow	寬箭	common	no	item
Broad arrow heads	寬箭頭	common	no	item
Broad arrows	寬箭	common	no	item
Broad-tipped bolts	寬尖弩箭	common	no	item
Broav	布羅夫	proper	yes	npc
Broddi	布羅迪	proper	yes	npc
Broken Armadyl symbol	破碎的阿瑪迪爾符號	proper	yes	npc
Broken Bandos symbol	破碎的班多斯符號	proper	yes	npc
Broken Guthix symbol	破碎的古希斯符號	proper	yes	npc
Broken Saradomin symbol	破碎的薩拉多明符號	proper	yes	npc
Broken Zamorak symbol	破碎的札莫拉克符號	proper	yes	npc
Broken armour	破碎的護甲	common	no	item
Broken arrow	折斷的箭	common	no	item
Broken axe	損壞的斧頭	common	no	item
Broken bark snelm	破碎樹皮 snelm	common	no	item
Broken cannon	損壞的加農砲	common	no	item
Broken clay golem	破碎黏土魔像	proper	yes	npc
Broken crab claw	破碎的螃蟹螯	common	no	item
Broken crab shell	破碎的螃蟹殼	common	no	item
Broken device	損壞的裝置	common	no	item
Broken fishing rod	斷裂的釣魚竿	common	no	item
Broken glass	破碎的玻璃	common	no	item
Broken grave marker	破碎的墓碑	proper	yes	npc
Broken gravestone	破碎的墓碑	proper	yes	npc
Broken hand	斷手	common	no	item
Broken memorial stone	破碎的紀念石	proper	yes	npc
Broken pickaxe	損壞的鎬頭	common	no	item
Broken plate	破碎的盤子	common	no	item
Broken pole	斷掉的桿子	common	no	item
Broken shield	破碎的盾牌	common	no	item
Broken staff	折斷的法杖	common	no	item
Broken stele	破碎的石碑	proper	yes	npc
Bronze	青銅	common	no	material
Bronze 2h sword	青銅雙手劍	common	no	item
Bronze Key	青銅鑰匙	common	no	item
Bronze armour set (l)	青銅套裝 (l)	common	no	item
Bronze armour set (sk)	青銅套裝 (sk)	common	no	item
Bronze arrow	青銅箭	common	no	item
Bronze arrow(p)	青銅箭(p)	common	no	item
Bronze arrow(p+)	青銅箭(p+)	common	no	item
Bronze arrow(p++)	青銅箭(p++)	common	no	item
Bronze arrowtips	青銅箭頭	common	no	item
Bronze axe	青銅斧	common	no	item
Bronze bar	青銅錠	common	no	item
Bronze battleaxe	青銅戰斧	common	no	item
Bronze bolts	青銅弩箭	common	no	item
Bronze bolts (unf)	青銅弩箭 (未加工)	common	no	item
Bronze bolts(p)	青銅弩箭(p)	common	no	item
Bronze bolts(p+)	青銅弩箭(p+)	common	no	item
Bronze bolts(p++)	青銅弩箭(p++)	common	no	item
Bronze boots	青銅靴子	common	no	item
Bronze brutal	青銅野蠻人	common	no	item
Bronze bull rush scroll	青銅公牛衝撞卷軸	common	no	item
Bronze c'bow (u)	青銅小型弩 (u)	common	no	item
Bronze chainbody	青銅鎖甲	common	no	item
Bronze claws	青銅爪	common	no	item
Bronze crossbow	青銅十字弩	common	no	item
Bronze dagger	青銅匕首	common	no	item
Bronze dagger(p)	青銅匕首(p)	common	no	item
Bronze dagger(p+)	青銅匕首(p+)	common	no	item
Bronze dart	青銅飛鏢	common	no	item
Bronze dart tip	青銅飛鏢尖端	common	no	item
Bronze dart(p)	青銅飛鏢(p)	common	no	item
Bronze dart(p+)	青銅飛鏢(p+)	common	no	item
Bronze dart(p++)	青銅飛鏢(p++)	common	no	item
Bronze defender	青銅守護者	common	no	item
Bronze dragon	青銅龍	proper	yes	npc
Bronze feather	青銅羽毛	common	no	item
Bronze fire arrows	青銅火焰箭	common	no	item
Bronze fist flag	青銅拳頭旗幟	common	no	item
Bronze full helm	青銅全罩頭盔	common	no	item
Bronze gauntlets	青銅手套	common	no	item
Bronze halberd	青銅戟	common	no	item
Bronze hasta	青銅長矛	common	no	item
Bronze hasta(kp)	青銅長矛(kp)	common	no	item
Bronze hasta(p)	青銅長矛(p)	common	no	item
Bronze hasta(p+)	青銅長矛(p+)	common	no	item
Bronze hasta(p++)	青銅長矛(p++)	common	no	item
Bronze jav'n(p++)	青銅投槍(p++)	common	no	item
Bronze javelin	青銅標槍	common	no	item
Bronze javelin(p)	青銅標槍(p)	common	no	item
Bronze javelin(p+)	青銅標槍(p+)	common	no	item
Bronze key	青銅鑰匙	common	no	item
Bronze key black	青銅鑰匙 黑色	common	no	item
Bronze key brown	棕色青銅鑰匙	common	no	item
Bronze key crimson	深紅色青銅鑰匙	common	no	item
Bronze key purple	青銅鑰匙 紫色	common	no	item
Bronze key red	紅色青銅鑰匙	common	no	item
Bronze kiteshield	青銅鳶盾	common	no	item
Bronze knife	青銅小刀	common	no	item
Bronze knife(p)	青銅小刀(p)	common	no	item
Bronze knife(p+)	青銅小刀(p+)	common	no	item
Bronze knife(p++)	青銅小刀(p++)	common	no	item
Bronze limbs	青銅弓肢	common	no	item
Bronze longsword	青銅長劍	common	no	item
Bronze mace	青銅釘頭錘	common	no	item
Bronze med helm	青銅中型頭盔	common	no	item
Bronze minotaur	青銅米諾陶洛	proper	yes	npc
Bronze minotaur pouch	青銅米諾陶洛袋	common	no	item
Bronze nails	青銅釘	common	no	item
Bronze pick head	青銅鎬頭部	common	no	item
Bronze pickaxe	青銅鎬	common	no	item
Bronze platebody	青銅胸甲	common	no	item
Bronze platelegs	青銅護腿	common	no	item
Bronze plateskirt	青銅裙甲	common	no	item
Bronze scimitar	青銅彎刀	common	no	item
Bronze spear	青銅長矛	common	no	item
Bronze spear(kp)	青銅長矛(kp)	common	no	item
Bronze spear(p)	青銅長矛(p)	common	no	item
Bronze spear(p+)	青銅長矛(p+)	common	no	item
Bronze spear(p++)	青銅長矛(p++)	common	no	item
Bronze sq shield	青銅方盾	common	no	item
Bronze sword	青銅劍	common	no	item
Bronze thrownaxe	青銅投擲斧	common	no	item
Bronze warhammer	青銅戰鎚	common	no	item
Bronze wire	青銅線	common	no	item
Brooch	胸針	common	no	item
Broodoo shield	Broodoo 盾牌	common	no	item
Broodoo shield (1)	Broodoo 盾牌 (1)	common	no	item
Broodoo shield (10)	Broodoo 盾牌 (10)	common	no	item
Broodoo shield (2)	Broodoo 盾牌 (2)	common	no	item
Broodoo shield (3)	Broodoo 盾牌 (3)	common	no	item
Broodoo shield (4)	Broodoo 盾牌 (4)	common	no	item
Broodoo shield (5)	Broodoo 盾牌 (5)	common	no	item
Broodoo shield (6)	Broodoo 盾牌 (6)	common	no	item
Broodoo shield (7)	Broodoo 盾牌 (7)	common	no	item
Broodoo shield (8)	Broodoo 盾牌 (8)	common	no	item
Broodoo shield (9)	Broodoo 盾牌 (9)	common	no	item
Broodoo victim	Broodoo 受害者	proper	yes	npc
Broom ointment	掃帚藥膏	common	no	item
Broomstick	掃帚柄	common	no	item
Brother Althric	阿爾斯里克修士	proper	yes	npc
Brother Bordiss	Bordiss 兄弟	proper	yes	npc
Brother Brace	布雷斯兄弟	proper	yes	npc
Brother Cedric	塞德里克修士	proper	yes	npc
Brother Fintan	兄弟 Fintan	proper	yes	npc
Brother Jered	傑瑞德修士	proper	yes	npc
Brother Kojo	科喬修士	proper	yes	npc
Brother Maledict	Maledict 修士	proper	yes	npc
Brother Omad	歐馬德修士	proper	yes	npc
Brother Tranquility	平靜修士	proper	yes	npc
Brown Engine Director	棕色引擎總監	proper	yes	npc
Brown Engine Secretary	棕色引擎秘書	proper	yes	npc
Brown apron	棕色圍裙	common	no	item
Brown headband	棕色頭帶	common	no	item
Brown naval shirt	brown 海軍襯衫	common	no	item
Brown navy slacks	棕色海軍長褲	common	no	item
Brown spice (1)	棕色香料 (1)	common	no	item
Brown spice (2)	棕色香料 (2)	common	no	item
Brown spice (3)	棕色香料 (3)	common	no	item
Brown spice (4)	棕色香料 (4)	common	no	item
Brown tricorn hat	brown 三角帽	common	no	item
Bruise Blamish Snail	瘀青布拉米什蝸牛	proper	yes	npc
Bruise blue snelm	瘀青藍 snelm	common	no	item
Brulee supreme	布蕾至尊	common	no	item
Brundt	布倫特	proper	yes	namebi
Brundt the Chieftain	酋長 Brundt	proper	yes	npc
Brutal green dragon	殘暴綠龍	proper	yes	npc
Brynna	布琳娜	proper	yes	namebi
Bucket	水桶	common	no	item
Bucket of coal	一桶煤炭	common	no	item
Bucket of milk	一桶牛奶	common	no	item
Bucket of rubble	一桶碎石	common	no	item
Bucket of sand	一桶沙	common	no	item
Bucket of sap	一桶樹液	common	no	item
Bucket of slime	一桶黏液	common	no	item
Bucket of water	一桶水	common	no	item
Bucket of wax	一桶蠟	common	no	item
Bugs	蟲子	proper	yes	npc
Builder	建築師	proper	yes	npc
Builder's boots	建築師靴子	common	no	item
Builder's shirt	建築師襯衫	common	no	item
Builder's trousers	建築師長褲	common	no	item
Buinn	布因	proper	yes	npc
Bull ant	公蟻	proper	yes	npc
Bull ant pouch	公蟻小袋	common	no	item
Bull roarer	咆哮器	common	no	item
Bulldog	鬥牛犬	proper	yes	npc
Bulldog puppy	鬥牛犬幼犬	proper	yes	npc
Bullrush	布爾拉什	proper	yes	npc
Bullseye lantern	靶心燈籠	common	no	item
Bunkdo	本克多	proper	yes	npc
Bunkwicket	邦克威基特	proper	yes	npc
Bunny	小兔子	proper	yes	npc
Bunny ears	小兔子耳朵	common	no	item
Bunyip	班伊普	proper	yes	npc
Bunyip pouch	班伊普袋	common	no	item
Burkor	伯科	proper	yes	npc
Burnt batta	燒焦的麵糊	common	no	item
Burnt beast meat	燒焦的野獸肉	common	no	item
Burnt bird meat	燒焦的鳥肉	common	no	item
Burnt bones	燒焦的骨頭	common	no	item
Burnt bread	燒焦的麵包	common	no	item
Burnt cake	燒焦的蛋糕	common	no	item
Burnt cave eel	燒焦的洞鰻	common	no	item
Burnt chicken	燒焦的雞	common	no	item
Burnt chompy	燒焦的 Chomp	common	no	item
Burnt crayfish	燒焦的小龍蝦	common	no	item
Burnt crunchies	燒焦的脆餅	common	no	item
Burnt curry	燒焦的咖哩	common	no	item
Burnt diary	燒焦的日記	common	no	item
Burnt egg	燒焦的蛋	common	no	item
Burnt fish	燒焦的魚	common	no	item
Burnt gnomebowl	燒焦的侏儒碗	common	no	item
Burnt jogre bones	燒焦的喬格雷骨頭	common	no	item
Burnt jubbly	燒焦的 jubbly	common	no	item
Burnt karambwan	燒焦的卡拉姆魚	common	no	item
Burnt lobster	燒焦的龍蝦	common	no	item
Burnt manta ray	燒焦的魔鬼魚	common	no	item
Burnt meat	燒焦的肉	common	no	item
Burnt monkfish	燒焦的僧侶魚	common	no	item
Burnt mushroom	燒焦的蘑菇	common	no	item
Burnt onion	燒焦的洋蔥	common	no	item
Burnt oomlie	燒焦的歐姆利	common	no	item
Burnt oomlie wrap	燒焦的 oomlie 包裹	common	no	item
Burnt pie	燒焦的派	common	no	item
Burnt pitta bread	燒焦的皮塔餅	common	no	item
Burnt pizza	燒焦的比薩	common	no	item
Burnt potato	燒焦的馬鈴薯	common	no	item
Burnt rabbit	燒焦的兔子	common	no	item
Burnt rainbow fish	燒焦的彩虹魚	common	no	item
Burnt sea turtle	燒焦的海龜	common	no	item
Burnt shark	燒焦的鯊魚	common	no	item
Burnt shrimp	燒焦的蝦子	common	no	item
Burnt snail	燒焦的蝸牛	common	no	item
Burnt spider	燒焦的蜘蛛	common	no	item
Burnt stew	燒焦的燉菜	common	no	item
Burnt sweetcorn	燒焦的甜玉米	common	no	item
Burnt swordfish	燒焦的劍魚	common	no	item
Burnt turkey	燒焦的火雞	common	no	item
Burnt turkey drumstick	燒焦的火雞腿	common	no	item
Burntmeat	燒焦的肉	proper	yes	npc
Burthorpe	伯索普	proper	yes	namebi
Burthorpe Supplies	Burthorpe 物資	common	no	shop
Bush	灌木叢	proper	yes	npc
Bush snake	灌木蛇	proper	yes	npc
Butler	管家	proper	yes	npc
Butler Jones	管家瓊斯	proper	yes	npc
Butterfly	蝴蝶	proper	yes	npc
Butterfly jar	蝴蝶罐	common	no	item
Butterfly net	蝴蝶網	common	no	item
Butterfly net (class 1)	蝴蝶網 (等級 1)	common	no	item
Butterfly net (class 2)	蝴蝶網 (等級 2)	common	no	item
Butterfly net (class 3)	蝴蝶網 (等級 3)	common	no	item
Butterfly net (class 4)	蝴蝶網 (等級 4)	common	no	item
Butterfly net (class 5)	蝴蝶網 (等級 5)	common	no	item
Button mushroom	洋菇	common	no	item
Buttons	鈕扣	common	no	item
C. Ele Minor Drop Table	C. Ele Minor 丟棄表	common	no	item
C. dragon battleaxe (deg)	腐化的龍戰斧 (降階)	common	no	item
C. dragon dagger (deg)	腐化的龍匕首 (降階)	common	no	item
C. dragon longsword (deg)	腐化的龍長劍 (降階)	common	no	item
C. dragon scimitar (deg)	腐化的龍彎刀 (降階)	common	no	item
C. morrigan's javelin (p)	C. 莫莉根投槍 (p)	common	no	item
C. morrigan's javelin (p+)	C. 莫莉根投槍 (p+)	common	no	item
C. morrigan's javelin (p++)	C. 莫莉根投槍 (p++)	common	no	item
C. morrigan's throwing axe	C. 莫莉根投擲斧	common	no	item
C. statius's warhammer (deg)	墮落的史泰修斯戰鎚 (降階)	common	no	item
C. vesta's longsword (deg)	墮落的薇絲塔長劍 (降階)	common	no	item
Cabbage	甘藍菜	common	no	item
Cabbage seed	甘藍菜種子	common	no	item
Cabbages(1)	甘藍菜(1)	common	no	item
Cabbages(10)	甘藍菜(10)	common	no	item
Cabbages(2)	甘藍菜(2)	common	no	item
Cabbages(3)	甘藍菜(3)	common	no	item
Cabbages(4)	甘藍菜(4)	common	no	item
Cabbages(5)	甘藍菜(5)	common	no	item
Cabbages(6)	甘藍菜(6)	common	no	item
Cabbages(7)	甘藍菜(7)	common	no	item
Cabbages(8)	甘藍菜(8)	common	no	item
Cabbages(9)	甘藍菜(9)	common	no	item
Cabin Fever	幽閉恐懼症	proper	yes	quest
Cabin boy	船艙男孩	proper	yes	npc
Cabin boy Jenkins	船艙男孩 Jenkins	proper	yes	npc
Cactus	仙人掌	proper	yes	npc
Cactus seed	仙人掌種子	common	no	item
Cactus spine	仙人掌刺	common	no	item
Cadantine gloves	Cadantine 手套	common	no	item
Cadantine potion(unf)	卡丹丁藥水(未製成)	common	no	item
Cadantine seed	卡丹丁種子	common	no	item
Cadarn lineage	卡達恩血統	common	no	item
Cadava berries	卡達瓦莓果	common	no	item
Cadava potion	卡達瓦藥水	common	no	item
Cadavaberry seed	屍毒莓果種子	common	no	item
Caden Azro	凱登·阿茲羅	proper	yes	npc
Cage	籠子	proper	yes	npc
Cait	凱特	proper	yes	npc
Cake	蛋糕	common	no	item
Cake of guidance	指引蛋糕	common	no	item
Cake tin	蛋糕模具	common	no	item
Caleb	凱萊布	proper	yes	npc
Calin	卡林	proper	yes	npc
Call to arms scroll	召喚手臂卷軸	common	no	item
Calladin	卡拉丁	proper	yes	npc
Calquat fruit	卡爾夸特果實	common	no	item
Calquat keg	卡爾夸特木桶	common	no	item
Calquat sapling	卡爾夸特小樹	common	no	item
Calquat seedling	Calquat 幼苗	common	no	item
Calquat tree seed	卡拉克樹木種子	common	no	item
Cam the Camel	駱駝 Cam	proper	yes	npc
Camel	駱駝	proper	yes	npc
Camel display	駱駝展示	proper	yes	npc
Camel mask	駱駝面具	common	no	item
Camel mould (p)	駱駝模具 (p)	common	no	item
Camelot	卡美洛	proper	yes	glossary
Camelot teleport	卡美洛傳送	common	no	item
Camo bottoms	迷彩下裝	common	no	item
Camo helmet	迷彩頭盔	common	no	item
Camo top	迷彩上衣	common	no	item
Camp dweller	營地居民	proper	yes	npc
Camulet	劍葉草	common	no	item
Candle	蠟燭	common	no	item
Candle Shop	蠟燭店	common	no	shop
Candle lantern	蠟燭燈籠	common	no	item
Candle seller	蠟燭販子	proper	yes	npc
Candle-maker	蠟燭製造商	proper	yes	npc
Candles	蠟燭	common	no	item
Canifis	卡尼菲斯	proper	yes	namebi
Canister	罐頭	common	no	item
Cannon balls (level 80 approx.)	大砲球 (約等級 80)	common	no	item
Cannon barrel	加農砲木桶	common	no	item
Cannon barrels	大砲木桶	common	no	item
Cannon base	大砲底座	common	no	item
Cannon furnace	大砲熔爐	common	no	item
Cannon stand	大砲支架	common	no	item
Cannonball	砲彈	common	no	item
Canopic jar	卡諾匹斯罐	common	no	item
Cap and goggles	帽子與護目鏡	common	no	item
Cap'n Hand	手船長	proper	yes	npc
Cap'n Izzy No-Beard	無鬍船長伊茲里	proper	yes	npc
Capacitor	電容器	common	no	item
Cape	斗篷	common	no	item
Cape of legends	傳奇斗篷	common	no	item
Capt' Arnav	Arnav 船長	proper	yes	npc
Captain	隊長	proper	yes	npc
Captain Barnaby	巴納比船長	proper	yes	npc
Captain Bentley	班特利船長	proper	yes	npc
Captain Bleemadge	布里馬奇船長	proper	yes	npc
Captain Braindeath	Braindeath 船長	proper	yes	npc
Captain Cain	凱恩隊長	proper	yes	npc
Captain Daerkin	戴爾金船長	proper	yes	npc
Captain Dalbur	達爾伯船長	proper	yes	npc
Captain Donnie	唐尼船長	proper	yes	npc
Captain Errdo	艾爾多船長	proper	yes	npc
Captain Klemfoodle	克萊姆福德船長	proper	yes	npc
Captain Lamdoo	拉姆杜船長	proper	yes	npc
Captain Lawgof	勞戈夫隊長	proper	yes	npc
Captain Ned	隊長 奈德	proper	yes	npc
Captain Ninto	尼托船長	proper	yes	npc
Captain Rabid Jack	隊長狂犬傑克	proper	yes	npc
Captain Rovin	羅文船長	proper	yes	npc
Captain Shanks	珊克斯船長	proper	yes	npc
Captain Siad	Siad 隊長	proper	yes	npc
Captain Tobias	托比亞斯船長	proper	yes	npc
Captain Tom	湯姆船長	proper	yes	npc
Carado	卡拉多	proper	yes	npc
Carefree Crafting Stall	無憂無慮製作攤位	common	no	shop
Carla	卡拉	proper	yes	npc
Carnillean armour	卡尼利亞護甲	common	no	item
Carnivorous chinchompa	食肉金奇姆帕	proper	yes	npc
Carol	卡蘿	proper	yes	npc
Carol's print	卡蘿的足跡	common	no	item
Caroline	卡洛琳	proper	yes	npc
Carpenter	木匠	proper	yes	npc
Carpenter Kjallak	木匠 凱拉克	proper	yes	npc
Cart Camel	載貨駱駝	proper	yes	npc
Cart conductor	馬車領班	proper	yes	npc
Carved evil turnip	雕刻邪惡蕪菁	common	no	item
Carved oak bench	雕刻橡樹長凳	common	no	item
Carved oak magic wardrobe	雕刻橡樹魔法衣櫥	common	no	item
Carved oak table	雕刻橡樹桌	common	no	item
Carved teak bench	雕刻柚木長凳	common	no	item
Carved teak magic wardrobe	雕刻柚木魔法衣櫥	common	no	item
Carved teak table	雕刻柚木桌	common	no	item
Casket	棺材	common	no	item
Cassie	卡西	proper	yes	npc
Cassie's Shield Shop	卡西的盾牌店	common	no	shop
Castle Wars Ticket Exchange	城堡戰爭入場券兌換處	common	no	shop
Castle sketch 1	城堡素描 1	common	no	item
Castle sketch 2	城堡素描 2	common	no	item
Castle sketch 3	城堡素描 3	common	no	item
Castle wars ticket	城堡戰爭入場券	common	no	item
Castlewar brace(1)	城堡保衛戰護腕(1)	common	no	item
Castlewar brace(2)	城堡保衛戰護腕(2)	common	no	item
Castlewar brace(3)	城堡保衛戰護腕(3)	common	no	item
Castlewars cloak	Castlewars 斗篷	common	no	item
Castlewars hood	Castlewars 頭巾	common	no	item
Castlewars manual	城堡戰爭手冊	common	no	item
Cat	貓	proper	yes	npc
Cat antipoison	貓抗毒素	common	no	item
Cat mask	貓面具	common	no	item
Cat training medal	貓訓練獎章	common	no	item
Catablepon	卡塔波恩	proper	yes	npc
Catalina	卡塔莉娜	proper	yes	npc
Catalytic rune	催化符文	common	no	item
Catapult Construction	投石器建造	proper	yes	quest
Catapult engineer	投石器工程師	proper	yes	npc
Catapult schematics	投石器圖紙	common	no	item
Catherby	卡瑟比	proper	yes	namebi
Catolax	Catolax	proper	yes	npc
Catspeak amulet	貓語護身符	common	no	item
Catspeak amulet(e)	貓語護身符	common	no	item
Cattleprod	電擊棒	common	no	item
Cavalier and mask	騎士與面具	common	no	item
Cavalier mask	騎士面具	common	no	item
Cave bug	洞穴蟲	proper	yes	npc
Cave bug larva	洞穴蟲幼蟲	proper	yes	npc
Cave crawler	洞穴爬行者	proper	yes	npc
Cave eel	洞鰻	common	no	item
Cave goblin	洞穴哥布林	proper	yes	npc
Cave goblin child	洞穴哥布林孩童	proper	yes	npc
Cave goblin guard	洞穴哥布林守衛	proper	yes	npc
Cave goblin miner	洞穴哥布林礦工	proper	yes	npc
Cave goblin skull	洞穴哥布林頭骨	common	no	item
Cave goblin wire	洞穴哥布林電線	common	no	item
Cave horror	洞穴恐怖生物	proper	yes	npc
Cave lizard	洞穴蜥蜴	proper	yes	npc
Cave monk	洞穴僧侶	proper	yes	npc
Cave nightshade	洞穴茄	common	no	item
Cave scenery	洞穴景色	proper	yes	npc
Cave slime	洞穴黏液	proper	yes	npc
Cavemouth	洞穴之口	proper	yes	npc
Cavern key	地洞鑰匙	common	no	item
Cavey Davey	凱維 Davey	proper	yes	npc
Caviar	魚子醬	common	no	item
Cedar twigs	雪松提格	common	no	item
Cedar weaving ribbon	Cedar 編織緞帶	common	no	item
Celestial globe	天球儀	common	no	item
Cell door key	牢房門鑰匙	common	no	item
Cell key	細胞鑰匙	common	no	item
Cell key 1	細胞鑰匙 1	common	no	item
Cell key 2	細胞鑰匙 2	common	no	item
Centaur	半人馬	proper	yes	npc
Ceolburg	希奧堡	proper	yes	npc
Ceramic remains	陶瓷殘骸	common	no	item
Ceril	賽里爾	proper	yes	namebi
Ceril Carnillean	塞里爾·卡尼利安	proper	yes	npc
Certificate	證書	common	no	item
Cerulean twitch	蔚藍抽動	proper	yes	npc
Chadwell	查德威爾	proper	yes	npc
Chaeldar	查爾達	proper	yes	npc
Chain link mould	鏈條模具	common	no	item
Challenge scroll	挑戰卷軸	common	no	item
Chamber guardian	密室守衛	proper	yes	npc
Chameleon	變色龍	proper	yes	npc
Chameleon egg	變色龍蛋	common	no	item
Champion scroll	冠軍卷軸	common	no	item
Champions token	冠軍代幣	common	no	item
Chancy	錢西	proper	yes	npc
Chaos Elemental	混沌元素	proper	yes	npc
Chaos altar teleport	混沌祭壇傳送	common	no	item
Chaos druid	混沌德魯伊	proper	yes	npc
Chaos druid warrior	混沌德魯伊戰士	proper	yes	npc
Chaos dwarf	混沌矮人	proper	yes	npc
Chaos gauntlets	混沌手套	common	no	item
Chaos rune	混沌符文	common	no	item
Chaos talisman	混沌護身符	common	no	item
Chaos talisman staff	混沌護身符法杖	common	no	item
Chaos tiara	混沌冠冕	common	no	item
Chaps (class 1)	護腿 (等級 1)	common	no	item
Chaps (class 2)	護腿 (等級 2)	common	no	item
Chaps (class 3)	護腿 (等級 3)	common	no	item
Chaps (class 4)	護腿 (等級 4)	common	no	item
Chaps (class 5)	護腿 (等級 5)	common	no	item
Charcoal	木炭	common	no	item
Charcoal rubbing	木炭拓片	common	no	item
Chargurr	Chargurr	proper	yes	npc
Charles Lyeman	查爾斯·萊曼	proper	yes	namebi
Charley	查理	proper	yes	npc
Charley the Cleaner	查理清潔工	proper	yes	npc
Charlie	查理	proper	yes	npc
Charlie the Tramp	流浪漢查理	proper	yes	npc
Charlie the cook	廚師查理	proper	yes	npc
Charmed Warrior	魅惑戰士	proper	yes	npc
Chart	海圖	common	no	item
Cheerleader	啦啦隊員	proper	yes	npc
Cheese	起司	common	no	item
Cheese feast scroll	起司盛宴卷軸	common	no	item
Cheese+tom batta	起司+tom batta	common	no	item
Chef's delight	廚師的喜悅	common	no	item
Chef's delight(1)	廚師的喜悅(1)	common	no	item
Chef's delight(2)	廚師的喜悅(2)	common	no	item
Chef's delight(3)	廚師的喜悅(3)	common	no	item
Chef's delight(4)	廚師的喜悅(4)	common	no	item
Chef's delight(m)	廚師的喜悅(m)	common	no	item
Chef's delight(m1)	廚師的喜悅(m1)	common	no	item
Chef's delight(m2)	廚師的喜悅(m2)	common	no	item
Chef's delight(m3)	廚師的喜悅(m3)	common	no	item
Chef's delight(m4)	廚師的喜悅(m4)	common	no	item
Chef's hat	廚師帽子	common	no	item
Chemical compound	化學化合物	common	no	item
Chemical powder	化學粉末	common	no	item
Chemist	化學家	proper	yes	npc
Chest key	箱子鑰匙	common	no	item
Chewed bones	被咀嚼過的骨頭	common	no	item
Chicken	雞	proper	yes	npc
Chicken cage	雞籠子	common	no	item
Chicken feet	雞腳	common	no	item
Chicken head	雞頭部	common	no	item
Chicken legs	雞腿部	common	no	item
Chicken wings	雞翅	common	no	item
Chief Tess	酋長 Tess	proper	yes	npc
Chief servant	首席僕人	proper	yes	npc
Chiercat	Chier貓	proper	yes	npc
Child	孩童	proper	yes	npc
Child's blanket	孩童的毛毯	common	no	item
Chilli con carne	辣肉醬	common	no	item
Chilli potato	辣椒馬鈴薯	common	no	item
Chinchompa	金奇姆帕	proper	yes	npc
Chinchompas (level 99 approx.)	金奇姆帕 (約等級 99)	common	no	item
Chisel	鑿子	common	no	item
Choc saturday	巧克力星期六	common	no	item
Choc-ice	巧克力冰棒	common	no	item
Chocatrice	Chocatrice	proper	yes	npc
Chocatrice cape	Chocatrice 斗篷	common	no	item
Chocatrice egg	Chocatrice 蛋	common	no	item
Chocchip crunchies	巧克力豆脆餅	common	no	item
Chocolate bar	巧克力棒	common	no	item
Chocolate bomb	巧克力炸彈	common	no	item
Chocolate cake	巧克力蛋糕	common	no	item
Chocolate chunks	巧克力塊	common	no	item
Chocolate drop	巧克力丟棄	common	no	item
Chocolate dust	巧克力粉	common	no	item
Chocolate egg	巧克力蛋	common	no	item
Chocolate kebbit	巧克力肯比特	proper	yes	npc
Chocolate slice	巧克力切片	common	no	item
Chocolatey milk	巧克力牛奶	common	no	item
Chomp	Chomp	proper	yes	npc
Chompy bird	嚼嚼鳥	proper	yes	npc
Chompy bird hat	嚼嚼鳥帽子	common	no	item
Chopped garlic	切碎的大蒜	common	no	item
Chopped onion	切碎的洋蔥	common	no	item
Chopped tomato	切碎的番茄	common	no	item
Chopped tuna	切碎的鮪魚	common	no	item
Chopped ugthanki	切碎的 Ugthanki	common	no	item
Chores	家務雜事	common	no	item
Christmas cracker	聖誕拉炮	common	no	item
Chronozon	克羅諾宗	proper	yes	npc
Chuck	查克	proper	yes	npc
Chunk of crystal	晶體塊	common	no	item
Cider	蘋果酒	common	no	item
Cider barrel	西der (Cider) 木桶	common	no	item
Cider(1)	西der (Cider)(1)	common	no	item
Cider(2)	西der (Cider)(2)	common	no	item
Cider(3)	西der (Cider)(3)	common	no	item
Cider(4)	西der (Cider)(4)	common	no	item
Cider(m1)	西der (Cider)(m1)	common	no	item
Cider(m2)	西der (Cider)(m2)	common	no	item
Cider(m3)	西der (Cider)(m3)	common	no	item
Cider(m4)	西der (Cider)(m4)	common	no	item
Cinnamon	肉桂	common	no	item
Cinnamon twigs	肉桂提格	common	no	item
Cinnamon weaving ribbon	肉桂編織緞帶	common	no	item
Circular hide	環形皮革	common	no	item
Circus barker	馬戲團巴克	proper	yes	npc
Circus ticket	馬戲團門票	common	no	item
Citizen shoes	市民鞋子	common	no	item
Citizen top	市民上衣	common	no	item
Citizen trousers	市民長褲	common	no	item
City guard	城市守衛	proper	yes	npc
Civilian	平民	proper	yes	npc
Clan Guard	氏族守衛	proper	yes	npc
Claude	克勞德	proper	yes	npc
Claus the chef	廚師克勞斯	proper	yes	npc
Clay	黏土	common	no	item
Clay deposit scroll	黏土礦床卷軸	common	no	item
Clay familiar (class 1)	黏土召喚獸 (等級 1)	proper	yes	npc
Clay familiar (class 2)	黏土召喚獸 (等級 2)	proper	yes	npc
Clay familiar (class 3)	黏土召喚獸 (等級 3)	proper	yes	npc
Clay familiar (class 4)	黏土召喚獸 (等級 4)	proper	yes	npc
Clay familiar (class 5)	黏土召喚獸 (等級 5)	proper	yes	npc
Clay golem	黏土魔像	proper	yes	npc
Clean ardrigal	乾淨的 ardrigal	common	no	item
Clean avantoe	清理 avantoe	common	no	item
Clean cadantine	清理 cadantine	common	no	item
Clean dwarf weed	清理矮人雜草	common	no	item
Clean guam	清潔的 guam	common	no	item
Clean harralander	清理 harralander	common	no	item
Clean irit	清理 irit	common	no	item
Clean kwuarm	清理 kwuarm	common	no	item
Clean lantadyme	乾淨的蘭塔戴姆	common	no	item
Clean marrentill	清理 marrentill	common	no	item
Clean necklace	清潔的項鍊	common	no	item
Clean ranarr	清理 ranarr	common	no	item
Clean rogue's purse	乾淨的盜賊錢包	common	no	item
Clean sito foil	乾淨的 sito foil	common	no	item
Clean snake weed	乾淨的蛇草	common	no	item
Clean snapdragon	乾淨的金車前草	common	no	item
Clean spirit weed	潔淨靈魂草	common	no	item
Clean tarromin	清理 tarromin	common	no	item
Clean toadflax	乾淨的金車前草	common	no	item
Clean torstol	清理 torstol	common	no	item
Clean volencia moss	乾淨的 volencia moss	common	no	item
Cleaner	清潔工	proper	yes	npc
Cleaning cloth	清潔布	common	no	item
Cleaver	切菜刀	common	no	item
Clerk	辦事員	proper	yes	npc
Climbing boots	攀爬靴子	common	no	item
Climbing rope	攀爬繩索	common	no	item
Clive	克萊夫	proper	yes	npc
Clivet	克利維特	proper	yes	npc
Clock Tower	時鐘塔	proper	yes	quest
Clockwork	發條裝置	common	no	item
Clockwork book	發條裝置書籍	common	no	item
Clockwork cat	發條貓	proper	yes	npc
Clockwork suit	發條裝置套裝	common	no	item
Clothears	布耳朵	proper	yes	npc
Clown hat	小丑帽子	common	no	item
Clown leggings	小丑緊身褲	common	no	item
Clown shirt	小丑襯衫	common	no	item
Clown shoes	小丑鞋子	common	no	item
Clue scroll	線索卷軸	common	no	item
Co-ordinator	協調員	proper	yes	npc
Coal	煤炭	proper	yes	npc
Coated frogs' legs	裹粉青蛙腿部	common	no	item
Cockatrice	科卡特里士	proper	yes	npc
Cockatrice egg	科卡特里士蛋	common	no	item
Cockatrice head	科卡特里士頭部	common	no	item
Cockroach	蟑螂	proper	yes	npc
Cockroach drone	蟑螂卓恩	proper	yes	npc
Cockroach soldier	蟑螂士兵	proper	yes	npc
Cockroach worker	蟑螂工人	proper	yes	npc
Cocktail glass	雞尾酒杯	common	no	item
Cocktail guide	雞尾酒指南	common	no	item
Cocktail shaker	雞尾酒搖酒器	common	no	item
Coconut	椰子	common	no	item
Coconut milk	椰奶	common	no	item
Coconut shell	椰子殼	common	no	item
Cod	鱈魚	common	no	item
Coenus	Coenus	proper	yes	npc
Coffin	棺材	common	no	item
Cog	齒輪	common	no	item
Coif	鎖子甲頭罩	common	no	item
Coif (class 1)	鎖子甲頭罩 (等級 1)	common	no	item
Coif (class 2)	鎖子甲頭罩 (等級 2)	common	no	item
Coif (class 3)	鎖子甲頭罩 (等級 3)	common	no	item
Coif (class 4)	鎖子甲頭罩 (等級 4)	common	no	item
Coif (class 5)	鎖子甲頭罩 (等級 5)	common	no	item
Coins	硬幣	common	no	item
Col. O'Niall	O'Niall 上校	proper	yes	npc
Cold War	冷戰	proper	yes	quest
Collapsing Armadyl symbol	崩塌的阿瑪迪爾符號	proper	yes	npc
Collapsing Bandos symbol	崩塌的班多斯符號	proper	yes	npc
Collapsing Guthix symbol	崩塌的古希斯符號	proper	yes	npc
Collapsing Saradomin symbol	崩塌的薩拉多明符號	proper	yes	npc
Collapsing Zamorak symbol	崩塌的札莫拉克符號	proper	yes	npc
Collapsing grave marker	坍塌的墓碑	proper	yes	npc
Collapsing gravestone	崩塌的墓碑	proper	yes	npc
Collapsing memorial stone	崩塌的紀念石	proper	yes	npc
Collapsing stele	崩塌的石碑	proper	yes	npc
Collection bag	收集袋	common	no	item
Collector horn	收藏者號角	common	no	item
Colonel Grimsson	格里姆森上校	proper	yes	npc
Colonel Radick	拉迪克上校	proper	yes	npc
Colour wheel	色輪	common	no	item
Coloured ball	彩色球	common	no	item
Columbarium key	納骨堂鑰匙	common	no	item
Combat Instructor	戰鬥導師	proper	yes	namebi
Combat book	戰鬥書籍	common	no	item
Combat bracelet	戰鬥手鐲	common	no	item
Combat bracelet(1)	戰鬥手鐲(1)	common	no	item
Combat bracelet(2)	戰鬥手鐲(2)	common	no	item
Combat bracelet(3)	戰鬥手鐲(3)	common	no	item
Combat bracelet(4)	戰鬥手鐲(4)	common	no	item
Combat hood 0	戰鬥兜帽 0	common	no	item
Combat hood 100	戰鬥兜帽 100	common	no	item
Combat hood 20	戰鬥兜帽 20	common	no	item
Combat hood 40	戰鬥兜帽 40	common	no	item
Combat hood 60	戰鬥兜帽 60	common	no	item
Combat hood 80	戰鬥兜帽 80	common	no	item
Combat instructor	戰鬥教練	proper	yes	npc
Combat lamp	戰鬥燈	common	no	item
Combat mix(1)	戰鬥混合(1)	common	no	item
Combat mix(2)	戰鬥混合(2)	common	no	item
Combat potion(1)	戰鬥藥水(1)	common	no	item
Combat potion(2)	戰鬥藥水(2)	common	no	item
Combat potion(3)	戰鬥藥水(3)	common	no	item
Combat potion(4)	戰鬥藥水(4)	common	no	item
Combat robe bottom 0	戰鬥長袍下裝 0	common	no	item
Combat robe bottom 100	戰鬥長袍下裝 100	common	no	item
Combat robe bottom 20	戰鬥長袍下裝 20	common	no	item
Combat robe bottom 40	戰鬥長袍下裝 40	common	no	item
Combat robe bottom 60	戰鬥長袍下裝 60	common	no	item
Combat robe bottom 80	戰鬥長袍下裝 80	common	no	item
Combat robe top 0	戰鬥長袍上衣 0	common	no	item
Combat robe top 100	戰鬥長袍上衣 100	common	no	item
Combat robe top 20	戰鬥長袍上衣 20	common	no	item
Combat robe top 40	戰鬥長袍上衣 40	common	no	item
Combat robe top 60	戰鬥長袍上衣 60	common	no	item
Combat robe top 80	戰鬥長袍上衣 80	common	no	item
Combat stone	戰鬥石	proper	yes	npc
Combination	組合	common	no	item
Comfy mattress	舒適的床墊	common	no	item
Commander Connad	指揮官康納德	proper	yes	npc
Commander Montai	蒙泰指揮官	proper	yes	npc
Commander Veldaban	指揮官 Veldaban	proper	yes	npc
Commander Zilyana	指揮官齊利亞娜	proper	yes	npc
Common kebbit fur	普通凱比特皮毛	common	no	item
Commorb	康摩比	common	no	item
Commorb v2	康摩比 v2	common	no	item
Comp ogre bow	複合食人魔弓	common	no	item
Competition Judge	比賽裁判	proper	yes	npc
Compost	堆肥	common	no	item
Compost mound	堆肥堆	proper	yes	npc
Compost mound pouch	堆肥堆小袋	common	no	item
Compost potion(1)	堆肥藥水(1)	common	no	item
Compost potion(2)	堆肥藥水(2)	common	no	item
Compost potion(3)	堆肥藥水(3)	common	no	item
Compost potion(4)	堆肥藥水(4)	common	no	item
Conductor	導體	common	no	item
Conductor mould	導體模具	common	no	item
Confession	告解	common	no	item
Confused barbarian	困惑的野蠻人	proper	yes	npc
Confusion beast	混亂野獸	proper	yes	npc
Consecration seed	祝聖種子	common	no	item
Construct. cape	建築斗篷	common	no	item
Construct. cape(t)	建築斗篷(t)	common	no	item
Construct. hood	建築兜帽	common	no	item
Construction	建造	common	no	glossary
Construction guide	建造指南	common	no	item
Construction supplies	建造用品	common	no	shop
Contact!	接觸！	proper	yes	quest
Contraband yak produce.	走私的犛牛產品。	common	no	shop
Cook	廚師	proper	yes	npc
Cook's Assistant	廚師的助手	proper	yes	namebi
Cook's brother	廚師的兄弟	proper	yes	npc
Cooked chicken	煮熟的雞	common	no	item
Cooked chompy	熟的 Chomp	common	no	item
Cooked crab meat	煮熟的螃蟹肉	common	no	item
Cooked fishcake	煮熟的魚蛋糕	common	no	item
Cooked jubbly	煮熟的 jubbly	common	no	item
Cooked karambwan	熟卡拉姆魚	common	no	item
Cooked meat	煮熟的肉	common	no	item
Cooked oomlie wrap	煮熟的 oomlie 包裹	common	no	item
Cooked rabbit	熟兔子肉	common	no	item
Cooked slimy eel	煮熟的黏糊糊鰻魚	common	no	item
Cooked sweetcorn	煮熟的甜玉米	common	no	item
Cooked turkey	熟火雞	common	no	item
Cooked turkey drumstick	熟火雞腿	common	no	item
Cooking	烹飪	common	no	glossary
Cooking Tutor	烹飪導師	proper	yes	npc
Cooking apple	烹飪蘋果	common	no	item
Cooking cape	烹飪斗篷	common	no	item
Cooking cape(t)	烹飪斗篷(t)	common	no	item
Cooking gauntlets	烹飪手套	common	no	item
Cooking hood	烹飪兜帽	common	no	item
Cooking pot	烹飪鍋	common	no	item
Cool Mom227	Cool Mom227	proper	yes	npc
Copper longtail	銅色長尾	proper	yes	npc
Copper ore	銅礦	proper	yes	npc
Coraxatrice egg	Coraxatrice 蛋	common	no	item
Cormac	柯馬克	proper	yes	npc
Cormorant	鸬鹚	proper	yes	npc
Cornelius	科尼利厄斯	proper	yes	npc
Cornflour	玉米麵粉	common	no	item
Cornflour mixture	玉米麵粉混合物	common	no	item
Cornucopia	角隅號	common	no	item
Corporeal Beast	肉身獸	proper	yes	npc
Corpse	屍體	proper	yes	npc
Corpse of woman	女人的屍體	common	no	item
Corrupt dragon battleaxe	腐化的龍戰斧	common	no	item
Corrupt dragon chainbody	腐化的龍鎖甲	common	no	item
Corrupt dragon chainbody (deg)	腐化的龍鎖甲 (降階)	common	no	item
Corrupt dragon dagger	腐化的龍匕首	common	no	item
Corrupt dragon longsword	腐化的龍長劍	common	no	item
Corrupt dragon mace	腐化的龍釘頭錘	common	no	item
Corrupt dragon mace (deg)	腐化的龍釘頭錘 (降階)	common	no	item
Corrupt dragon med helm	腐化的龍中型頭盔	common	no	item
Corrupt dragon med helm (deg)	腐化的龍中型頭盔 (降階)	common	no	item
Corrupt dragon platelegs	腐化的龍板腿甲	common	no	item
Corrupt dragon platelegs (deg)	腐化的龍板腿甲 (降階)	common	no	item
Corrupt dragon plateskirt	腐化的龍板甲裙	common	no	item
Corrupt dragon plateskirt (deg)	腐化的龍板甲裙 (降階)	common	no	item
Corrupt dragon scimitar	腐化的龍彎刀	common	no	item
Corrupt dragon spear	腐化的龍長矛	common	no	item
Corrupt dragon spear (deg)	腐化的龍長矛 (deg)	common	no	item
Corrupt dragon sq shield	腐化的龍製方盾	common	no	item
Corrupt dragon sq shield (deg)	腐化的龍製方盾 (降階)	common	no	item
Corrupt morrigan's coif	腐化的莫莉根鎖子甲頭罩	common	no	item
Corrupt morrigan's coif (deg)	腐化的莫莉根鎖子甲頭罩 (降階)	common	no	item
Corrupt morrigan's javelin	腐化的莫莉根投槍	common	no	item
Corrupt morrigan's leather body	腐化的莫莉根皮甲	common	no	item
Corrupt morrigan's leather body (deg)	腐化的莫莉根皮甲 (降階)	common	no	item
Corrupt morrigan's leather chaps	腐化的莫莉根皮革護腿	common	no	item
Corrupt morrigan's leather chaps (deg)	腐化的莫莉根皮革護腿 (降階)	common	no	item
Corrupt statius' full helm (deg)	墮落的史泰修斯全罩式頭盔 (降階)	common	no	item
Corrupt statius's full helm	墮落的史泰修斯全罩式頭盔	common	no	item
Corrupt statius's platebody	墮落的史泰修斯板甲	common	no	item
Corrupt statius's platebody (deg)	墮落的史泰修斯板甲 (降階)	common	no	item
Corrupt statius's platelegs	墮落的史泰修斯板甲腿部	common	no	item
Corrupt statius's platelegs (deg)	墮落的史泰修斯板甲腿部 (降階)	common	no	item
Corrupt statius's warhammer	墮落的史泰修斯戰鎚	common	no	item
Corrupt vesta's chainbody	墮落的薇絲塔鎖甲	common	no	item
Corrupt vesta's chainbody (deg)	墮落的薇絲塔鎖甲 (降階)	common	no	item
Corrupt vesta's longsword	墮落的薇絲塔長劍	common	no	item
Corrupt vesta's plateskirt	墮落的薇絲塔板裙	common	no	item
Corrupt vesta's plateskirt (deg)	墮落的薇絲塔板裙 (降階)	common	no	item
Corrupt vesta's spear	墮落的薇絲塔長矛	common	no	item
Corrupt vesta's spear (deg)	墮落的薇絲塔長矛 (降階)	common	no	item
Corrupt zuriel's hood	腐化的祖里爾兜帽	common	no	item
Corrupt zuriel's hood (deg)	腐化的祖里爾兜帽 (降階)	common	no	item
Corrupt zuriel's robe bottom	腐化的祖里爾長袍下裝	common	no	item
Corrupt zuriel's robe bottom (deg)	腐化的祖里爾長袍下裝 (降階)	common	no	item
Corrupt zuriel's robe top	腐化的祖里爾長袍上衣	common	no	item
Corrupt zuriel's robe top (deg)	腐化的祖里爾長袍上衣 (降階)	common	no	item
Corrupt zuriel's staff	腐化的祖里爾法杖	common	no	item
Corrupt zuriel's staff (deg)	腐化的祖里爾法杖 (降階)	common	no	item
Cosmic Being	宇宙生物	proper	yes	npc
Cosmic altar teleport	宇宙祭壇傳送	common	no	item
Cosmic rune	宇宙符文	common	no	item
Cosmic talisman	宇宙護身符	common	no	item
Cosmic talisman staff	宇宙護身符法杖	common	no	item
Cosmic tiara	宇宙冠冕	common	no	item
Council workman	議會工人	proper	yes	npc
Councillor Halgrive	哈爾格里夫議員	proper	yes	npc
Count Draynor	德雷諾爾伯爵	proper	yes	npc
Court judge	法官	proper	yes	npc
Cow	牛	proper	yes	npc
Cow calf	牛犢	proper	yes	npc
Cow1337killr	牛1337殺手	proper	yes	npc
Cowardly Bandit	膽小強盜	proper	yes	npc
Cowbells	牛鈴	common	no	item
Cowhide	牛皮	common	no	item
Crab	螃蟹	proper	yes	npc
Crab claw	螃蟹螯	common	no	item
Crab helmet	螃蟹頭盔	common	no	item
Crab meat	螃蟹肉	common	no	item
Crabclaw and hook	螃蟹爪與鉤子	common	no	item
Cracked phoenix egg	裂開的鳳凰蛋	common	no	item
Cracked sample	裂開的樣本	common	no	item
Crackers	餅乾	common	no	item
Crafting	製作	common	no	glossary
Crafting Tutor	製作導師	proper	yes	npc
Crafting cape	製作斗篷	common	no	item
Crafting cape(t)	製作斗篷(t)	common	no	item
Crafting hood	製作兜帽	common	no	item
Crafting manual	製作手冊	common	no	item
Crandor	克蘭多	proper	yes	namebi
Crandor map	Crandor 地圖	common	no	item
Crane claw	起重機吊爪	common	no	item
Crane schematic	起重機圖紙	common	no	item
Cranial clamp	頭蓋鉗	common	no	item
Crate	木箱	proper	yes	npc
Crate goblin	木箱哥布林	proper	yes	npc
Crate part	木箱零件	common	no	item
Crate with zanik	裝有扎尼克的木箱	common	no	item
Crawling Hand	爬行之手	proper	yes	npc
Crawling hand	爬行之手	proper	yes	npc
Crayfish	小龍蝦	common	no	item
Crayfish cage	小龍蝦籠子	common	no	item
Creakyknees	嘎吱作響的膝蓋	proper	yes	npc
Creapantic	克里潘提克	proper	yes	npc
Creature of Fenkenstrain	芬肯斯坦的生物	proper	yes	quest
Crest part	紋章部件	common	no	item
Criminal's dagger	罪犯的匕首	common	no	item
Criminal's thread	罪犯的線	common	no	item
Crimson charm	深紅護符	common	no	item
Crimson swift	深紅雨燕	proper	yes	npc
Crocodile	鱷魚	proper	yes	npc
Crondis	Crondis	proper	yes	npc
Crone	老巫婆	proper	yes	npc
Crone-made amulet	老巫婆製作的護身符	common	no	item
Crossbow	十字弩	common	no	item
Crossbow Shop (dwarven Mine)	十字弩店 (矮人礦坑)	common	no	shop
Crossbow Shop (keldagrim)	十字弩店 (keldagrim)	common	no	shop
Crossbow Shop (white Wolf Mountain)	十字弩店 (白狼山)	common	no	shop
Crossbow string	十字弩弓弦	common	no	item
Crow	烏鴉	proper	yes	npc
Crowbar	撬棍	common	no	item
Crude carving	粗糙的雕刻	common	no	item
Crude lockpick	粗糙的撬鎖器	common	no	item
Crude wooden chair	粗糙木椅	common	no	item
Cruder carving	更粗糙的雕刻	common	no	item
Crumbling tome	崩裂的典籍	common	no	item
Crumpled scroll	揉皺的卷軸	common	no	item
Crunchy claw token	脆裂爪記號	common	no	item
Crunchy tray	酥脆托盤	common	no	item
Crushed gem	粉碎的寶石	common	no	item
Crushed nest	破碎的巢穴	common	no	item
Crusher	粉碎者	proper	yes	npc
Crushing claw scroll	粉碎利爪卷軸	common	no	item
Crust of ice	冰殼	proper	yes	npc
Crypt rat	墓穴老鼠	proper	yes	npc
Crypt spider	墓穴蜘蛛	proper	yes	npc
Crystal ball	水晶球	common	no	item
Crystal bow 1/10	水晶弓 1/10	common	no	item
Crystal bow 2/10	水晶弓 2/10	common	no	item
Crystal bow 3/10	水晶弓 3/10	common	no	item
Crystal bow 4/10	水晶弓 4/10	common	no	item
Crystal bow 5/10	水晶弓 5/10	common	no	item
Crystal bow 6/10	水晶弓 6/10	common	no	item
Crystal bow 7/10	水晶弓 7/10	common	no	item
Crystal bow 8/10	水晶弓 8/10	common	no	item
Crystal bow 9/10	水晶弓 9/10	common	no	item
Crystal bow full	水晶弓（滿）	common	no	item
Crystal chime	水晶風鈴	common	no	item
Crystal key	水晶鑰匙	common	no	item
Crystal of power	力量水晶	common	no	item
Crystal of seren	瑟倫水晶	common	no	item
Crystal pendant	水晶吊墜	common	no	item
Crystal saw	水晶鋸子	common	no	item
Crystal seed	水晶種子	common	no	item
Crystal shield 1/10	水晶盾 1/10	common	no	item
Crystal shield 2/10	水晶盾 2/10	common	no	item
Crystal shield 3/10	水晶盾 3/10	common	no	item
Crystal shield 4/10	水晶盾 4/10	common	no	item
Crystal shield 5/10	水晶盾 5/10	common	no	item
Crystal shield 6/10	水晶盾 6/10	common	no	item
Crystal shield 7/10	水晶盾 7/10	common	no	item
Crystal shield 8/10	水晶盾 8/10	common	no	item
Crystal shield 9/10	水晶盾 9/10	common	no	item
Crystal shield full	水晶盾已滿	common	no	item
Crystal trinket	水晶飾品	common	no	item
Crystal-mine key	水晶礦鑰匙	common	no	item
Cube	立方體	common	no	item
Cuffs	手銬	proper	yes	npc
Culinaromancer	烹飪術士	proper	yes	npc
Culinaromancer's Chest	烹飪術士的寶箱	common	no	shop
Cup of hot water	一杯熱水	common	no	item
Cup of tea	一杯茶	common	no	item
Cup of water	一杯水	common	no	item
Cupric ore powder	銅礦粉末	common	no	item
Cupric sulphate	硫酸銅	common	no	item
Curator Haig Halen	館長海格·哈倫	proper	yes	npc
Cured yak-hide	醃製犛牛皮	common	no	item
Curly	捲髮	proper	yes	npc
Curly wig	捲髮假髮	common	no	item
Curpile Fyod	柯皮爾·費奧德	proper	yes	npc
Curry	咖哩	common	no	item
Curry leaf	咖哩葉	common	no	item
Curry sapling	咖哩小樹	common	no	item
Curry seedling	咖哩幼苗	common	no	item
Curry tree seed	咖哩樹木種子	common	no	item
Cursed magic logs	被詛咒的魔法原木	common	no	item
Cursed willow logs	被詛咒的柳樹原木	common	no	item
Curved bone	彎曲的骨頭	common	no	item
Custom bow string	客製化弓弦	common	no	item
Customer	顧客	proper	yes	npc
Customs Officer	海關人員	proper	yes	npc
Customs Sergeant	海關中士	proper	yes	npc
Customs hat	海關帽子	common	no	item
Customs officer	海關人員	proper	yes	npc
Customs shirt	海關襯衫	common	no	item
Customs trousers	海關長褲	common	no	item
Cute creature	可愛生物	proper	yes	npc
Cutthroat flag	割喉旗幟	common	no	item
Cyan crystal	青色水晶	common	no	item
Cyclops	單眼巨人	proper	yes	npc
Cylinder	圓柱體	common	no	item
Cyreg Paddlehorn	賽雷格·帕德爾霍恩	proper	yes	npc
Cyrisus	賽瑞斯	proper	yes	npc
Cyrisus's chest	賽瑞斯的胸甲	common	no	item
D'hide body (g)	龍皮胸甲 (g)	common	no	item
D'hide body (t)	龍皮胸甲 (t)	common	no	item
D'hide body(g)	龍皮胸甲(g)	common	no	item
D'hide chaps (g)	龍皮護腿 (g)	common	no	item
D'hide chaps (t)	龍皮護腿 (t)	common	no	item
Da Vinci	達文西	proper	yes	npc
Daconia rock	達科尼亞岩石	common	no	item
Dad	爸爸	proper	yes	npc
Daero	達羅	proper	yes	npc
Daeyalt ore	Daeyalt 礦石	common	no	item
Daga	達加	proper	yes	npc
Daga's Scimitar Smithy	達加的彎刀史密斯鍛造鋪	common	no	shop
Dagannoth	達加諾斯	proper	yes	npc
Dagannoth Prime	達加諾斯元始	proper	yes	npc
Dagannoth Rex	達加諾斯雷克斯	proper	yes	npc
Dagannoth Supreme	達加諾斯至尊	proper	yes	npc
Dagannoth bones	達加諾斯骨頭	common	no	item
Dagannoth fledgeling	達加諾斯幼雛	proper	yes	npc
Dagannoth hide	達加諾斯皮革	common	no	item
Dagannoth mother	達加諾斯之母	proper	yes	npc
Dagannoth ribs	達加諾斯肋骨	common	no	item
Dagannoth spawn	達加諾斯幼體	proper	yes	npc
Dagger (class 1)	匕首 (等級 1)	common	no	item
Dagger (class 2)	匕首 (等級 2)	common	no	item
Dagger (class 3)	匕首 (等級 3)	common	no	item
Dagger (class 4)	匕首 (等級 4)	common	no	item
Dagger (class 5)	匕首 (等級 5)	common	no	item
Dagon'hai Elite	Dagon'hai 精英	proper	yes	npc
Dagon'hai Monk	Dagon'hai 僧侶	proper	yes	npc
Dagon'hai hat	達貢海帽子	common	no	item
Dagon'hai history	達貢海歷史	common	no	item
Dagon'hai robe bottom	達貢海長袍下裝	common	no	item
Dagon'hai robe top	達貢海長袍上衣	common	no	item
Dagon'hai robes set	Dagon'hai 袍裝套裝	common	no	item
Dakh'thoulan Aegis	達克圖蘭·埃吉斯	proper	yes	npc
Dal's General Ogre Supplies	Dal 的食人魔綜合物資	common	no	shop
Dalal	達拉爾	proper	yes	npc
Dalcian Fang	Dalcian 獠牙	proper	yes	npc
Dalila	達莉拉	proper	yes	npc
Dalldav	達爾達夫	proper	yes	npc
Dalmatian	大麥町犬	proper	yes	npc
Dalmatian puppy	大麥町犬幼犬	proper	yes	npc
Dalvi	達爾維	proper	yes	namebi
Damaged armour	受損的護甲	common	no	item
Damaged book	受損的書籍	common	no	item
Damaged clay golem	受損黏土魔像	proper	yes	npc
Damaged dagger	受損的匕首	common	no	item
Damis	達米斯	proper	yes	npc
Damp cloth	濕布	common	no	item
Damp planks	潮濕的木板	common	no	item
Damp sticks	潮濕的木棍	common	no	item
Damp tinderbox	潮濕的火石盒	common	no	item
Damwin	達姆溫	proper	yes	npc
Dantaera	丹泰拉	proper	yes	npc
Dargaud's Bows And Arrows	Dargaud 的弓與箭	common	no	shop
Dark Squall	黑暗狂風	proper	yes	npc
Dark beast	暗黑野獸	proper	yes	npc
Dark bow	Dark bow 暗黑弓	common	no	item
Dark cavalier	深色騎士帽	common	no	item
Dark dagger	黑暗匕首	common	no	item
Dark energy core	暗能量核心	proper	yes	npc
Dark kebbit	黑暗克比特	proper	yes	npc
Dark kebbit fur	黑暗克比特皮毛	common	no	item
Dark mage	黑暗法師	proper	yes	npc
Dark mystic robes set	深色神秘師長袍套裝	common	no	item
Dark warrior	暗黑戰士	proper	yes	npc
Dark wizard	暗黑法師	proper	yes	npc
Darklight	暗光劍	proper	yes	item
Darkness of Hallowvale	哈洛威爾的黑暗	proper	yes	quest
Darren	達倫	proper	yes	npc
Darren's Wilderness Cape Shop	達倫的荒野斗篷商店	common	no	shop
Dart	飛鏢	common	no	item
Dartog	達托格	proper	yes	npc
Darve	達維	proper	yes	npc
Dashing kebbit	迅捷克比特	proper	yes	npc
Dashing kebbit fur	迅捷克比特皮毛	common	no	item
Davey	Davey	proper	yes	npc
David	大衛	proper	yes	npc
David's print	大衛的足跡	common	no	item
Davon	戴文	proper	yes	npc
Davon's Amulet Store	戴文的護身符店	common	no	shop
Davy kebbit hat	Davy 凱比特帽子	common	no	item
Dawg	Dawg	proper	yes	npc
Dead Monk	死亡僧侶	proper	yes	npc
Dead sea slug	死去的海蛞蝓	common	no	item
Dead swamp snake	死亡的沼澤蛇	proper	yes	npc
Dead tree	枯死的樹木	proper	yes	npc
Deadly claw scroll	致命利爪卷軸	common	no	item
Deadly red spider	致命紅蜘蛛	proper	yes	npc
Dealing with Scabaras	處理斯卡巴拉	proper	yes	quest
Death	死亡	proper	yes	npc
Death Plateau	死亡高原	proper	yes	quest
Death altar teleport	死亡祭壇傳送	common	no	item
Death rune	死亡符文	common	no	item
Death spawn	死亡衍生物	proper	yes	npc
Death talisman	死亡護身符	common	no	item
Death talisman staff	死亡護身符法杖	common	no	item
Death tiara	死亡冠冕	common	no	item
Death to the Dorgeshuun	朵吉舒恩之死亡	proper	yes	quest
Death wing	死亡之翼	proper	yes	npc
Decapitated head	被斬首的頭部	common	no	item
Decorative armour	裝飾用盔甲	common	no	item
Decorative helm	裝飾用頭盔	common	no	item
Decorative shield	裝飾用盾牌	common	no	item
Decorative sword	裝飾用劍	common	no	item
Deep blue sweets	深藍色糖果	common	no	item
Deepkiwi	Deepkiwi	proper	yes	npc
Defence	防禦	common	no	glossary
Defence cape	防禦斗篷	common	no	item
Defence cape(t)	防禦斗篷(t)	common	no	item
Defence hood	防禦兜帽	common	no	item
Defence mix(1)	防禦混合(1)	common	no	item
Defence mix(2)	防禦混合(2)	common	no	item
Defence potion(1)	防禦藥水(1)	common	no	item
Defence potion(2)	防禦藥水(2)	common	no	item
Defence potion(3)	防禦藥水(3)	common	no	item
Defence potion(4)	防禦藥水(4)	common	no	item
Defence potion(5)	防禦藥水 (5)	common	no	item
Defender horn	防禦者號角	common	no	item
Defender of Varrock	瓦洛克守護者	proper	yes	quest
Defensive shield	防禦盾牌	common	no	item
Defiler	褻瀆者	proper	yes	npc
Del-Monty	Del-Monty	proper	yes	npc
Delicious Goods	美味佳餚	common	no	shop
Delphinium seed	翠雀花種子	common	no	item
Delrith	德爾瑞斯	proper	yes	npc
Demon	惡魔	proper	yes	npc
Demon Slayer	屠魔任務	proper	yes	namebi
Demon butler	惡魔管家	proper	yes	npc
Demon lectern	惡魔講台	common	no	item
Demonic sigil	惡魔符文	common	no	item
Demonic sigil mould	惡魔符文模具	common	no	item
Demonic tome	惡魔之書	common	no	item
Denadu	德納杜	proper	yes	npc
Denath	丹納斯	proper	yes	npc
Denulth	丹諾斯	proper	yes	npc
Derni	德尼	proper	yes	npc
Dernu	德努	proper	yes	npc
Derrik	德瑞克	proper	yes	npc
Desert Lizard	沙漠蜥蜴	proper	yes	npc
Desert Phoenix	沙漠鳳凰	proper	yes	npc
Desert Spirit	沙漠精靈	proper	yes	npc
Desert Treasure	沙漠寶藏	proper	yes	quest
Desert Wolf	沙漠狼	proper	yes	npc
Desert boots	沙漠靴子	common	no	item
Desert camo legs	沙漠迷彩腿部	common	no	item
Desert camo top	沙漠迷彩上衣	common	no	item
Desert devil fur	沙漠惡魔皮毛	common	no	item
Desert disguise	沙漠偽裝	common	no	item
Desert eagle	沙漠老鷹	proper	yes	npc
Desert goat horn	沙漠山羊角	common	no	item
Desert legs	沙漠腿部裝備	common	no	item
Desert lizard	沙漠蜥蜴	common	no	item
Desert lizard bone	沙漠蜥蜴骨頭	common	no	item
Desert robe	沙漠長袍	common	no	item
Desert robes	沙漠長袍	common	no	item
Desert shirt	沙漠襯衫	common	no	item
Desert snake	沙漠蛇	proper	yes	npc
Desert top	沙漠上衣	common	no	item
Desert wyrm	沙漠蠕蟲	proper	yes	npc
Desert wyrm pouch	沙漠蠕蟲袋	common	no	item
Dessourt	德索特	proper	yes	npc
Dessous	德蘇	proper	yes	npc
Devin Mendelberg	德文·門德爾伯格	proper	yes	npc
Devious Minds	詭計心思	proper	yes	quest
Dharok	達洛克	common	no	gear
Dharok the Wretched	悲慘的達洛克	proper	yes	npc
Dharok's axe 0	Dharok 的斧頭 0	common	no	item
Dharok's axe 100	Dharok 的斧頭 100	common	no	item
Dharok's axe 25	Dharok 的斧頭 25	common	no	item
Dharok's axe 50	Dharok 的斧頭 50	common	no	item
Dharok's axe 75	Dharok 的斧頭 75	common	no	item
Dharok's body 0	Dharok 的身體 0	common	no	item
Dharok's body 100	Dharok 的身體 100	common	no	item
Dharok's body 25	Dharok 的身體 25	common	no	item
Dharok's body 50	Dharok 的身體 50	common	no	item
Dharok's body 75	Dharok 的身體 75	common	no	item
Dharok's greataxe	Dharok 的大斧	common	no	item
Dharok's helm	Dharok 的頭盔	common	no	item
Dharok's helm 0	Dharok 的頭盔 0	common	no	item
Dharok's helm 100	Dharok 的頭盔 100	common	no	item
Dharok's helm 25	Dharok 的頭盔 25	common	no	item
Dharok's helm 50	Dharok 的頭盔 50	common	no	item
Dharok's helm 75	Dharok 的頭盔 75	common	no	item
Dharok's legs 0	Dharok 的腿部 0	common	no	item
Dharok's legs 100	Dharok 的腿部 100	common	no	item
Dharok's legs 25	Dharok 的腿部 25	common	no	item
Dharok's legs 50	Dharok 的腿部 50	common	no	item
Dharok's legs 75	Dharok 的腿部 75	common	no	item
Dharok's platebody	Dharok 的板甲胸甲	common	no	item
Dharok's platelegs	Dharok 的板甲腿部	common	no	item
Diamond	鑽石	common	no	item
Diamond amulet	鑽石護身符	common	no	item
Diamond bauble	鑽石飾品	common	no	item
Diamond bolt tips	鑽石弩箭尖	common	no	item
Diamond bolts	鑽石弩箭	common	no	item
Diamond bolts (e)	鑽石弩箭 (e)	common	no	item
Diamond bracelet	鑽石手鐲	common	no	item
Diamond necklace	鑽石項鍊	common	no	item
Diamond ring	鑽石戒指	common	no	item
Diango	迪安戈	proper	yes	npc
Diango's Toy Store	迪安戈的玩具店	common	no	shop
Digsite pendant (1)	挖掘現場吊墜 (1)	common	no	item
Digsite pendant (2)	挖掘現場吊墜 (2)	common	no	item
Digsite pendant (3)	挖掘現場吊墜 (3)	common	no	item
Digsite pendant (4)	挖掘現場吊墜 (4)	common	no	item
Digsite pendant (5)	挖掘現場吊墜 (5)	common	no	item
Digsite workman	挖掘現場工人	proper	yes	npc
Dimintheis	迪明西斯	proper	yes	npc
Dire Wolf	恐狼	proper	yes	npc
Directionals	方向指示器	common	no	item
Directions	方向	common	no	item
Dirty blast	髒污的爆炸	common	no	item
Dirty laundry	髒衣服	common	no	item
Dirty robe	髒掉的長袍	common	no	item
Disciple of Iban	伊班的弟子	proper	yes	npc
Diseased kebbit	患病的凱比特	proper	yes	npc
Diseased kebbit fur	患病的凱比特皮毛	common	no	item
Disk of returning	回歸之盤	common	no	item
Display cabinet key	展示櫃鑰匙	common	no	item
Dissolve scroll	溶解卷軸	common	no	item
Dissy	迪西	proper	yes	namebi
Distantthin	遙遠的瘦削	proper	yes	npc
Distillator	蒸餾器	common	no	item
Divine sigil	神聖符印	common	no	item
Divine spirit shield	神聖靈魂盾牌	common	no	item
Diving apparatus	潛水裝置	common	no	item
Doctor Orbon	奧本醫生	proper	yes	npc
Doctors hat	醫生帽子	common	no	item
Doctors' gown	醫生長袍	common	no	item
Dodgy Mikes Second-hand Clothing	麥克的可疑二手衣物店	common	no	shop
Dodgy Penny	可疑的便士	proper	yes	npc
Dog	狗	proper	yes	npc
Doll	娃娃	common	no	item
Doll of iban	伊班玩偶	common	no	item
Dolmen	石棺	common	no	item
Dommik	多米克	proper	yes	npc
Dommik's Crafting Store	多米克的製作商店	common	no	shop
Donal	多納爾	proper	yes	npc
Dondakan the Dwarf	矮人多恩達坎	proper	yes	npc
Donie	多尼	proper	yes	npc
Donkey Wrong	錯誤驢子	proper	yes	npc
Donnacha	唐納查	proper	yes	npc
Donny the Lad	小伙子唐尼	proper	yes	npc
Donovan the Family Handyman	家庭修理工多諾萬	proper	yes	npc
Doogle leaves	Doogle 葉子	common	no	item
Doogle sardine	Doogle 沙丁魚	common	no	item
Doomion	杜米恩	proper	yes	npc
Doomsayer	末日預言者	proper	yes	npc
Doomsphere scroll	厄運球卷軸	common	no	item
Door	門	proper	yes	npc
Door key	門鑰匙	common	no	item
Door man	守門人	proper	yes	npc
Door transcription	門抄錄	common	no	item
Door-support	門支架	proper	yes	npc
Doorbellpl0x	門鈴pl0x	proper	yes	npc
Doorman	門衛	proper	yes	npc
Dorgesh-Kaan General Supplies	Dorgesh-Kaan 綜合物資	common	no	shop
Dorgesh-kaan sphere	多吉什-卡恩球體	common	no	item
Dorgeshuun	多吉修恩	proper	yes	namebi
Dorgeshuun c'bow	Dorgeshuun 弩	common	no	item
Doric	多里克	proper	yes	npc
Doric's Quest	多里克的任務	proper	yes	namebi
Doris	朵莉絲	proper	yes	npc
Doronbol	Doronbol	proper	yes	npc
Dossier	檔案	common	no	item
Double agent	雙重間諜	proper	yes	npc
Double eyepatches	雙重眼罩	common	no	item
Doug Deeping	杜格·迪平	proper	yes	npc
Dr Fenkenstrain	芬肯斯坦博士	proper	yes	npc
Dr Harlow	哈洛醫生	proper	yes	npc
Dr Jekyll	傑基爾醫生	proper	yes	npc
Draconic visage	龍之面容	common	no	item
Dragon	龍	proper	yes	npc
Dragon 2h sword	龍雙手劍	proper	yes	item
Dragon Slayer	龍獵殺	proper	yes	namebi
Dragon arrow	Dragon arrow 龍箭	proper	yes	item
Dragon arrow(p)	Dragon arrow(p) 龍箭(p)	proper	yes	item
Dragon arrow(p+)	Dragon arrow(p+) 龍箭(p+)	proper	yes	item
Dragon arrow(p++)	Dragon arrow(p++) 龍箭(p++)	proper	yes	item
Dragon arrowtips	Dragon arrowtips 龍箭尖端	proper	yes	item
Dragon axe	龍斧	proper	yes	item
Dragon battleaxe	龍戰斧	proper	yes	item
Dragon bitter	龍苦酒	proper	yes	item
Dragon bitter(1)	龍苦酒(1)	proper	yes	item
Dragon bitter(2)	龍苦酒(2)	proper	yes	item
Dragon bitter(3)	龍苦酒(3)	proper	yes	item
Dragon bitter(4)	龍苦酒(4)	proper	yes	item
Dragon bitter(m)	龍苦酒(m)	proper	yes	item
Dragon bitter(m1)	龍苦酒(m1)	proper	yes	item
Dragon bitter(m2)	龍苦酒(m2)	proper	yes	item
Dragon bitter(m3)	龍苦酒(m3)	proper	yes	item
Dragon bitter(m4)	龍苦酒(m4)	proper	yes	item
Dragon bolt tips	龍弩箭尖	proper	yes	item
Dragon bolts	龍弩箭	proper	yes	item
Dragon bolts (e)	龍弩箭 (e)	proper	yes	item
Dragon bones	龍骨頭	proper	yes	item
Dragon boots	龍 靴子	proper	yes	item
Dragon bracelet	龍手鐲	proper	yes	item
Dragon chain armour set (l)	龍鏈甲套裝 (l)	proper	yes	item
Dragon chain armour set (sk)	龍鏈甲套裝 (sk)	proper	yes	item
Dragon chainbody	龍鎖甲	proper	yes	item
Dragon claws	龍爪	proper	yes	item
Dragon dagger	龍匕首	proper	yes	item
Dragon dagger(p)	龍匕首(p)	proper	yes	item
Dragon dagger(p+)	龍匕首(p+)	proper	yes	item
Dragon dagger(p++)	龍匕首(p++)	proper	yes	item
Dragon dart	Dragon dart 龍飛鏢	proper	yes	item
Dragon dart tip	Dragon dart tip 龍飛鏢尖端	proper	yes	item
Dragon dart(p)	Dragon dart(p) 龍飛鏢(p)	proper	yes	item
Dragon dart(p+)	Dragon dart(p+) 龍飛鏢(p+)	proper	yes	item
Dragon dart(p++)	Dragon dart(p++) 龍飛鏢(p++)	proper	yes	item
Dragon display	龍展示	proper	yes	npc
Dragon fire arrows	Dragon fire arrows 龍火箭	proper	yes	item
Dragon full helm	龍全罩頭盔	proper	yes	item
Dragon gauntlets	龍手套	proper	yes	item
Dragon halberd	龍戟	proper	yes	item
Dragon hatchling	龍幼崽	proper	yes	item
Dragon head	龍頭部	proper	yes	npc
Dragon impling	龍小惡魔	proper	yes	npc
Dragon impling jar	龍小惡魔罐	proper	yes	item
Dragon inn tankard	龍旅館大啤酒杯	proper	yes	item
Dragon longsword	龍長劍	proper	yes	item
Dragon mace	龍釘頭錘	proper	yes	item
Dragon med helm	龍中型頭盔	proper	yes	item
Dragon med helm (charged)	龍中型頭盔 (充能)	proper	yes	item
Dragon med helm (e)	龍中型頭盔 (e)	proper	yes	item
Dragon necklace	龍項鍊	proper	yes	item
Dragon plate armour set (l)	龍板甲套裝 (l)	proper	yes	item
Dragon plate armour set (sk)	龍板甲套裝 (sk)	proper	yes	item
Dragon platebody	龍胸甲	proper	yes	item
Dragon platelegs	龍板腿甲	proper	yes	item
Dragon plateskirt	龍板甲裙	proper	yes	item
Dragon scale dust	龍鱗粉	proper	yes	item
Dragon scimitar	龍彎刀	proper	yes	item
Dragon slayer gloves	龍 獵殺手套	proper	yes	item
Dragon snowman	龍雪人	proper	yes	npc
Dragon snowman hat	龍雪人帽子	proper	yes	item
Dragon spear	龍長矛	proper	yes	item
Dragon spear(kp)	龍長矛(kp)	proper	yes	item
Dragon spear(p)	龍長矛(p)	proper	yes	item
Dragon spear(p+)	龍長矛(p+)	proper	yes	item
Dragon spear(p++)	龍長矛(p++)	proper	yes	item
Dragon sq shield	龍製方盾	proper	yes	item
Dragon token	龍代幣	proper	yes	item
Dragonfire shield	龍火盾	common	no	item
Dragonkin	龍裔	proper	yes	npc
Dragonkin key	龍裔鑰匙	common	no	item
Dragonstone	龍石	proper	yes	item
Dragonstone ammy	龍石護身符	proper	yes	item
Dragonstone ring	龍石戒指	proper	yes	item
Drain pipe	排水管	proper	yes	npc
Drake	德雷克	proper	yes	npc
Dramen	德拉門	proper	yes	namebi
Dramen branch	德拉門樹枝	common	no	item
Dramen staff	德拉門法杖	common	no	item
Dramen tree	Dramen 樹木	proper	yes	npc
Draul Leptoc	德勞爾·萊普托克	proper	yes	npc
Draynor	卓奈爾	proper	yes	namebi
Draynor Seed Market	德雷諾種子市場	common	no	shop
Draynor Village	卓奈爾村	common	no	glossary
Draynor skull	Draynor 頭骨	common	no	item
Dreadfowl	恐懼禽	proper	yes	npc
Dreadfowl pouch	恐懼禽袋	common	no	item
Dreadfowl strike scroll	恐懼禽打擊卷軸	common	no	item
Dream Mentor	夢境導師	proper	yes	quest
Dream log	夢境日誌	common	no	item
Dream potion	夢境藥水	common	no	item
Dream vial (empty)	夢境小瓶 (空)	common	no	item
Dream vial (herb)	夢境小瓶 (草藥)	common	no	item
Dream vial (water)	夢境小瓶 (水)	common	no	item
Dreamy lamp	夢幻燈	common	no	item
Dreven	德雷文	proper	yes	npc
Drezel	德雷澤爾	proper	yes	npc
Dried thistle	乾燥的薊草	common	no	item
Dried zombie	乾枯的殭屍	proper	yes	npc
Droalak	德羅拉克	proper	yes	npc
Droepedoff	Droepedoff	proper	yes	npc
Drogo dwarf	Drogo 矮人	proper	yes	npc
Drogo's Mining Emporium	Drogo 的採礦商行	common	no	shop
Dromund	德羅蒙德	proper	yes	npc
Dromund's cat	德羅蒙德的貓	proper	yes	npc
Dron	卓恩	proper	yes	npc
Drop	丟棄	common	no	glossary
Drorkar	Drorkar	proper	yes	npc
Druid	德魯伊	common	no	npc
Druid bodyguard	德魯伊保鑣	proper	yes	npc
Druid pouch	德魯伊小袋	common	no	item
Druid spirit	德魯伊靈魂	proper	yes	npc
Druid's robe	德魯伊長袍	common	no	item
Druidess	女德魯伊	proper	yes	npc
Druidic Ritual	德魯伊儀式	proper	yes	quest
Druidic mage bottom 0	德魯伊法師 底層 0	common	no	item
Druidic mage bottom 100	德魯伊法師下裝 100	common	no	item
Druidic mage bottom 20	德魯伊法師 底層 20	common	no	item
Druidic mage bottom 40	德魯伊法師 底層 40	common	no	item
Druidic mage bottom 60	德魯伊法師 底層 60	common	no	item
Druidic mage bottom 80	德魯伊法師下裝 80	common	no	item
Druidic mage hood 0	德魯伊法師兜帽 0	common	no	item
Druidic mage hood 100	德魯伊法師兜帽 100	common	no	item
Druidic mage hood 20	德魯伊法師兜帽 20	common	no	item
Druidic mage hood 40	德魯伊法師兜帽 40	common	no	item
Druidic mage hood 60	德魯伊法師兜帽 60	common	no	item
Druidic mage hood 80	德魯伊法師兜帽 80	common	no	item
Druidic mage top 0	德魯伊法師上裝 0	common	no	item
Druidic mage top 100	德魯伊法師上裝 100	common	no	item
Druidic mage top 20	德魯伊法師上裝 20	common	no	item
Druidic mage top 40	德魯伊法師上裝 40	common	no	item
Druidic mage top 60	德魯伊法師上裝 60	common	no	item
Druidic mage top 80	德魯伊法師上裝 80	common	no	item
Druidic spell	德魯伊咒語	common	no	item
Drunk dragon	醉龍	common	no	item
Drunk parrot	喝醉的鸚鵡	common	no	item
Drunken Ali	醉酒的 Ali	proper	yes	npc
Drunken Dwarf	醉酒的矮人	proper	yes	npc
Drunken dwarf's leg	醉酒的矮人的腿	proper	yes	npc
Drunken man	醉酒的男人	proper	yes	npc
Drunken sailor	醉醺醺的水手	proper	yes	npc
Dry sticks	乾燥的木棍	common	no	item
Dryad	樹精	proper	yes	npc
Duck	鴨子	proper	yes	npc
Duckling	小鴨子	proper	yes	npc
Ducklings	小鴨子	proper	yes	npc
Dugopul	杜戈普爾	proper	yes	npc
Duke	杜克	proper	yes	npc
Duke Horacio	霍拉西奧公爵	proper	yes	npc
Duke of Lumbridge	倫布里奇公爵	proper	yes	namebi
Dummy	訓練假人	proper	yes	npc
Dunce	笨蛋	proper	yes	npc
Dung	糞便	proper	yes	npc
Dungeon rat	地牢老鼠	proper	yes	npc
Dunstan	鄧斯坦	proper	yes	npc
Duradel	杜拉德爾	proper	yes	npc
Durgok	杜戈克	proper	yes	npc
Dust cloud scroll	塵埃雲卷軸	common	no	item
Dust devil	塵魔	proper	yes	npc
Dust rune	塵埃符文	common	no	item
Dusty key	布滿灰塵的鑰匙	common	no	item
Dusty scroll	布滿灰塵的卷軸	common	no	item
Dwarf	矮人	common	no	npc
Dwarf Cannon	矮人加農砲	proper	yes	quest
Dwarf Snowman	矮人雪人	proper	yes	npc
Dwarf brew	矮人釀	common	no	item
Dwarf cannon set	矮人加農砲套裝	common	no	item
Dwarf gang member	矮人幫派成員	proper	yes	npc
Dwarf remains	矮人殘骸	common	no	item
Dwarf snowman hat	矮人雪人帽子	common	no	item
Dwarf weed potion(unf)	矮人草藥水(未製成)	common	no	item
Dwarf weed seed	矮人雜草種子	common	no	item
Dwarven Boatman	矮人船夫	proper	yes	npc
Dwarven Engineer	矮人工程師	proper	yes	npc
Dwarven Ferryman	矮人渡船夫	proper	yes	npc
Dwarven Miner	矮人礦工	proper	yes	npc
Dwarven Mines	矮人礦場	proper	yes	namebi
Dwarven Shopping Store	矮人購物店	common	no	shop
Dwarven battleaxe	矮人戰斧	common	no	item
Dwarven helmet	dwarven helmet 矮人頭盔	common	no	item
Dwarven key	矮人鑰匙	common	no	item
Dwarven lore	dwarven lore (矮人傳說)	common	no	item
Dwarven rock cake	矮人岩石蛋糕	common	no	item
Dwarven stout	矮人濃黑啤酒	common	no	item
Dwarven stout(1)	矮人濃黑啤酒(1)	common	no	item
Dwarven stout(2)	矮人濃黑啤酒(2)	common	no	item
Dwarven stout(3)	矮人濃黑啤酒(3)	common	no	item
Dwarven stout(4)	矮人濃黑啤酒(4)	common	no	item
Dwarven stout(m)	矮人濃黑啤酒(m)	common	no	item
Dwarven stout(m1)	矮人濃黑啤酒(m1)	common	no	item
Dwarven stout(m2)	矮人濃黑啤酒(m2)	common	no	item
Dwarven stout(m3)	矮人濃黑啤酒(m3)	common	no	item
Dwarven stout(m4)	矮人濃黑啤酒(m4)	common	no	item
Dwellberries	居住莓果	common	no	item
Dwellberry seed	棲息莓果種子	common	no	item
Dyed orange	染色的柳橙	common	no	item
Dying tree	垂死的樹木	proper	yes	npc
Eadburg	艾德堡	proper	yes	npc
Eadgar	艾德加	proper	yes	npc
Eadgar's Ruse	艾德加的詭計	proper	yes	quest
Eagle	老鷹	proper	yes	npc
Eagle cape	老鷹斗篷	common	no	item
Eagle feather	老鷹羽毛	common	no	item
Eagle lectern	老鷹講台	common	no	item
Eagles' Peak	老鷹之巔	proper	yes	quest
Earlgrey	伯爵茶	proper	yes	npc
Earmuffs	耳罩	common	no	item
Earth Impling	大地小惡魔	proper	yes	npc
Earth Impling Puro	大地小惡魔 Puro	proper	yes	npc
Earth Mound	大地土丘	proper	yes	npc
Earth Warrior Champion	大地戰士冠軍	proper	yes	npc
Earth altar teleport	土元素祭壇傳送	common	no	item
Earth battlestaff	大地戰鬥法杖	common	no	item
Earth elemental	土元素	proper	yes	npc
Earth impling jar	大地小惡魔罐	common	no	item
Earth key	土鑰匙	common	no	item
Earth orb	大地法球	common	no	item
Earth rune	地符文	common	no	item
Earth runecrafting gloves	地符文製作 手套	common	no	item
Earth talisman	地護身符	common	no	item
Earth talisman staff	地護身符法杖	common	no	item
Earth tiara	土元素冠冕	common	no	item
Earth warrior	大地戰士	proper	yes	npc
Earth wizard	土法師	proper	yes	npc
Easter Bunny	復活節小兔子	proper	yes	npc
Easter egg	復活節蛋	common	no	item
Easter ring	復活節戒指	common	no	item
Eastern discovery	東方發現	common	no	item
Eastern settlement	東方定居點	common	no	item
Eblis	艾布利斯	proper	yes	npc
Ebon thunder scroll	烏木雷鳴卷軸	common	no	item
Echned Zekin	Echned Zekin	proper	yes	npc
Eclectic Impling	雜學小惡魔	proper	yes	npc
Eclectic Impling Puro	雜學小惡魔 Puro	proper	yes	npc
Eclectic impling jar	雜學小惡魔罐	common	no	item
Ecto-token	幽魂代幣	common	no	item
Ectophial	幽魂瓶	common	no	item
Ed Wood	Ed Wood	proper	yes	npc
Edern's journal	艾德恩的日記	common	no	item
Edgeville	艾吉村	proper	yes	glossary
Edgeville General Store	艾吉村雜貨店	common	no	shop
Edible seaweed	可食用海藻	common	no	item
Edmond	艾德蒙	proper	yes	npc
Edmond's Wilderness Cape Shop	艾德蒙的荒野斗篷店	common	no	shop
Eduard	愛德華	proper	yes	npc
Edward	愛德華	proper	yes	npc
Edward's Wilderness Cape Shop	愛德華的荒野斗篷商店	common	no	shop
Eebel	伊貝爾	proper	yes	npc
Eel sushi	鰻魚壽司	common	no	item
Effendi	艾芬迪	proper	yes	namebi
Effigy	塑像	proper	yes	npc
Egg	蛋	proper	yes	npc
Egg and tomato	蛋與番茄	common	no	item
Egg launcher	蛋發射器	proper	yes	npc
Egg potato	蛋馬鈴薯	common	no	item
Egg spawn scroll	蛋孵化卷軸	common	no	item
Egg whisk	打蛋器	common	no	item
Eggs (level 30 approx.)	蛋 (約等級 30)	common	no	item
Einar	艾納	proper	yes	npc
Ekeleshuun key	Ekeleshuun 鑰匙	common	no	item
Elder Guard	長老守衛	proper	yes	npc
Eldgrim	Eldgrim	proper	yes	npc
Electric lash scroll	電力鞭笞卷軸	common	no	item
Elegant shirt	優雅襯衫	common	no	item
Elemental Workshop	元素工坊	proper	yes	namebi
Elemental Workshop I	元素工坊 I	proper	yes	quest
Elemental Workshop II	元素工坊 II	proper	yes	quest
Elemental balance	元素平衡	proper	yes	npc
Elemental helmet	元素頭盔	common	no	item
Elemental mind bar	元素精神長條	common	no	item
Elemental ore	元素礦石	common	no	item
Elemental rock	元素岩石	proper	yes	npc
Elemental rune	元素符文	common	no	item
Elemental shield	元素護盾	common	no	item
Elemental spell	元素咒語	common	no	item
Elemental sphere	元素球	common	no	item
Elemental talisman	元素護身符	common	no	item
Elena	艾琳娜	proper	yes	npc
Elena portrait	艾琳娜肖像	common	no	item
Elf Tracker	精靈追蹤者	proper	yes	npc
Elf warrior	精靈戰士	proper	yes	npc
Elfinlocks	艾芬洛克斯	proper	yes	npc
Elidinis	艾利迪尼斯	proper	yes	namebi
Elisabeta	Elisabeta	proper	yes	npc
Elissa	伊莉莎	proper	yes	npc
Elite Black Knight	精英黑騎士	proper	yes	npc
Elite Dark Mage	精英黑暗法師	proper	yes	npc
Elite Dark Ranger	精英黑暗遊俠	proper	yes	npc
Elite Khazard guard	精英卡扎德守衛	proper	yes	npc
Elite black armour set	精英黑色護甲套裝	common	no	item
Elite black full helm	精英黑色全罩頭盔	common	no	item
Elite black platebody	精英黑色胸甲	common	no	item
Elite black platelegs	精英黑色護腿	common	no	item
Elizabeth	伊莉莎白	proper	yes	npc
Elizabeth's print	伊莉莎白的足跡	common	no	item
Elkoy	艾科伊	proper	yes	npc
Ellamaria	艾拉瑪利亞	proper	yes	npc
Ellena	艾琳娜	proper	yes	npc
Ellis	Ellis	proper	yes	npc
Elly the Camel	駱駝 Elly	proper	yes	npc
Elsie	艾爾西	proper	yes	npc
Elsie Parks	艾爾西·帕克斯	proper	yes	namebi
Elstan	Elstan	proper	yes	npc
Eluned	艾露妮德	proper	yes	npc
Elvarg	艾爾瓦格	proper	yes	npc
Elvarg's head	艾爾瓦格的頭部	common	no	item
Elven city guard	精靈城市守衛	proper	yes	npc
Elysian sigil	極樂符印	common	no	item
Elysian spirit shield	極樂靈魂盾牌	common	no	item
Embalmer	防腐師	proper	yes	npc
Embalming manual	防腐手冊	common	no	item
Emerald	祖母綠	common	no	item
Emerald Benedict	翡翠班尼迪克	proper	yes	npc
Emerald amulet	祖母綠護身符	common	no	item
Emerald bolt tips	祖母綠弩箭尖	common	no	item
Emerald bolts	祖母綠弩箭	common	no	item
Emerald bolts (e)	祖母綠弩箭 (e)	common	no	item
Emerald bracelet	祖母綠手鐲	common	no	item
Emerald lantern	祖母綠燈籠	common	no	item
Emerald lens	祖母綠透鏡	common	no	item
Emerald necklace	祖母綠項鍊	common	no	item
Emerald ring	祖母綠戒指	common	no	item
Emilia	Emilia	proper	yes	npc
Emily	艾蜜莉	proper	yes	npc
Employedman	受僱的男人	proper	yes	npc
Empty box	空箱	common	no	item
Empty bucket	空的水桶	common	no	item
Empty crate	空木箱	common	no	item
Empty cup	空杯子	common	no	item
Empty jug	空的水罐	common	no	item
Empty light orb	空的光球體	common	no	item
Empty oyster	空牡蠣	common	no	item
Empty pot	空鍋	common	no	item
Empty sack	空的麻袋	common	no	item
Empty spice shaker	空的香料瓶	common	no	item
Empty tax bag	空稅袋	common	no	item
Empty vial	空小瓶	common	no	item
Empty wine bottle	空葡萄酒瓶	common	no	item
Enakhra	艾納克拉	proper	yes	npc
Enakhra's Lament	艾納克拉的哀歌	proper	yes	quest
Enchant diamond	附魔鑽石	common	no	item
Enchant dragonstn.	附魔龍石	common	no	item
Enchant emerald	附魔祖母綠	common	no	item
Enchant onyx	附魔瑪瑙	common	no	item
Enchant ruby	附魔紅寶石	common	no	item
Enchant sapphire	附魔藍寶石	common	no	item
Enchanted Broom	附魔掃帚	proper	yes	npc
Enchanted Bucket	附魔水桶	proper	yes	npc
Enchanted bar	附魔金條	common	no	item
Enchanted bear meat	附魔的熊肉	common	no	item
Enchanted beef	附魔牛肉	common	no	item
Enchanted chicken	附魔的雞	common	no	item
Enchanted egg	附魔蛋	common	no	item
Enchanted flour	附魔麵粉	common	no	item
Enchanted gem	附魔寶石	common	no	item
Enchanted hat	附魔帽子	common	no	item
Enchanted key	附魔鑰匙	common	no	item
Enchanted key notes	附魔鑰匙筆記	common	no	item
Enchanted lyre	附魔里拉琴	common	no	item
Enchanted lyre(1)	附魔里拉琴(1)	common	no	item
Enchanted lyre(2)	附魔里拉琴(2)	common	no	item
Enchanted lyre(3)	附魔里拉琴(3)	common	no	item
Enchanted lyre(4)	附魔里拉琴(4)	common	no	item
Enchanted lyre(5)	附魔里拉琴(5)	common	no	item
Enchanted lyre(6)	附魔里拉琴(6)	common	no	item
Enchanted milk	附魔牛奶	common	no	item
Enchanted rat meat	附魔的老鼠肉	common	no	item
Enchanted robe	附魔長袍	common	no	item
Enchanted set	附魔套裝	common	no	item
Enchanted sickle emerald(b)	附魔鐮刀 祖母綠(b)	common	no	item
Enchanted stones	附魔石頭	common	no	item
Enchanted top	附魔上衣	common	no	item
Enchanted vial	被附魔的小瓶	common	no	item
Enchanted water tiara	附魔水元素冠冕	common	no	item
Enchantment Guardian	附魔守衛	proper	yes	npc
Enclave guard	聚落守衛	proper	yes	npc
Energy mix(1)	能量混合(1)	common	no	item
Energy mix(2)	能量混合(2)	common	no	item
Energy potion (1)	能量藥水 (1)	common	no	item
Energy potion (2)	能量藥水 (2)	common	no	item
Energy potion (3)	能量藥水 (3)	common	no	item
Energy potion (4)	能量藥水 (4)	common	no	item
Energy potion (5)	能量藥水 (5)	common	no	item
Energy potion(1)	能量藥水(1)	common	no	item
Energy potion(2)	能量藥水(2)	common	no	item
Energy potion(3)	能量藥水(3)	common	no	item
Energy potion(4)	能量藥水(4)	common	no	item
Engine	引擎	common	no	item
Engineer	工程師	proper	yes	npc
Engineer's letter	工程師的信件	common	no	item
Engineering assistant	工程助手	proper	yes	npc
Enhanced excalibur	強化聖劍	common	no	item
Enhtor Prysin	恩托·普里辛	proper	yes	namebi
Eniola	Eniola	proper	yes	npc
Enlightened Journey	開悟之旅	proper	yes	quest
Enraged barbarian spirit	狂怒的野蠻人靈魂	proper	yes	npc
Enriched snapdragon	強化金魚草	common	no	item
Enriched snapdragon seed	強化金魚草種子	common	no	item
Entrana	恩特拉納	proper	yes	namebi
Entrana firebird	Entrana 火鳥	proper	yes	npc
Entrance Guardian	入口守衛	proper	yes	npc
Eohric	艾奧里克	proper	yes	npc
Eoin	歐恩	proper	yes	npc
Equa leaves	Equa 葉子	common	no	item
Eric	艾瑞克	proper	yes	npc
Erik Bonde	艾瑞克·邦德	proper	yes	npc
Ermin	艾敏	proper	yes	npc
Ernest	歐尼斯	proper	yes	npc
Ernest the Chicken	歐尼斯與雞	proper	yes	namebi
Escaping slave	逃跑的奴隸	proper	yes	npc
Ess' impling jar	精華小惡魔罐	common	no	item
Essence Impling	精華小惡魔	proper	yes	npc
Essence Impling Puro	精華小惡魔 Puro	proper	yes	npc
Essence shipment scroll	精華運輸卷軸	common	no	item
Essyllt	艾希莉特	proper	yes	npc
Estate agent	地產經紀人	proper	yes	npc
Etchings	蝕刻圖案	common	no	item
Ethel Prim	艾瑟·普林	proper	yes	namebi
Ethenea	艾西妮亞	common	no	item
Ethereal Expert	飄渺的專家	proper	yes	npc
Ethereal Fluke	以太之僥倖	proper	yes	npc
Ethereal Guide	飄渺的嚮導	proper	yes	npc
Ethereal Lady	飄渺的女士	proper	yes	npc
Ethereal Man	飄渺的男人	proper	yes	npc
Ethereal Mimic	以太擬態	proper	yes	npc
Ethereal Numerator	飄渺的分子	proper	yes	npc
Ethereal Perceptive	飄渺的洞察者	proper	yes	npc
Eucalyptus ent	尤加利樹人	proper	yes	npc
Eucalyptus logs	尤加利原木	common	no	item
Eucalyptus pyre logs	尤加利柴堆原木	common	no	item
Eudav	尤達夫	proper	yes	npc
Evergreen	常綠樹	proper	yes	npc
Evil Bob	邪惡的鮑伯	proper	yes	npc
Evil Chicken	邪惡的雞	proper	yes	npc
Evil Dave	邪惡的戴夫	proper	yes	npc
Evil Wibbler	邪惡威布勒	proper	yes	npc
Evil chicken's egg	邪惡的雞的蛋	common	no	item
Evil creature	邪惡生物	proper	yes	npc
Evil dave	邪惡的戴夫	common	no	item
Evil flames scroll	邪惡火焰卷軸	common	no	item
Evil root	邪惡根莖	common	no	item
Evil spirit	邪靈	proper	yes	npc
Evil turnip	邪惡蕪菁	proper	yes	npc
Evil turnip pouch	邪惡蕪菁袋	common	no	item
Evil turnip seed	邪惡蕪菁種子	common	no	item
Ex-ex-parrot	前-前-鸚鵡	proper	yes	npc
Ex-ex-parrot in a magic cage	魔法籠子裡的前-前-鸚鵡	common	no	item
Ex-parrot	前-鸚鵡	common	no	item
Ex-parrot in a magic cage	魔法籠子裡的前-鸚鵡	common	no	item
Examine	查看	common	no	glossary
Examiner	檢查員	proper	yes	npc
Excalibur	聖劍	proper	yes	item
Exotic flower	異國花卉	common	no	item
Experiment	實驗	proper	yes	npc
Experiment No.2	實驗 2 號	proper	yes	npc
Experiment bone	實驗骨頭	common	no	item
Explode scroll	爆炸卷軸	common	no	item
Explorer Jack	探險家傑克	proper	yes	npc
Explorer's notes	探險家筆記	common	no	item
Explorer's ring 1	探險家戒指 1	common	no	item
Explorer's ring 2	探險家戒指 2	common	no	item
Explorer's ring 3	探險家戒指 3	common	no	item
Explosive potion	爆炸藥水	common	no	item
Explosive67	爆炸67	proper	yes	npc
Exquisite boots	精緻靴子	common	no	item
Exquisite clothes	精緻衣物	common	no	item
Extended brush	加長刷子	common	no	item
Eye of gnome	侏儒之眼	common	no	item
Eye of newt	蠑螈之眼	common	no	item
Eyepatch	眼罩	common	no	item
Ezekial Lovecraft	Ezekial Lovecraft	proper	yes	npc
Face mask	面具	common	no	item
Factory Manager	工廠經理	proper	yes	npc
Factory Worker	工廠工人	proper	yes	npc
Fadli	Fadli	proper	yes	npc
Fairtrade	公平貿易	proper	yes	npc
Fairy	精靈	proper	yes	npc
Fairy Aeryka	精靈 Aeryka	proper	yes	npc
Fairy Fixit	精靈修理工	proper	yes	npc
Fairy Godfather	精靈教父	proper	yes	npc
Fairy Nuff	精靈 Nuff	proper	yes	npc
Fairy Queen	精靈女王	proper	yes	npc
Fairy Very Wise	非常睿智的精靈	proper	yes	npc
Fairy chef	精靈廚師	proper	yes	npc
Fairy shop assistant	精靈店員	proper	yes	npc
Fairy shopkeeper	精靈店主	proper	yes	npc
Fairytale I - Growing Pains	童話 I - 成長中的煩惱	proper	yes	quest
Fairytale II - Cure a Queen	童話 II - 醫治女王	proper	yes	quest
Fake Man	假男人	proper	yes	npc
Fake beak	假鳥喙	common	no	item
Fake beard	假鬍鬚	common	no	item
Fake man	假男人	common	no	item
Fake monocle, moustache and nose	假單片眼鏡、鬍鬚與假鼻子	common	no	item
Fake moustache and nose	假鬍鬚與假鼻子	common	no	item
Faladian/Blurite Sword	法拉迪安/藍晶石劍	proper	yes	namebi
Falador	法魯多	proper	yes	glossary
Falador General Store	法魯多雜貨店	common	no	shop
Falador shield 1	法魯多盾牌 1	common	no	item
Falador shield 2	法魯多盾牌 2	common	no	item
Falador shield 3	法魯多盾牌 3	common	no	item
Falador teleport	法魯多傳送	common	no	item
Falconer's glove	獵鷹手套	common	no	item
Fallen Man	墮落的男人	proper	yes	npc
Family Crest	家族紋章	proper	yes	quest
Family gauntlets	家族手套	common	no	item
Famine scroll	饑荒卷軸	common	no	item
Fancy Clothes Store	高級服飾店	common	no	shop
Fancy Dan	華麗丹	proper	yes	npc
Fancy boots	精緻靴子	common	no	item
Fancy hedge	精緻樹籬	common	no	item
Fancy teak dresser	精緻柚木梳妝台	common	no	item
Fancy-dress shop owner	變裝服飾店店主	proper	yes	npc
Fanellaman	法內拉曼	proper	yes	npc
Fareed	法里德	proper	yes	npc
Farid Morrisane (ores)	法里德·莫里斯安 (礦石)	proper	yes	npc
Farmer	農夫	common	no	npc
Farmer Blinkin	農夫布林金	proper	yes	npc
Farmer Brumty	農夫布倫蒂	proper	yes	npc
Farmer Fromund	農夫 弗隆德	proper	yes	npc
Farmer's fork	農夫的草叉	common	no	item
Farming	農耕	common	no	glossary
Farming cape	農耕斗篷	common	no	item
Farming cape(t)	農耕斗篷(t)	common	no	item
Farming hood	農耕兜帽	common	no	item
Farming manual	農耕手冊	common	no	item
Farseer helm	遠見先知頭盔	common	no	item
Farseer helm (charged)	遠見先知頭盔 (充能)	common	no	item
Farseer helm (e)	遠見先知頭盔 (e)	common	no	item
Fat Rocco	胖子 Rocco	proper	yes	npc
Fat Tony	胖湯尼	proper	yes	npc
Fat snail	肥大的蝸牛	common	no	item
Fat snail meat	肥大的蝸牛肉	common	no	item
Father Aereck	艾瑞克神父	proper	yes	npc
Father Badden	巴登神父	proper	yes	npc
Father Lawrence	勞倫斯神父	proper	yes	npc
Father Reen	雷恩神父	proper	yes	npc
Father Urhney	厄尼神父	proper	yes	npc
Fayeth	費絲	proper	yes	npc
Fayrg bones	Fayrg 骨頭	common	no	item
Fear reaper	恐懼收割者	proper	yes	npc
Feather	羽毛	common	no	item
Feather headdress	羽毛頭飾	common	no	item
Feather headdress (charged)	羽毛頭飾 (充能)	common	no	item
Feathered journal	羽毛日誌	common	no	item
Feldip weasel fur	費爾迪普鼬皮毛	common	no	item
Felkrash	費爾克拉什	proper	yes	npc
Female h.a.m.	女性 h.a.m.	common	no	item
Female slave	女奴隸	proper	yes	npc
Femi	費米	proper	yes	npc
Fenkenstrain's Monster	芬肯斯坦的怪物	proper	yes	npc
Ferd	費德	proper	yes	npc
Fernahei	費納海	proper	yes	npc
Fernahei's Fishing Hut	費納海 的釣魚小屋	common	no	shop
Ferocious barbarian spirit	兇猛的野蠻人靈魂	proper	yes	npc
Ferret	雪貂	proper	yes	npc
Fever grass	發燒草	common	no	item
Fever spider	發燒蜘蛛	proper	yes	npc
Fever spider body	發燒蜘蛛屍體	common	no	item
Fez	土耳其氈帽	common	no	item
Fiara	Fiara	proper	yes	npc
Fibula piece	腓骨碎片	common	no	item
Fidelio	費德里奧	proper	yes	npc
Field ration	野戰口糧	common	no	item
Fight Arena	格鬥競技場	proper	yes	quest
Fighter hat	戰士帽子	common	no	item
Fighter torso	戰士胸甲	common	no	item
Fighting boots	戰鬥靴子	common	no	item
Fightslave	戰奴	proper	yes	npc
File	檔案	common	no	item
Filiman Tarlock	費利曼·塔洛克	proper	yes	npc
Fillets	切片	common	no	item
Filliman	費利曼	proper	yes	namebi
Filliman Tarlock	費利曼·塔洛克	proper	yes	namebi
Financial Advisor	財務顧問	proper	yes	namebi
Financial advisor	財務顧問	proper	yes	npc
Fine Fashions	精緻時尚	common	no	shop
Fine cloth	精細布料	common	no	item
Fingernails	指甲	common	no	item
Fingers	手指	common	no	item
Finn	芬恩	proper	yes	npc
Fionella	費歐內拉	proper	yes	npc
Fionn	費恩	proper	yes	npc
Fior	菲奧	proper	yes	npc
Fire Warrior of Lesarkus	萊薩庫斯的火焰戰士	proper	yes	npc
Fire altar teleport	火祭壇傳送	common	no	item
Fire battlestaff	火元素戰鬥法杖	common	no	item
Fire beacon	火焰信標	common	no	item
Fire cape	火焰斗篷	common	no	item
Fire elemental	火元素	proper	yes	npc
Fire feather	火焰羽毛	common	no	item
Fire giant	火焰巨人	proper	yes	npc
Fire giant bone	火焰巨人骨頭	common	no	item
Fire key	火焰鑰匙	common	no	item
Fire monster	火焰怪物	proper	yes	npc
Fire orb	火焰法球	common	no	item
Fire rune	火符文	common	no	item
Fire talisman	火護身符	common	no	item
Fire talisman staff	火護身符法杖	common	no	item
Fire tiara	火元素冠冕	common	no	item
Fire titan	火焰泰坦	proper	yes	npc
Fire titan pouch	火焰泰坦袋子	common	no	item
Fire wizard	火法師	proper	yes	npc
Fireball assault scroll	火球突襲卷軸	common	no	item
Firemaking	生火	common	no	glossary
Firemaking cape	生火斗篷	common	no	item
Firemaking cape(t)	生火斗篷(t)	common	no	item
Firemaking hood	生火兜帽	common	no	item
Firemaking tome	生火之書	common	no	item
Firework	煙火	common	no	item
First mate 'Davey-boy	大副「Davey男孩」	proper	yes	npc
Fiscal statement	財務聲明	common	no	item
Fish	魚	proper	yes	npc
Fish food	魚飼料	common	no	item
Fish monger	魚販	proper	yes	npc
Fish offcuts	魚碎料	common	no	item
Fish pie	魚派	common	no	item
Fish rain scroll	魚雨卷軸	common	no	item
Fishbowl	魚碗	common	no	item
Fishbowl and net	魚碗與網	common	no	item
Fishbowl helmet	魚碗頭盔	common	no	item
Fisherman	漁夫	proper	yes	npc
Fisherman Frodi	漁夫弗羅迪	proper	yes	npc
Fishing	釣魚	common	no	glossary
Fishing Contest	釣魚競賽	proper	yes	quest
Fishing Guild Shop.	釣魚公會商店。	common	no	shop
Fishing Tutor	釣魚導師	proper	yes	npc
Fishing bait	釣魚誘餌	common	no	item
Fishing cape	釣魚斗篷	common	no	item
Fishing cape(t)	釣魚斗篷(t)	common	no	item
Fishing explosive	釣魚炸藥	common	no	item
Fishing hood	釣魚兜帽	common	no	item
Fishing mix(1)	釣魚混合(1)	common	no	item
Fishing mix(2)	釣魚混合(2)	common	no	item
Fishing pass	釣魚通行證	common	no	item
Fishing potion(1)	釣魚藥水(1)	common	no	item
Fishing potion(2)	釣魚藥水(2)	common	no	item
Fishing potion(3)	釣魚藥水(3)	common	no	item
Fishing potion(4)	釣魚藥水(4)	common	no	item
Fishing rod	釣魚竿	common	no	item
Fishing spot	釣魚點	proper	yes	npc
Fishing tome	釣魚之書	common	no	item
Fishing trophy	釣魚獎盃	common	no	item
Fishlike thing	魚狀物	common	no	item
Fishmonger	魚販	proper	yes	npc
Fishy prison uniform top	魚紋囚服上衣	common	no	item
Fist of guthix token	古希斯之拳代幣	common	no	item
Fistandantilus	費斯坦丹提魯斯	proper	yes	npc
Five barrels	五個木桶	common	no	item
Fixed device	修復好的裝置	common	no	item
Fixmydoorup	修好我的門	proper	yes	npc
Fiyr Shade	Fiyr 幽魂	proper	yes	npc
Fiyr Shadow	Fiyr 之影	proper	yes	npc
Fiyr remains	Fiyr 的殘骸	common	no	item
Flag	旗幟	common	no	item
Flail dust	連枷粉塵	common	no	item
Flambeed	弗蘭比德	proper	yes	npc
Flame gloves	火焰手套	common	no	item
Flamtaer hammer	Flamtaer 鐵鎚	common	no	item
Flared trousers	喇叭口長褲	common	no	item
Flash powder	閃光粉	common	no	item
Flattened hide	壓平皮革	common	no	item
Flax	亞麻	common	no	item
Flaygian Screwte	Flaygian Screwte	proper	yes	npc
Flesh Crawler	血肉爬行者	proper	yes	npc
Fletching	製箭	common	no	glossary
Fletching cape	製箭斗篷	common	no	item
Fletching cape(t)	製箭斗篷(t)	common	no	item
Fletching hood	製箭兜帽	common	no	item
Flier	飛行物	common	no	item
Flies	蒼蠅	proper	yes	npc
Flight Kilisa	飛行者基莉莎	proper	yes	npc
Flighted ogre arrow	有羽的食人魔箭	common	no	item
Flippa	弗利帕	proper	yes	npc
Flippers	蛙鞋	common	no	item
Flockleader Geerin	群領者蓋林	proper	yes	npc
Florin	Florin	proper	yes	npc
Flosi's Fishmongers	Flosi 的魚販	common	no	shop
Flossi Dalksson	弗洛西·達爾克森	proper	yes	npc
Flour	麵粉	common	no	item
Flower Girl	賣花少女	proper	yes	npc
Flowers	花朵	common	no	item
Fluffs	弗拉夫斯	proper	yes	npc
Fly fishing rod	毛鉤釣魚竿	common	no	item
Fly trap	捕蠅草	proper	yes	npc
Flying Book	飛行之書	proper	yes	npc
Flying bugs	飛行蟲子	proper	yes	npc
Flying female vampire	飛行的女性吸血鬼	proper	yes	npc
Flynn	弗林	proper	yes	npc
Flynn's Mace Market	弗林的錘市場	common	no	shop
Flypaper	捕蠅紙	common	no	item
Food (class 1)	食物 (等級 1)	common	no	item
Food (class 2)	食物 (等級 2)	common	no	item
Food (class 3)	食物 (等級 3)	common	no	item
Food (class 4)	食物 (等級 4)	common	no	item
Food (class 5)	食物 (等級 5)	common	no	item
Foot	腳	common	no	item
Foreman	工頭	proper	yes	npc
Forester	林務員	proper	yes	npc
Forge regent	鍛造攝政王	proper	yes	npc
Forge regent pouch	鍛造攝政王袋子	common	no	item
Forgettable Tale...	被遺忘的故事...	proper	yes	quest
Forinthry brace(1)	佛林斯里護腕(1)	common	no	item
Forinthry brace(2)	佛林斯里護腕(2)	common	no	item
Forinthry brace(3)	佛林斯里護腕(3)	common	no	item
Forinthry brace(4)	佛林斯里護腕(4)	common	no	item
Forinthry brace(5)	佛林斯里護腕(5)	common	no	item
Forlorn boot	淒涼的靴子	common	no	item
Former vampyre	前吸血鬼	proper	yes	npc
Fortress Guard	要塞守衛	proper	yes	npc
Fortunato	福圖納托	proper	yes	npc
Fortunato's Fine Wine	福圖納托的美酒	common	no	shop
Fossegrimen	Fossegrimen	proper	yes	npc
Four barrels	四個木桶	common	no	item
Fox	狐狸	proper	yes	npc
Foxyhunter	狐狸狩獵	proper	yes	npc
Fractured crystal	破碎的水晶	common	no	item
Fragment 1	碎片 1	common	no	item
Fragment 2	碎片 2	common	no	item
Fragment 3	碎片 3	common	no	item
Francis	弗朗西斯	proper	yes	npc
Frank	法蘭克	proper	yes	npc
Frank's mark	法蘭克的標記	common	no	item
Frank's print	法蘭克的足跡	common	no	item
Franklin Caranos	法蘭克林·卡拉諾斯	proper	yes	npc
Frawd	Frawd	proper	yes	npc
Freaky Forester	怪異的林務員	proper	yes	npc
Freakypeaky	瘋狂Peaky	proper	yes	npc
Fred Parks	佛雷德·帕克斯	proper	yes	namebi
Fred the Farmer	農夫佛雷德	proper	yes	npc
Free-to-play	免費遊玩	common	no	glossary
Freidir	弗雷迪爾	proper	yes	npc
Fremennik	弗雷梅尼克	proper	yes	namebi
Fremennik Fishmonger	弗雷梅尼克 魚販	common	no	shop
Fremennik Fur Trader	弗雷梅尼克皮毛交易商	common	no	shop
Fremennik ballad	弗雷梅尼克民謠	common	no	item
Fremennik blade	弗雷梅尼克之刃	common	no	item
Fremennik boots	弗雷梅尼克靴子	common	no	item
Fremennik cloak	弗雷梅尼克斗篷	common	no	item
Fremennik hat	弗雷梅尼克帽子	common	no	item
Fremennik helm	弗雷梅尼克頭盔	common	no	item
Fremennik robe	弗雷梅尼克長袍	common	no	item
Fremennik round shield	弗雷梅尼克圓盾	common	no	item
Fremennik sea boots 1	弗雷米尼克海之靴子 1	common	no	item
Fremennik sea boots 2	弗雷米尼克海之靴子 2	common	no	item
Fremennik sea boots 3	弗雷米尼克海之靴子 3	common	no	item
Fremennik shield	弗雷梅尼克盾牌	common	no	item
Fremennik shirt	弗雷梅尼克襯衫	common	no	item
Fremennik skirt	弗雷梅尼克裙	common	no	item
Frenita	芙蕾妮塔	proper	yes	npc
Frenita's Cookery Shop.	芙蕾妮塔的烹飪店。	common	no	shop
Fresh Meat	新鮮肉類	common	no	shop
Fresh crab claw	新鮮螃蟹螯	common	no	item
Fresh crab shell	新鮮螃蟹殼	common	no	item
Fresh monkfish	新鮮僧侶魚	common	no	item
Freygerd	弗雷格德	proper	yes	npc
Fridgeir	Fridgeir	proper	yes	npc
Fridleif Shieldson	弗里德利夫·希爾德森	proper	yes	npc
Fried mushrooms	煎蘑菇	common	no	item
Fried onions	炒洋蔥	common	no	item
Frincos	弗林科斯	proper	yes	npc
Frincos' Fabulous Herb Store.	弗林科斯 的精彩草藥店。	common	no	shop
Fritz the Glassblower	吹製玻璃的弗里茨	proper	yes	npc
Frizzy Skernip	「捲髮」斯克尼普	proper	yes	npc
Frog	青蛙	proper	yes	npc
Frog mask	青蛙面具	common	no	item
Frog prince	青蛙王子	proper	yes	npc
Frog princess	青蛙公主	proper	yes	npc
Frog spawn	青蛙卵	common	no	item
Frog token	青蛙代幣	common	no	item
Frog-leather body	青蛙皮革皮甲	common	no	item
Frog-leather boots	青蛙皮革靴子	common	no	item
Frog-leather chaps	青蛙皮革護腿	common	no	item
Frogburger	青蛙漢堡	common	no	item
Frogeel	蛙人	proper	yes	npc
Frogspawn gumbo	青蛙卵燉菜	common	no	item
Frondlike	葉狀的	proper	yes	npc
Froono	弗魯諾	proper	yes	npc
Frozen bucket	結冰的水桶	common	no	item
Frozen jug	結冰的水罐	common	no	item
Frozen key	結冰的鑰匙	common	no	item
Frozen vase	結冰的花瓶	common	no	item
Fruit bat	水果蝙蝠	proper	yes	npc
Fruit bat pouch	水果蝙蝠袋	common	no	item
Fruit batta	水果 batta	common	no	item
Fruit blast	水果爆發	common	no	item
Fruitfall scroll	果實降臨卷軸	common	no	item
Frying pan	平底鍋	common	no	item
Full bucket	裝滿的水桶	common	no	item
Full folder	裝滿的夾層	common	no	item
Full jug	裝滿的水罐	common	no	item
Full kettle	滿水的水壺	common	no	item
Fullangr	弗蘭格	proper	yes	npc
Funch's Fine Groceries	Funch 的優質雜貨店	common	no	shop
Fungi	真菌	proper	yes	npc
Fungicide	真菌殺手	common	no	item
Fungicide spray 0	真菌殺手噴霧 0	common	no	item
Fungicide spray 1	真菌殺劑噴霧 1	common	no	item
Fungicide spray 10	真菌殺劑噴霧 10	common	no	item
Fungicide spray 2	真菌殺劑噴霧 2	common	no	item
Fungicide spray 3	真菌殺劑噴霧 3	common	no	item
Fungicide spray 4	真菌殺劑噴霧 4	common	no	item
Fungicide spray 5	真菌殺劑噴霧 5	common	no	item
Fungicide spray 6	真菌殺劑噴霧 6	common	no	item
Fungicide spray 7	真菌殺劑噴霧 7	common	no	item
Fungicide spray 8	真菌殺劑噴霧 8	common	no	item
Fungicide spray 9	真菌殺劑噴霧 9	common	no	item
Funorbrox	芬諾布羅克斯	proper	yes	npc
Fur	皮毛	common	no	item
Fur trader	皮毛交易商	proper	yes	npc
Furnace grate	熔爐格柵	proper	yes	npc
Fuse	引信	common	no	item
Fycie	費西	proper	yes	npc
Fyiona Fray	費歐娜·弗雷	proper	yes	npc
G.L.O. Caranock	G.L.O. 卡拉諾克	proper	yes	npc
GDT Slot	GDT 插槽	common	no	item
Gabooty	加布蒂	proper	yes	npc
Gabooty's Tai Bwo Wannai Cooperative	加布蒂 的 Tai Bwo Wannai 合作社	common	no	shop
Gabooty's Tai Bwo Wannai Drinky Store	加布蒂的 Tai Bwo Wannai 飲品店	common	no	shop
Gabriela	加布里埃拉	proper	yes	npc
Gadderanks	Gadderanks	proper	yes	npc
Gadderhammer	加德鐵鎚	common	no	item
Gaffit Malore	加菲特·馬洛	proper	yes	namebi
Gaius	蓋烏斯	proper	yes	npc
Gaius' Two Handed Shop.	蓋烏斯的雙手武器店	common	no	shop
Galahad	加拉哈德	proper	yes	npc
Galina	加琳娜	proper	yes	npc
Gambler	賭徒	proper	yes	npc
Game NPC	遊戲 NPC	proper	yes	npc
Game book	遊戲書籍	common	no	item
Games necklace(1)	遊戲項鍊(1)	common	no	item
Games necklace(2)	遊戲項鍊(2)	common	no	item
Games necklace(3)	遊戲項鍊(3)	common	no	item
Games necklace(4)	遊戲項鍊(4)	common	no	item
Games necklace(5)	遊戲項鍊(5)	common	no	item
Games necklace(6)	遊戲項鍊(6)	common	no	item
Games necklace(7)	遊戲項鍊(7)	common	no	item
Games necklace(8)	遊戲項鍊(8)	common	no	item
Gamfred	葛姆弗雷德	proper	yes	npc
Garai	加萊	proper	yes	npc
Garden brush	花園刷子	common	no	item
Garden cane	花園手杖	common	no	item
Garden of Tranquility	寧靜花園	proper	yes	quest
Garden pie	花園派	common	no	item
Garden supplier	花園供應商	proper	yes	npc
Gardener	園丁	proper	yes	npc
Gardener Ghost	園丁幽靈	proper	yes	npc
Gardener Gunnhild	園丁岡希爾德	proper	yes	npc
Gardening boots	園藝靴子	common	no	item
Gardening trowel	園藝泥鏟	common	no	item
Gargh	加格	proper	yes	npc
Gargoyle	石像鬼	proper	yes	npc
Garkor	加科爾	proper	yes	npc
Garlic	大蒜	common	no	item
Garlic powder	大蒜粉	common	no	item
Garth	加斯	proper	yes	npc
Garv	加夫	proper	yes	npc
Gas mask	防毒面具	common	no	item
Gate of War	戰爭之門	proper	yes	npc
Gatekeeper	守門人	proper	yes	npc
Gauss	高斯	proper	yes	npc
Gecko	壁虎	proper	yes	npc
Gee	天啊	proper	yes	npc
Gelatinnoth Mother	凝膠諾斯之母	proper	yes	npc
Gem Store	寶石商店	common	no	shop
Gem Trader (stall)	寶石商人 (攤位)	common	no	shop
Gem merchant	寶石商人	proper	yes	npc
Gem trader	寶石商人	proper	yes	npc
General Bentnoze	彎鼻將軍	proper	yes	npc
General Graardor	將軍格拉多爾	proper	yes	npc
General Hining	Hining 將軍	proper	yes	npc
General Khazard	卡扎德將軍	proper	yes	npc
General Store (Canifis)	雜貨店 (Canifis)	common	no	shop
General Wartface	疣臉將軍	proper	yes	npc
Generals Wartface	沃特菲斯將軍	proper	yes	namebi
Generate compost scroll	生成堆肥卷軸	common	no	item
Generic Diplomat	普通外交官	proper	yes	npc
Genie	精靈	proper	yes	npc
Geoffrey	傑佛瑞	proper	yes	npc
George Laxmeister	喬治·拉克思邁斯特	proper	yes	npc
Georgy	喬治	proper	yes	npc
Gerald	傑拉德	proper	yes	npc
Gerrant	蓋蘭特	proper	yes	npc
Gerrant's Fishy Business	蓋蘭特的魚類生意	common	no	shop
Gertrude	葛特魯德	proper	yes	npc
Gertrude's Cat	葛特魯德的貓	proper	yes	quest
Gertrude's cat	葛特魯德的貓	proper	yes	npc
Gethin	蓋辛	proper	yes	npc
Getorix	Getorix	proper	yes	npc
Geyser titan	間歇泉泰坦	proper	yes	npc
Geyser titan pouch	間歇泉泰坦袋子	common	no	item
Ghaslor the Elder	長者加斯洛	proper	yes	npc
Ghast	蓋斯特	proper	yes	npc
Ghommal	戈馬爾	proper	yes	npc
Ghost	幽靈	proper	yes	npc
Ghost (?)	幽靈 (?)	proper	yes	npc
Ghost banker	幽靈銀行家	proper	yes	npc
Ghost buster 500	幽靈獵人 500	common	no	item
Ghost captain	幽靈船長	proper	yes	npc
Ghost disciple	幽靈弟子	proper	yes	npc
Ghost farmer	幽靈農夫	proper	yes	npc
Ghost guard	幽靈守衛	proper	yes	npc
Ghost innkeeper	幽靈旅店老闆	proper	yes	npc
Ghost sailor	幽靈水手	proper	yes	npc
Ghost shopkeeper	幽靈店主	proper	yes	npc
Ghost villager	幽靈村民	proper	yes	npc
Ghost's skull	幽靈頭骨	common	no	item
Ghostly boots	幽靈靴子	common	no	item
Ghostly cloak	幽靈斗篷	common	no	item
Ghostly gloves	幽靈手套	common	no	item
Ghostly hood	幽靈兜帽	common	no	item
Ghostly robe	幽靈長袍	common	no	item
Ghostly warrior	幽靈戰士	proper	yes	npc
Ghosts Ahoy	幽靈出沒	proper	yes	quest
Ghostspeak amulet	幽靈語護身符	common	no	item
Ghoul	食屍鬼	proper	yes	npc
Ghoul Champion	食屍鬼冠軍	proper	yes	npc
Ghoul bone	食屍鬼骨頭	common	no	item
Ghrim's book	Ghrim 的書籍	common	no	item
Gianne	姬安	proper	yes	namebi
Gianne dough	Gianne 的麵糰	common	no	item
Gianne jnr.	吉安尼二世	proper	yes	npc
Gianne's Restaurant	詹妮的餐廳	common	no	shop
Gianne's cook book	Gianne 的廚師書籍	common	no	item
Giant	巨人	proper	yes	npc
Giant Champion	巨人冠軍	proper	yes	npc
Giant Lobster	巨人龍蝦	proper	yes	npc
Giant Mole	巨人鼴鼠	proper	yes	npc
Giant Roc	巨人羅克鳥	proper	yes	npc
Giant Rock Crab	巨人岩石蟹	proper	yes	npc
Giant Sea Snake	巨人海蛇	proper	yes	npc
Giant ant soldier	巨人螞蟻士兵	proper	yes	npc
Giant ant worker	巨人螞蟻工人	proper	yes	npc
Giant bat	巨型蝙蝠	proper	yes	npc
Giant bat wing	巨型蝙蝠翅膀	common	no	item
Giant carp	巨人鯉魚	common	no	item
Giant chinchompa	巨人金奇姆帕	proper	yes	npc
Giant chinchompa pouch	巨人金奇姆帕袋子	common	no	item
Giant crab	巨人螃蟹	proper	yes	npc
Giant crypt rat	巨人墓穴老鼠	proper	yes	npc
Giant crypt spider	巨人墓穴蜘蛛	proper	yes	npc
Giant eagle	巨人老鷹	common	no	item
Giant ent	巨人樹人	proper	yes	npc
Giant ent pouch	巨人樹人袋	common	no	item
Giant frog	巨人青蛙	proper	yes	npc
Giant frog legs	巨人青蛙腿部	common	no	item
Giant lobster	巨人龍蝦	proper	yes	npc
Giant mosquito	巨人蚊子	proper	yes	npc
Giant nib	巨人小咬	common	no	item
Giant pen	巨人筆	common	no	item
Giant pouch	巨人小袋	common	no	item
Giant rat	巨型老鼠	proper	yes	npc
Giant rat bone	巨型老鼠骨頭	common	no	item
Giant scarab	巨人聖甲蟲	proper	yes	npc
Giant skeleton	巨人骷髏	proper	yes	npc
Giant snail	巨人蝸牛	proper	yes	npc
Giant spider	巨型蜘蛛	proper	yes	npc
Giant wasp	巨人黃蜂	proper	yes	npc
Giant wolpertinger	巨人沃爾珀廷格	proper	yes	npc
Giant's hand	巨人的手	common	no	item
Gift Shop	禮品店	common	no	shop
Gilded 4-poster	鍍金四柱床	common	no	item
Gilded armour set (l)	鍍金護甲套裝 (l)	common	no	item
Gilded armour set (sk)	鍍金護甲套裝 (sk)	common	no	item
Gilded bench	鍍金長凳	common	no	item
Gilded cape rack	鍍金斗篷架	common	no	item
Gilded clock	鍍金時鐘	common	no	item
Gilded cross	鍍金十字架	common	no	item
Gilded dresser	鍍金梳妝台	common	no	item
Gilded full helm	鍍金全罩頭盔	common	no	item
Gilded kiteshield	鍍金鳶盾	common	no	item
Gilded magic wardrobe	鍍金魔法衣櫥	common	no	item
Gilded platebody	鍍金胸甲	common	no	item
Gilded platelegs	鍍金腿甲	common	no	item
Gilded plateskirt	鍍金裙甲	common	no	item
Gilded totem	鍍金圖騰	common	no	item
Gilded wardrobe	鍍金衣櫥	common	no	item
Giles	賈爾斯	proper	yes	npc
Gileth	吉萊斯	proper	yes	npc
Gillie Groats	吉利·葛羅茨	proper	yes	npc
Gin	琴酒	common	no	item
Githan	Githan	proper	yes	npc
Giveadog	給隻狗	proper	yes	npc
Gjalp	Gjalp	proper	yes	npc
Glarial	格拉里爾	proper	yes	namebi
Glarial's amulet	格拉里亞的護身符	common	no	item
Glarial's pebble	格拉里亞的小石子	common	no	item
Glarial's urn	格拉里亞的骨灰罈	common	no	item
Glassblowing book	吹製玻璃書籍	common	no	item
Glassblowing pipe	吹製玻璃管	common	no	item
Globe	地球儀	common	no	item
Glod	格洛德	proper	yes	npc
Glough	格洛夫	proper	yes	npc
Glough's journal	格洛夫的日記	common	no	item
Glough's key	格洛夫的鑰匙	common	no	item
Glouphrie the Untrusted	不被信任的 Glouphrie	proper	yes	npc
Gloves	手套	common	no	item
Gloves of silence	靜默手套	common	no	item
Glowing dagger	發光匕首	common	no	item
Glowing fungus	發光的真菌	common	no	item
Glum	Glum	proper	yes	npc
Gnome	侏儒	common	no	npc
Gnome Archer	侏儒弓箭手	proper	yes	npc
Gnome Coach	侏儒馬車	proper	yes	npc
Gnome Driver	侏儒駕駛員	proper	yes	npc
Gnome Mage	侏儒法師	proper	yes	npc
Gnome Waiter	侏儒服務生	proper	yes	npc
Gnome amulet	侏儒護身符	common	no	item
Gnome ball referee	侏儒球賽裁判	proper	yes	npc
Gnome baller	侏儒球員	proper	yes	npc
Gnome banker	侏儒銀行家	proper	yes	npc
Gnome child	侏儒小孩	proper	yes	npc
Gnome companion	侏儒夥伴	proper	yes	npc
Gnome emissary	侏儒使者	proper	yes	npc
Gnome goggles	侏儒護目鏡	common	no	item
Gnome guard	侏儒守衛	proper	yes	npc
Gnome royal seal	侏儒皇家印璽	common	no	item
Gnome scarf	侏儒圍巾	common	no	item
Gnome shop keeper	侏儒店主	proper	yes	npc
Gnome soldier	侏儒士兵	proper	yes	npc
Gnome spice	侏儒香料	common	no	item
Gnome trainer	侏儒訓練師	proper	yes	npc
Gnome traveller	侏儒旅人	proper	yes	npc
Gnome troop	侏儒部隊	proper	yes	npc
Gnome winger	侏儒邊鋒	proper	yes	npc
Gnome woman	侏儒女人	proper	yes	npc
Gnomeball	侏儒球	common	no	item
Gnomebowl mould	侏儒碗模具	common	no	item
Gnomecopter	侏儒直升機	common	no	item
Gnomecopter ticket	侏儒直升機機票	common	no	item
Gnomic Supplies	Gnomic 物資	common	no	shop
Gnormadium Avlafrim	格諾馬迪姆·阿夫拉弗里姆	proper	yes	npc
Goad scroll	挑釁卷軸	common	no	item
Goat	山羊	proper	yes	npc
Goat horn dust	山羊角粉末	common	no	item
Goblin	哥布林	common	no	npc
Goblin Champion	哥布林冠軍	proper	yes	npc
Goblin Cook	哥布林廚師	proper	yes	npc
Goblin Diplomacy	哥布林外交	proper	yes	namebi
Goblin Village	哥布林村莊	proper	yes	namebi
Goblin book	哥布林書籍	common	no	item
Goblin fish	哥布林魚	proper	yes	npc
Goblin guard	哥布林守衛	proper	yes	npc
Goblin kitchen key	哥布林廚房鑰匙	common	no	item
Goblin mail	哥布林鎖甲	common	no	item
Goblin potion (1)	哥布林藥水 (1)	common	no	item
Goblin potion (2)	哥布林藥水 (2)	common	no	item
Goblin potion (3)	哥布林藥水 (3)	common	no	item
Goblin potion (4)	哥布林藥水 (4)	common	no	item
Goblin scribe	哥布林書記	proper	yes	npc
Goblin skull	哥布林頭骨	common	no	item
Goblin symbol book	哥布林符號書籍	common	no	item
Goblin village sphere	哥布林村莊球體	common	no	item
Godric	高德里克	proper	yes	npc
Godsword blade	神劍刀刃	common	no	item
Godsword shard 1	神劍碎片 1	common	no	item
Godsword shard 2	神劍碎片 2	common	no	item
Godsword shard 3	神劍碎片 3	common	no	item
Godsword shards	神劍碎片	common	no	item
Gold amulet	黃金護身符	common	no	item
Gold bar	金錠	common	no	item
Gold bowl	金碗	common	no	item
Gold bracelet	黃金手鐲	common	no	item
Gold charm	金色護身符	common	no	item
Gold helmet	黃金頭盔	common	no	item
Gold leaf	金箔	common	no	item
Gold necklace	黃金項鍊	common	no	item
Gold ore	金礦	proper	yes	npc
Gold ring	黃金戒指	common	no	item
Gold satchel	黃金小袋	common	no	item
Gold seal	黃金印章	common	no	item
Gold-trimmed blue wizard set	藍色金邊法師套裝	common	no	item
Gold-trimmed leather armour set	皮革金邊裝備套裝	common	no	item
Golden bowl	黃金碗	common	no	item
Golden candle	黃金蠟燭	common	no	item
Golden fleece	黃金羊毛皮	common	no	item
Golden goblin	Golden goblin 黃金哥布林	common	no	item
Golden hammer	黃金鐵鎚	common	no	item
Golden key	黃金鑰匙	common	no	item
Golden needle	黃金針	common	no	item
Golden pot	黃金鍋	common	no	item
Golden scarab	黃金聖甲蟲	common	no	item
Golden sheep	金色綿羊	proper	yes	npc
Golden statuette	黃金小雕像	common	no	item
Golden tinderbox	黃金火石盒	common	no	item
Golden warbler	金色黃金鶯	proper	yes	npc
Golden wool	黃金羊毛	common	no	item
Goldsmith gauntlets	金匠手套	common	no	item
Golem	魔像	proper	yes	npc
Golem program	魔像程式	common	no	item
Golrie	戈里	proper	yes	npc
Good anthem	優秀的頌歌	common	no	item
Gorad	戈拉德	proper	yes	npc
Gorak	戈拉克	proper	yes	npc
Gorak claw powder	戈拉克爪粉末	common	no	item
Gorak claws	戈拉克爪	common	no	item
Goreu	戈雷烏	proper	yes	npc
Gorilla	大猩猩	proper	yes	npc
Gossip	八卦者	proper	yes	npc
Goth leprechaun	哥特小矮人	proper	yes	npc
Goulash	燉肉羹	common	no	item
Gourm' impling jar	美食小惡魔罐	common	no	item
Gourmet	美食家	proper	yes	npc
Gourmet Impling	美食小惡魔	proper	yes	npc
Gourmet Impling Puro	美食小惡魔 Puro	proper	yes	npc
Gout tuber	Gout 塊莖	common	no	item
Goutweed	羊蹄甲	common	no	item
Goutweedy lump	羊蹄甲塊狀物	common	no	item
Graahk fur	格拉克皮毛	common	no	item
Graahk headdress	Graahk 頭飾	common	no	item
Graahk legs	Graahk 腿部	common	no	item
Graahk top	Graahk 上衣	common	no	item
Grail Maiden	聖杯少女	proper	yes	npc
Grail bell	聖杯鐘	common	no	item
Grain	穀物	common	no	item
Grand Exchange Tutor	大交易所導師	proper	yes	npc
Grand Tree Groceries	大樹雜貨店	common	no	shop
Grand seed pod	大型種子莢	common	no	item
Grandpa Jack	傑克爺爺	proper	yes	npc
Granite (2kg)	花崗岩 (2kg)	common	no	item
Granite (500g)	花崗岩 (500g)	common	no	item
Granite (5kg)	花崗岩 (5kg)	common	no	item
Granite body	花崗岩身體	common	no	item
Granite crab	花崗岩螃蟹	proper	yes	npc
Granite crab pouch	花崗岩螃蟹袋	common	no	item
Granite helm	花崗岩頭盔	common	no	item
Granite legs	花崗岩腿部	common	no	item
Granite lobster	花崗岩龍蝦	proper	yes	npc
Granite lobster pouch	花崗岩龍蝦袋	common	no	item
Granite maul	花崗岩大錘	proper	yes	item
Granite shield	花崗岩盾牌	common	no	item
Grapes	葡萄	common	no	item
Grapple	鉤爪	common	no	item
Grave marker	墓碑	proper	yes	npc
Grave scorpion	墓地蠍子	proper	yes	npc
Gravestone	墓碑	proper	yes	npc
Graveyard Guardian	墓地守衛	proper	yes	npc
Gravingas	格拉文加斯	proper	yes	npc
Greasycheeks	油膩臉頰	proper	yes	npc
Greater demon	高級惡魔	proper	yes	npc
Greater reborn mage	高階重生法師	proper	yes	npc
Greater reborn ranger	高階重生遊俠	proper	yes	npc
Greater reborn warrior	高階重生戰士	proper	yes	npc
Green Gemstone Director	綠色寶石總監	proper	yes	npc
Green Gemstone Gem	綠寶石	common	no	shop
Green Gemstone Secretary	綠色寶石秘書	proper	yes	npc
Green attractor	綠色吸引器	common	no	item
Green balloon	綠色氣球	common	no	item
Green barrier generator	綠色屏障產生器	common	no	item
Green boater	綠色小船手	common	no	item
Green charm	綠色護身符	common	no	item
Green circle	綠色圓形	common	no	item
Green d'hide blessed set	綠色 d'hide 祝福套裝	common	no	item
Green d'hide body	綠色龍皮胸甲	common	no	item
Green d'hide chaps	綠色龍皮護腿	common	no	item
Green d'hide coif 0	綠色龍皮鎖子甲頭罩 0	common	no	item
Green d'hide coif 100	綠色龍皮鎖子甲頭罩 100	common	no	item
Green d'hide coif 20	綠色龍皮鎖子甲頭罩 20	common	no	item
Green d'hide coif 40	綠色龍皮鎖子甲頭罩 40	common	no	item
Green d'hide coif 60	綠色龍皮鎖子甲頭罩 60	common	no	item
Green d'hide coif 80	綠色龍皮鎖子甲頭罩 80	common	no	item
Green d'hide gold-trimmed set	綠色 d'hide 金邊套裝	common	no	item
Green d'hide trimmed set	綠色 d'hide 邊飾套裝	common	no	item
Green d'hide vamb	綠色龍皮護腕	common	no	item
Green d'hide vambraces	綠色龍皮護腕	common	no	item
Green d-leather	綠色龍皮	common	no	item
Green destabiliser	綠色穩定器	common	no	item
Green dragon	綠龍	proper	yes	npc
Green dragon egg	綠龍蛋	common	no	item
Green dragonhide	綠龍皮	common	no	item
Green dragonhide set	綠龍皮套裝	common	no	item
Green dye	綠色染料	common	no	item
Green dye bellows	綠色染料風箱	common	no	item
Green egg	綠色蛋	common	no	item
Green ele' blouse	綠色元素上衣	common	no	item
Green ele' legs	綠色元素腿部	common	no	item
Green ele' shirt	綠色元素襯衫	common	no	item
Green ele' skirt	綠色元素裙子	common	no	item
Green firelighter	綠色點火者	common	no	item
Green gloop soup	綠色黏液湯	common	no	item
Green goblin mail	綠色哥布林鎖甲	common	no	item
Green h'ween mask	綠色萬聖節面具	common	no	item
Green logs	綠色原木	common	no	item
Green marionette	綠色傀儡	common	no	item
Green naval shirt	綠色海軍襯衫	common	no	item
Green navy slacks	綠色海軍長褲	common	no	item
Green orb	綠色球體	proper	yes	npc
Green partyhat	綠色派對帽子	common	no	item
Green pentagon	綠色五邊形	common	no	item
Green repeller	綠色排斥器	common	no	item
Green satchel	綠色小包	common	no	item
Green spiky vambs	綠色尖刺護腕	common	no	item
Green square	綠色正方形	common	no	item
Green sweets	綠色糖果	common	no	item
Green toad	綠色蟾蜍	common	no	item
Green triangle	綠色三角形	common	no	item
Green tricorn hat	綠色三角帽	common	no	item
Greengrocer	蔬果商	proper	yes	npc
Greengrocer of Miscellania	米塞蘭尼亞蔬果商	common	no	shop
Greenman's ale	綠人麥芽酒	common	no	item
Greenman's ale(m)	綠人麥芽酒(m)	common	no	item
Greenmans ale(1)	格林曼麥酒(1)	common	no	item
Greenmans ale(2)	格林曼麥酒(2)	common	no	item
Greenmans ale(3)	格林曼麥酒(3)	common	no	item
Greenmans ale(4)	格林曼麥酒(4)	common	no	item
Greenmans ale(m1)	格林曼麥酒(m1)	common	no	item
Greenmans ale(m2)	格林曼麥酒(m2)	common	no	item
Greenmans ale(m3)	格林曼麥酒(m3)	common	no	item
Greenmans ale(m4)	格林曼麥酒(m4)	common	no	item
Greldo	格雷多	proper	yes	npc
Grenwall	格倫威爾	proper	yes	npc
Grenwall spikes	格倫威爾尖刺	common	no	item
Grew	生長	proper	yes	npc
Grey golem	灰色魔像	proper	yes	npc
Grey naval shirt	灰色海軍襯衫	common	no	item
Grey navy slacks	灰色海軍長褲	common	no	item
Grey tricorn hat	灰色三角帽	common	no	item
Grey wolf fur	灰狼皮	common	no	item
Greyhound	格雷豪德犬	proper	yes	npc
Greyhound puppy	格雷豪德幼犬	proper	yes	npc
Griffin feather	格里芬羽毛	common	no	item
Grigore	Grigore	proper	yes	npc
Grim Reaper	死神	proper	yes	npc
Grim Tales	陰森傳說	proper	yes	quest
Grim reaper hood	死神兜帽	common	no	item
Grim's robe	Grim 的長袍	common	no	item
Grimesquit	格萊姆斯奎特	proper	yes	npc
Grimgnash	格林納什	proper	yes	npc
Grimy ardrigal	髒污的 ardrigal	common	no	item
Grimy avantoe	髒污的 avantoe	common	no	item
Grimy cadantine	髒污的 cadantine	common	no	item
Grimy dwarf weed	髒污的矮人草	common	no	item
Grimy guam	未清洗的瓜姆	common	no	item
Grimy harralander	未清洗的哈拉蘭德	common	no	item
Grimy irit	未清洗的伊瑞特	common	no	item
Grimy kwuarm	髒污的 kwuarm	common	no	item
Grimy lantadyme	髒污的蘭塔戴姆	common	no	item
Grimy marrentill	未清洗的馬倫提爾	common	no	item
Grimy ranarr	未清洗的拉納爾	common	no	item
Grimy rogue's purse	髒污的盜賊錢包	common	no	item
Grimy sito foil	髒污的 sito foil	common	no	item
Grimy snake weed	髒污的蛇草	common	no	item
Grimy snapdragon	未加工的金魚草	common	no	item
Grimy spirit weed	髒污靈魂草	common	no	item
Grimy tarromin	未清洗的塔羅明	common	no	item
Grimy toadflax	未加工的蟾蜍亞麻	common	no	item
Grimy torstol	髒污的 torstol	common	no	item
Grimy volencia moss	髒污的 volencia moss	common	no	item
Grindxplox	格林德斯普洛克斯	proper	yes	npc
Grip	格里普	proper	yes	npc
Grips' key ring	格里普的鑰匙圈	common	no	item
Grish	格里什	proper	yes	npc
Grizzly bear	灰熊	proper	yes	npc
Grizzly bear cub	灰熊幼崽	proper	yes	npc
Grog	格羅格	common	no	item
Ground ashes	地面上的灰燼	common	no	item
Ground astral rune	地上的星界符文	common	no	item
Ground bat bones	地上的蝙蝠骨頭	common	no	item
Ground charcoal	研磨木炭	common	no	item
Ground cod	磨碎的鱈魚	common	no	item
Ground crab meat	磨碎的螃蟹肉	common	no	item
Ground fishing bait	地面釣魚誘餌	common	no	item
Ground guam	粉碎的古安	common	no	item
Ground kelp	磨碎的海帶	common	no	item
Ground mud runes	磨碎的泥巴符文	common	no	item
Ground seaweed	粉碎的海藻	common	no	item
Ground sulphur	粉碎的硫磺	common	no	item
Ground thistle	粉碎的薊草	common	no	item
Ground tooth	地面牙齒	common	no	item
Growler	咆哮者	proper	yes	npc
Grr'bah	Grr'bah	proper	yes	npc
Grubb	Grubb	proper	yes	npc
Grubby key	髒兮兮的鑰匙	common	no	item
Grubfoot	格魯布福特	proper	yes	npc
Grubor	格魯博	proper	yes	npc
Grud's Herblore Stall.	格魯德的草藥學攤位	common	no	shop
Grug	格魯格	proper	yes	npc
Gruh	葛魯	proper	yes	npc
Grum	格倫	proper	yes	npc
Grum's Gold Exchange	格倫的金幣交易所	common	no	shop
Grundt	Grundt	proper	yes	npc
Grunsh	格倫什	proper	yes	npc
Grunther	Grunther	proper	yes	npc
Gruva Patrull	礦坑巡邏隊	proper	yes	npc
Guam in a box	箱子裡的 Guam	common	no	item
Guam in a box?	箱子裡的 Guam？	common	no	item
Guam potion(unf)	瓜姆藥水(未製成)	common	no	item
Guam seed	關島種子	common	no	item
Guam tar	瓜姆焦油	common	no	item
Guam vial	瓜姆小瓶	common	no	item
Guam-marr vial	瓜姆-馬爾小瓶	common	no	item
Guard	守衛	common	no	npc
Guard Bandit	守衛強盜	proper	yes	npc
Guard Captain	守衛隊長	proper	yes	npc
Guard Vemmeldo	守衛 維梅爾多	proper	yes	npc
Guard bunny	守衛小兔子	proper	yes	npc
Guard dog	守衛犬	proper	yes	npc
Guard no. 21	守衛 21 號	proper	yes	npc
Guard no. 72	守衛 72 號	proper	yes	npc
Guardian mummy	守衛木乃伊	proper	yes	npc
Guardian of Armadyl	阿瑪迪爾的守護者	proper	yes	npc
Guardian statue	守衛雕像	common	no	item
Guardsman Brawn	守衛布勞恩	proper	yes	npc
Guardsman Dante	守衛但丁	proper	yes	npc
Guardsman DeShawn	守衛德肖恩	proper	yes	npc
Guardsman Pazel	守衛帕澤爾	proper	yes	npc
Guardsman Peale	守衛皮爾	proper	yes	npc
Gublinch	葛布林奇	proper	yes	npc
Gublinch jailmate	葛布林奇獄友	proper	yes	npc
Gublinch shards	葛布林奇碎片	common	no	item
Gublinchette jailmate	葛布林奇特獄友	proper	yes	npc
Guide book	指南書籍	common	no	item
Guidor	圭多	proper	yes	npc
Guidor's wife	圭多的妻子	proper	yes	npc
Guilded smile flag	金色微笑旗幟	common	no	item
Guildmaster	公會會長	proper	yes	npc
Gujuo	古久歐	proper	yes	npc
Gull	海鷗	proper	yes	npc
Gulldamar	古爾達瑪	proper	yes	npc
Gulluck	葛拉克	proper	yes	npc
Gulluck And Sons	葛拉克父子店	common	no	shop
Gundai	昆代	proper	yes	npc
Gundik	岡迪克	proper	yes	npc
Gunnar Holdstrom	Gunnar Holdstrom	proper	yes	npc
Gunnjorn	岡約恩	proper	yes	npc
Gunpowder	火藥	common	no	item
Gunslik	根斯利克	proper	yes	npc
Gunslik's Assorted Items	根斯利克的雜項物品	common	no	shop
Gunthor the Brave	勇敢的岡索	proper	yes	npc
Gus	葛斯	proper	yes	npc
Gutanoth	古塔諾斯	proper	yes	namebi
Guthan	古瑟恩	common	no	gear
Guthan the Infested	受感染的古坦	proper	yes	npc
Guthan's body 0	Guthan 的胸甲 0	common	no	item
Guthan's body 100	Guthan 的胸甲 100	common	no	item
Guthan's body 25	Guthan 的胸甲 25	common	no	item
Guthan's body 50	Guthan 的胸甲 50	common	no	item
Guthan's body 75	Guthan 的胸甲 75	common	no	item
Guthan's chainskirt	Guthan 的鎖子裙	common	no	item
Guthan's helm	Guthan 的頭盔	common	no	item
Guthan's helm 0	Guthan 的頭盔 0	common	no	item
Guthan's helm 100	Guthan 的頭盔 100	common	no	item
Guthan's helm 25	Guthan 的頭盔 25	common	no	item
Guthan's helm 50	Guthan 的頭盔 50	common	no	item
Guthan's helm 75	Guthan 的頭盔 75	common	no	item
Guthan's platebody	Guthan 的板甲胸甲	common	no	item
Guthan's skirt 0	Guthan 的裙甲 0	common	no	item
Guthan's skirt 100	Guthan 的裙甲 100	common	no	item
Guthan's skirt 25	Guthan 的裙甲 25	common	no	item
Guthan's skirt 50	Guthan 的裙甲 50	common	no	item
Guthan's skirt 75	Guthan 的裙甲 75	common	no	item
Guthan's spear 0	Guthan 的長矛 0	common	no	item
Guthan's spear 100	Guthan 的長矛 100	common	no	item
Guthan's spear 25	Guthan 的長矛 25	common	no	item
Guthan's spear 50	Guthan 的長矛 50	common	no	item
Guthan's spear 75	Guthan 的長矛 75	common	no	item
Guthan's warspear	Guthan 的戰矛	common	no	item
Guthatrice egg	古哈特里士蛋	common	no	item
Guthix	古希斯	proper	yes	npc
Guthix armour set (l)	古希斯護甲套裝 (l)	common	no	item
Guthix armour set (sk)	古希斯護甲套裝 (sk)	common	no	item
Guthix balance(1)	古希斯平衡(1)	common	no	item
Guthix balance(2)	古希斯平衡(2)	common	no	item
Guthix balance(3)	古希斯平衡(3)	common	no	item
Guthix balance(4)	古希斯平衡(4)	common	no	item
Guthix balance(unf)	古希斯平衡(未定)	common	no	item
Guthix bird	古希克斯鳥	proper	yes	npc
Guthix bracers	古希斯護腕	common	no	item
Guthix cape	古希斯斗篷	common	no	item
Guthix chaps	古希斯護腿	common	no	item
Guthix chick	古希克斯幼雛	proper	yes	npc
Guthix cloak	古希斯斗篷	common	no	item
Guthix coif	古希斯鎖子甲頭罩	common	no	item
Guthix crozier	古希斯權杖	common	no	item
Guthix dragonhide	古希斯龍皮	common	no	item
Guthix full helm	古希斯全罩頭盔	common	no	item
Guthix kiteshield	古希斯風箏盾	common	no	item
Guthix mitre	古希斯冠冕	common	no	item
Guthix mjolnir	古希斯米奧尼爾	common	no	item
Guthix page 1	古希斯 第1頁	common	no	item
Guthix page 2	古希斯 第2頁	common	no	item
Guthix page 3	古希斯 第3頁	common	no	item
Guthix page 4	古希斯 第4頁	common	no	item
Guthix platebody	古希斯胸甲	common	no	item
Guthix platelegs	古希斯腿甲	common	no	item
Guthix plateskirt	古希斯裙甲	common	no	item
Guthix raptor	古希克斯猛禽	proper	yes	npc
Guthix rest(1)	古希斯的安息	common	no	item
Guthix rest(2)	古希斯之息(2)	common	no	item
Guthix rest(3)	古希斯之息(3)	common	no	item
Guthix rest(4)	古希斯之息(4)	common	no	item
Guthix robe legs	古希斯長袍腿部	common	no	item
Guthix robe top	古希斯長袍上衣	common	no	item
Guthix staff	古希斯法杖	common	no	item
Guthix stole	古希斯披肩	common	no	item
Guthix symbol	古希斯符號	proper	yes	npc
Gypsum	石膏	common	no	item
Gypsy	吉普賽人	proper	yes	npc
Gypsy Aris	吉普賽人艾瑞斯	proper	yes	npc
Gyr Falcon	獵隼	proper	yes	npc
H.A.M. Archer	H.A.M. 弓箭手	proper	yes	npc
H.A.M. Deacon	H.A.M. 執事	proper	yes	npc
H.A.M. Guard	H.A.M. 守衛	proper	yes	npc
H.A.M. Mage	H.A.M. 法師	proper	yes	npc
H.A.M. Member	H.A.M. 成員	proper	yes	npc
H.a.m logo	H.a.m 標誌	common	no	item
HAM member	HAM 成員	proper	yes	npc
HDT Slot	HDT 插槽	common	no	item
HRH Hrafn	拉夫恩殿下	proper	yes	npc
Habibah	哈比芭	proper	yes	npc
Hadley	海德利	proper	yes	npc
Haemalchemy	血煉術	common	no	item
Haera	海拉	proper	yes	npc
Hafuba	哈富巴	proper	yes	npc
Hag's poison	巫婆的毒素	common	no	item
Hair	頭髮	common	no	item
Hair clip	頭髮夾	common	no	item
Hairdresser	美髮師	proper	yes	npc
Hairdryer	吹風機	proper	yes	npc
Hajedy	哈傑迪	proper	yes	npc
Halberd	戟	common	no	item
Half a fish pie	半個魚派	common	no	item
Half a garden pie	半個花園派	common	no	item
Half a meat pie	半個肉派	common	no	item
Half a redberry pie	半個紅莓果派	common	no	item
Half a rock	半塊岩石	common	no	item
Half a summer pie	半個夏季派	common	no	item
Half a wild pie	半個野派	common	no	item
Half an admiral pie	半個將軍派	common	no	item
Half an apple pie	半個蘋果派	common	no	item
Half baked batta	半熟的麵糊	common	no	item
Half baked bowl	半熟的碗	common	no	item
Half baked crunchy	半熟的脆餅	common	no	item
Half certificate	半張證書	common	no	item
Half full wine jug	半滿的葡萄酒水罐	common	no	item
Half made batta	半製 Batta	common	no	item
Half made bowl	半製成的碗	common	no	item
Half made crunchy	半製成的脆脆口感	common	no	item
Half-Zombie	半殭屍	proper	yes	npc
Half-soulless	半無魂	proper	yes	npc
Halla	哈拉	proper	yes	npc
Hallak	哈拉克	proper	yes	npc
Haluned	哈魯內德	proper	yes	npc
Ham cloak	火腿斗篷	common	no	item
Ham hood	火腿兜帽	common	no	item
Ham robe	火腿長袍	common	no	item
Ham shirt	火腿襯衫	common	no	item
Hamab	哈馬布	proper	yes	npc
Hamal the Chieftain	首領哈馬爾	proper	yes	npc
Hamid	哈米德	proper	yes	npc
Haming	海明	proper	yes	npc
Hammer	鐵鎚	common	no	item
Hammerspike Stoutbeard	錘刺·粗鬍	proper	yes	npc
Hammerstone hops	鐵鎚石霍普斯	common	no	item
Hammerstone seed	錘石種子	common	no	item
Hand	手	common	no	item
Hand mirror	手鏡	common	no	item
Hangman game	吊死鬼遊戲	proper	yes	npc
Hangover cure	宿醉解藥	common	no	item
Hans	漢斯	proper	yes	npc
Happy Heroes Hemporium	快樂英雄百貨	common	no	shop
Happy Spud	快樂馬鈴薯	proper	yes	npc
Hard hat	安全帽	common	no	item
Hard leather	硬皮革	common	no	item
Hardleather body	硬皮甲	common	no	item
Hardy gout tuber	耐旱痛風塊莖	common	no	item
Hardy gout tubers	耐旱痛風塊莖	common	no	item
Hari	哈里	proper	yes	npc
Harold	哈羅德	proper	yes	npc
Harold Evans	哈羅德·埃文斯	proper	yes	npc
Harpie Bug Swarm	哈比蟲集群	proper	yes	npc
Harpoon	魚叉	common	no	item
Harpoon (class 1)	魚叉 (等級 1)	common	no	item
Harpoon (class 2)	魚叉 (等級 2)	common	no	item
Harpoon (class 3)	魚叉 (等級 3)	common	no	item
Harpoon (class 4)	魚叉 (等級 4)	common	no	item
Harpoon (class 5)	魚叉 (等級 5)	common	no	item
Harralander potion(unf)	哈拉蘭德藥水(未製成)	common	no	item
Harralander seed	Harralander 種子	common	no	item
Harralander tar	Harralander 塔	common	no	item
Harrallak Menarous	哈拉拉克·梅納羅斯	proper	yes	npc
Harry	哈利	proper	yes	npc
Harry's Fishing Shop	哈利的釣魚店	common	no	shop
Harry's cutlass	哈利的彎刀	common	no	item
Hartigen	哈提根	proper	yes	namebi
Hartwin	哈特溫	proper	yes	npc
Hartwin Prim	哈特溫·普林	proper	yes	namebi
Hassan	哈桑	proper	yes	npc
Hat	帽子	common	no	item
Hat (class 1)	帽子 (等級 1)	common	no	item
Hat (class 2)	帽子 (等級 2)	common	no	item
Hat (class 3)	帽子 (等級 3)	common	no	item
Hat (class 4)	帽子 (等級 4)	common	no	item
Hat (class 5)	帽子 (等級 5)	common	no	item
Hat and eyepatch	帽子與眼罩	common	no	item
Hatchet (class 1)	斧頭 (等級 1)	common	no	item
Hatchet (class 2)	斧頭 (等級 2)	common	no	item
Hatchet (class 3)	斧頭 (等級 3)	common	no	item
Hatchet (class 4)	斧頭 (等級 4)	common	no	item
Hatchet (class 5)	斧頭 (等級 5)	common	no	item
Hatchling dragon	幼龍	proper	yes	npc
Haunted Mine	鬧鬼礦坑	proper	yes	quest
Hay sack	干草麻袋	common	no	item
Haze	薄霧	proper	yes	npc
Hazeel	海茲爾	proper	yes	npc
Hazeel Cult	海茲爾教派	proper	yes	quest
Hazeel Cultist	海茲爾教徒	proper	yes	npc
Hazeel scroll	海茲爾卷軸	common	no	item
Hazeel's mark	海茲爾的印記	common	no	item
Hazelmere	海茲爾米爾	proper	yes	npc
Hazelmere's hat	海茲爾米爾的帽子	proper	yes	npc
Hazelmere's scroll	海茲爾米爾的卷軸	common	no	item
Head	頭部	proper	yes	npc
Head Mourner	首席哀悼者	proper	yes	npc
Head Registrar	頭部註冊官	proper	yes	npc
Head Thief	小偷頭目	proper	yes	npc
Head chef	主廚	proper	yes	npc
Head mourner	首席哀悼者	proper	yes	npc
Head mystic	頭部神秘師	proper	yes	npc
Head snow imp	頭部雪小惡魔	proper	yes	npc
Headless arrow	無頭部的箭	common	no	item
Healer hat	治療者帽子	common	no	item
Healer horn	治療者號角	common	no	item
Healing aura scroll	治療光環卷軸	common	no	item
Healing vial	治療小瓶	common	no	item
Healing vial(1)	治療小瓶(1)	common	no	item
Healing vial(2)	治療小瓶(2)	common	no	item
Healing vial(3)	治療小瓶(3)	common	no	item
Healing vial(4)	治療小瓶(4)	common	no	item
Healthorg and tortoise	Healthorg 與烏龜	proper	yes	npc
Heart crystal	心臟晶體	common	no	item
Heavy box	重箱	common	no	item
Heavy-Handed Harry	粗暴的哈利	proper	yes	npc
Heckel Funch	海克爾·芬奇	proper	yes	npc
Hegir	海吉爾	proper	yes	npc
Heidiggle	海迪格	proper	yes	npc
Held Vampyre Juvenile	持有的吸血鬼幼體	proper	yes	npc
Held Vampyre Juvinate	被抓住的吸血鬼幼體	proper	yes	npc
Held vampyre juvenile	持有的吸血鬼幼體	proper	yes	npc
Held vampyre juvinate	被抓住的吸血鬼幼體	proper	yes	npc
Helemos	海雷莫斯	proper	yes	npc
Helena	海倫娜	proper	yes	npc
Helga	海嘉	proper	yes	npc
Hell cat	地獄貓	common	no	item
Hell-Rat	地獄老鼠	proper	yes	npc
Hell-kitten	地獄小貓	proper	yes	npc
Hellcat	地獄貓	proper	yes	npc
Hellhound	地獄犬	proper	yes	npc
Helm (class 1)	頭盔 (等級 1)	common	no	item
Helm (class 2)	頭盔 (等級 2)	common	no	item
Helm (class 3)	頭盔 (等級 3)	common	no	item
Helm (class 4)	頭盔 (等級 4)	common	no	item
Helm (class 5)	頭盔 (等級 5)	common	no	item
Helm of neitiznot	奈提茲諾特頭盔	common	no	item
Helm of neitiznot (charged)	奈提茲諾特頭盔 (充能)	common	no	item
Helm of neitiznot (e)	奈提茲諾特頭盔 (e)	common	no	item
Helmet fragment	頭盔碎片	common	no	item
Helphelphelp	救命救命救命	proper	yes	npc
Hemenster	海門斯特	proper	yes	namebi
Hengel	亨格爾	proper	yes	npc
Hengrad	亨格拉德	proper	yes	npc
Henryeta Carnillean	亨麗艾塔·卡尼利安	proper	yes	npc
Herb tea mix	草藥茶混合物	common	no	item
Herbal tincture	草藥酊劑	common	no	item
Herbcall scroll	草藥召喚卷軸	common	no	item
Herbi	赫比	proper	yes	namebi
Herblore	草藥學	common	no	glossary
Herblore cape	草藥學斗篷	common	no	item
Herblore cape(t)	草藥學斗篷(t)	common	no	item
Herblore hood	草藥學兜帽	common	no	item
Heresjohnny	強尼來了	proper	yes	npc
Herman Caranos	赫曼·卡拉諾斯	proper	yes	npc
Herman's book	赫曼的書籍	common	no	item
Hero	英雄	proper	yes	npc
Heroes' Quest	英雄任務	proper	yes	namebi
Herquin	赫昆	proper	yes	npc
Herquin's Gems	赫昆的寶石	common	no	shop
Herring	鯡魚	common	no	item
Hervi	赫爾維	proper	yes	npc
Heskel	海斯克爾	proper	yes	npc
Het	Het	proper	yes	npc
Hetty	海蒂	proper	yes	npc
Hickton	希克頓	proper	yes	npc
Hickton's Archery Emporium	希克頓的弓箭商行	common	no	shop
Hieronymus Avlafrim	海羅尼姆斯·阿夫拉弗里姆	proper	yes	npc
High Priest	大牧師	proper	yes	npc
High Priest of Scabaras	Scabaras 的大牧師	proper	yes	npc
High priest	大牧師	proper	yes	npc
Highwayman	攔路強盜	proper	yes	npc
Highwayman mask	攔路強盜面具	common	no	item
Hild	希爾德	proper	yes	npc
Hill Giant	山丘巨人	proper	yes	npc
Hirko	希爾科	proper	yes	npc
Historian Minas	歷史學家 米納斯	proper	yes	npc
History of iban	伊班歷史	common	no	item
Hitpoints	生命值	common	no	glossary
Hitpoints cape	生命值斗篷	common	no	item
Hitpoints cape(t)	生命值斗篷(t)	common	no	item
Hitpoints hood	生命值兜帽	common	no	item
Hiylik Myna	Hiylik Myna	proper	yes	npc
Hm Val	Hm Val	proper	yes	npc
Hobbes	霍布斯	proper	yes	npc
Hobgoblin	霍比哥布林	proper	yes	npc
Hobgoblin Champion	霍比哥布林冠軍	proper	yes	npc
Hobgoblin guard	霍比哥布林守衛	common	no	item
Hofuthand (armour and weapons)	霍富桑 (護甲與武器)	proper	yes	npc
Hole in the wall	牆上的洞	proper	yes	npc
Holgart	霍爾加特	proper	yes	npc
Hollow reed	空心蘆葦	common	no	item
Hollow tree	中空的樹木	proper	yes	npc
Holly bow	冬青弓	common	no	item
Holoy	霍洛伊	proper	yes	npc
Holthion	霍爾西恩	proper	yes	npc
Holy Grail	聖杯	proper	yes	quest
Holy Wares	神聖商品	common	no	shop
Holy book	神聖書籍	common	no	item
Holy elixir	神聖靈藥	common	no	item
Holy force	神聖力量	common	no	item
Holy mould	神聖的模具	common	no	item
Holy symbol	神聖符號	common	no	item
Holy table napkin	神聖餐巾	common	no	item
Holy water	聖水	common	no	item
Holy wrench	神聖板手	common	no	item
Homunculus	人造人	proper	yes	npc
Honest Jimmy	正直的吉米	proper	yes	npc
Honey badger	蜜獾	proper	yes	npc
Honey badger pouch	蜜獾袋	common	no	item
Honeycomb	蜂巢	common	no	item
Honour Guard	榮譽守衛	proper	yes	npc
Honour guard	榮譽守衛	proper	yes	npc
Hooded cloak	連帽斗篷	common	no	item
Hooknosed Jack	鉤鼻傑克	proper	yes	npc
Hoop	圓環	common	no	item
Hopeless beast	絕望的野獸	proper	yes	npc
Hopeless creature	絕望的生物	proper	yes	npc
Hops	霍普斯	proper	yes	npc
Horacio	霍拉西奧	proper	yes	npc
Horned graahk	有角的格拉克	proper	yes	npc
Horogothgar key	Horogothgar 鑰匙	common	no	item
Horror from the Deep	深海恐懼	proper	yes	quest
Horvik	霍維克	proper	yes	npc
Horvik's Armour Shop	霍維克的護甲店	common	no	shop
Hot kettle	熱水的水壺	common	no	item
Hotwater	熱水	proper	yes	npc
Hourglass	沙漏	common	no	item
House	房屋	proper	yes	npc
Howl scroll	嚎叫卷軸	common	no	item
Hring Hring	林格·林格	proper	yes	npc
Hudo	呼多	proper	yes	npc
Hudon	赫登	proper	yes	npc
Huge spider	巨大的蜘蛛	proper	yes	npc
Human bones	人類骨頭	common	no	item
Human eye	人類眼睛	common	no	item
Hunding	Hunding	proper	yes	npc
Hunk of crystal	大塊晶體	common	no	item
Hunter	狩獵	common	no	glossary
Hunter cape	狩獵斗篷	common	no	item
Hunter cape(t)	狩獵斗篷(t)	common	no	item
Hunter hood	狩獵兜帽	common	no	item
Hunter kit	狩獵工具包	common	no	item
Hunter potion(1)	狩獵藥水(1)	common	no	item
Hunter potion(2)	狩獵藥水(2)	common	no	item
Hunter potion(3)	狩獵藥水(3)	common	no	item
Hunter potion(4)	狩獵藥水(4)	common	no	item
Hunters' crossbow	狩獵十字弩	common	no	item
Hunters' talisman	狩獵者護身符	common	no	item
Hunting expert	狩獵專家	proper	yes	npc
Hunting mix(1)	狩獵 混合(1)	common	no	item
Hunting mix(2)	狩獵 混合(2)	common	no	item
Hura	胡拉	proper	yes	npc
Huzamogaarb key	Huzamogaarb 鑰匙	common	no	item
Hydra	九頭蛇	proper	yes	npc
Hydra pouch	九頭蛇袋	common	no	item
Hygd	海格德	proper	yes	npc
I like m0m	我喜歡 m0m	proper	yes	npc
I'rk	I'rk	proper	yes	npc
Iain	伊恩	proper	yes	npc
Ian	伊恩	proper	yes	npc
Ian's Wilderness Cape Shop	伊恩的荒野斗篷商店	common	no	shop
Iban's ashes	伊班的灰燼	common	no	item
Iban's dove	伊班鴿子	common	no	item
Iban's shadow	伊班的影子	common	no	item
Iban's staff	伊班的法杖	common	no	item
Ibis	朱鷺	proper	yes	npc
Ibis pouch	朱鷺袋子	common	no	item
Ice Mountain	冰山	proper	yes	namebi
Ice Queen	冰雪女王	proper	yes	npc
Ice Troll	冰巨魔	proper	yes	npc
Ice Troll King	冰巨魔王	proper	yes	npc
Ice amulet	冰之護身符	common	no	item
Ice arrows	冰箭	common	no	item
Ice block	冰塊	proper	yes	npc
Ice cooler	冰桶	common	no	item
Ice diamond	冰鑽石	common	no	item
Ice giant	冰霜巨人	proper	yes	npc
Ice giant ribs	冰霜巨人肋骨	common	no	item
Ice gloves	冰手套	common	no	item
Ice spider	冰蜘蛛	proper	yes	npc
Ice sword	冰劍	common	no	item
Ice titan	冰霜泰坦	proper	yes	npc
Ice titan pouch	冰霜泰坦袋子	common	no	item
Ice troll	冰巨魔	proper	yes	npc
Ice troll female	冰巨魔雌性	proper	yes	npc
Ice troll grunt	冰巨魔雜兵	proper	yes	npc
Ice troll male	冰巨魔雄性	proper	yes	npc
Ice troll runt	冰巨魔幼崽	proper	yes	npc
Ice warrior	冰霜戰士	proper	yes	npc
Ice wolf	冰狼	proper	yes	npc
Iceberg	冰山	proper	yes	npc
Icefiend	冰魔	proper	yes	npc
Icefiend net	冰魔網	common	no	item
Icelord	冰之領主	proper	yes	npc
Icosahedron	二十面體	common	no	item
Icthlarin	伊克薩林	proper	yes	npc
Icthlarin's Little Helper	Icthlarin 的小幫手	proper	yes	quest
Id papers	身分證件	common	no	item
Idol of many heads	多頭偶像	common	no	item
Idonea Ramlock	伊多尼亞·拉姆洛克	proper	yes	namebi
Idria	Idria	proper	yes	npc
Idris	伊德瑞斯	proper	yes	npc
Ifaba	伊法巴	proper	yes	npc
Ifaba's General Store	伊法巴的雜貨店	common	no	shop
Iffie	伊菲	proper	yes	npc
Iffie Nitter	伊菲·尼特	proper	yes	namebi
Ignatius Vulcan	伊格內修斯火神	proper	yes	npc
Ileana	Ileana	proper	yes	npc
Ilfeen	伊爾芬	proper	yes	npc
Ilikekebabs	我愛烤肉串	proper	yes	npc
Ima	伊瑪	proper	yes	npc
Imcando	恩坎多	proper	yes	namebi
Imcando Dwarves	英曼卡多矮人	proper	yes	namebi
Imiago	Imiago	proper	yes	npc
Immenizz	Immenizz	proper	yes	npc
Immense heat scroll	極熱卷軸	common	no	item
Imp	小惡魔	common	no	npc
Imp Catcher	小惡魔捕捉者	proper	yes	namebi
Imp Champion	小惡魔冠軍	proper	yes	npc
Imp defender	小惡魔防禦者	proper	yes	npc
Imp repellent	小惡魔驅逐劑	common	no	item
Imp-in-a-box(1)	箱中小惡魔(1)	common	no	item
Imp-in-a-box(2)	箱中小惡魔(2)	common	no	item
Imperial Guard camp	帝國守衛營地	proper	yes	namebi
Impling jar	小惡魔罐	common	no	item
Impling scroll	小惡魔卷軸	common	no	item
Imre	伊姆雷	proper	yes	npc
In Aid of the Myreque	援助米雷克	proper	yes	quest
In Pyre Need	在火葬的需求中	proper	yes	quest
In Search of the Myreque	尋找米雷克	proper	yes	quest
Incomplete pizza	未完成的比薩	common	no	item
Incomplete stew	不完整的燉菜	common	no	item
Indigo circle	靛藍色圓形	common	no	item
Indigo pentagon	靛藍色五邊形	common	no	item
Indigo square	靛藍色正方形	common	no	item
Indigo triangle	靛藍色三角形	common	no	item
Infernal Mage	地獄法師	proper	yes	npc
Infernal mage	地獄法師	common	no	item
Inferno adze	地獄柴刀	common	no	item
Inferno scroll	地獄卷軸	common	no	item
Infinity boots	無限之靴子	common	no	item
Infinity bottoms	無限之下裝	common	no	item
Infinity gloves	無限之手套	common	no	item
Infinity hat	無限之帽子	common	no	item
Infinity robes set	無限長袍套裝	common	no	item
Infinity top	無限之衣	common	no	item
Information clerk	資訊辦事員	proper	yes	npc
Infused wand	注能魔杖	common	no	item
Inga	英嘉	proper	yes	npc
Ingrid	英格麗德	proper	yes	npc
Ingrid Hradson	英格麗·赫拉德森	proper	yes	npc
Initiate cuisse	初學者護腿	common	no	item
Initiate harness m	入門者護具 (男)	common	no	item
Initiate hauberk	初學者鎖子甲	common	no	item
Initiate sallet	初學者薩雷特頭盔	common	no	item
Ink bottle	墨水瓶	common	no	item
Ink pad	印台	common	no	item
Inky hand	墨水手	common	no	item
Inky paper	沾墨的紙張	common	no	item
Inky quill	沾墨的羽毛筆	common	no	item
Inn Keeper	旅店老闆	proper	yes	npc
Innocent-looking key	看似無辜的鑰匙	proper	yes	npc
Inoculation brace	免疫護腕	common	no	item
Insane ferocity scroll	瘋狂凶猛卷軸	common	no	item
Insect repellent	驅蟲劑	common	no	item
Insectoid assassin	昆蟲刺客	proper	yes	npc
Instruction manual	使用說明書	common	no	item
Insulated boots	隔熱靴子	common	no	item
Intel report	情報報告	common	no	item
Introduction letter	自我介紹信件	common	no	item
Invasion plans	入侵計畫	common	no	item
Invitation letter	邀請函	common	no	item
Invrigar the Necromancer	死靈法師因維里加爾	proper	yes	npc
Iona	艾歐娜	proper	yes	npc
Iorwerths message	Iorwerth 的訊息	common	no	item
Iou	Iou	common	no	item
Irena	伊蕾娜	proper	yes	npc
Irina	伊琳娜	proper	yes	npc
Irit gloves	伊里特手套	common	no	item
Irit potion(unf)	伊瑞特藥水(未製成)	common	no	item
Irit seed	Irit 種子	common	no	item
Irksol	伊克索	proper	yes	npc
Irollsixes	艾羅爾希克斯	proper	yes	npc
Iron	鐵	common	no	material
Iron 2h sword	鐵雙手劍	common	no	item
Iron armour set (l)	鐵製套裝 (l)	common	no	item
Iron armour set (sk)	鐵製套裝 (sk)	common	no	item
Iron arrow	鐵箭	common	no	item
Iron arrow(p)	鐵箭(p)	common	no	item
Iron arrow(p+)	鐵箭(p+)	common	no	item
Iron arrow(p++)	鐵箭(p++)	common	no	item
Iron arrowtips	鐵箭頭	common	no	item
Iron axe	鐵斧	common	no	item
Iron bar	鐵錠	common	no	item
Iron battleaxe	鐵戰斧	common	no	item
Iron bolts	鐵弩箭	common	no	item
Iron bolts (p)	鐵弩箭 (p)	common	no	item
Iron bolts (unf)	鐵弩箭 (未加工)	common	no	item
Iron bolts(p+)	鐵弩箭(p+)	common	no	item
Iron bolts(p++)	鐵弩箭(p++)	common	no	item
Iron boots	鐵靴子	common	no	item
Iron brutal	鐵製野蠻人	common	no	item
Iron bull rush scroll	鐵製公牛衝撞卷軸	common	no	item
Iron c'bow (u)	鐵小型弩 (u)	common	no	item
Iron chainbody	鐵鎖甲	common	no	item
Iron claws	鐵爪	common	no	item
Iron crossbow	鐵十字弩	common	no	item
Iron dagger	鐵匕首	common	no	item
Iron dagger(p)	鐵匕首(p)	common	no	item
Iron dagger(p+)	鐵匕首(p+)	common	no	item
Iron dagger(p++)	鐵匕首(p++)	common	no	item
Iron dart	鐵飛鏢	common	no	item
Iron dart tip	鐵飛鏢尖端	common	no	item
Iron dart(p)	鐵飛鏢(p)	common	no	item
Iron dart(p+)	鐵飛鏢(p+)	common	no	item
Iron dart(p++)	鐵飛鏢(p++)	common	no	item
Iron defender	鐵製防禦者	common	no	item
Iron dragon	鐵龍	proper	yes	npc
Iron fire arrows	鐵製火箭矢	common	no	item
Iron full helm	鐵製全罩式頭盔	common	no	item
Iron gauntlets	鐵手套	common	no	item
Iron halberd	鐵戟	common	no	item
Iron hasta	鐵長矛	common	no	item
Iron hasta(kp)	鐵長矛(kp)	common	no	item
Iron hasta(p)	鐵長矛(p)	common	no	item
Iron hasta(p+)	鐵長矛(p+)	common	no	item
Iron hasta(p++)	鐵長矛(p++)	common	no	item
Iron javelin	鐵標槍	common	no	item
Iron javelin(p)	鐵標槍(p)	common	no	item
Iron javelin(p+)	鐵標槍(p+)	common	no	item
Iron javelin(p++)	鐵標槍(p++)	common	no	item
Iron key	鐵鑰匙	common	no	item
Iron kiteshield	鐵製鳶盾	common	no	item
Iron knife	鐵小刀	common	no	item
Iron knife(p)	鐵小刀(p)	common	no	item
Iron knife(p+)	鐵小刀(p+)	common	no	item
Iron knife(p++)	鐵小刀(p++)	common	no	item
Iron limbs	鐵弓肢	common	no	item
Iron longsword	鐵長劍	common	no	item
Iron mace	鐵釘頭錘	common	no	item
Iron med helm	鐵製中型頭盔	common	no	item
Iron minotaur	鐵米諾陶洛	proper	yes	npc
Iron minotaur pouch	鐵米諾陶洛袋	common	no	item
Iron nails	鐵釘	common	no	item
Iron ore	鐵礦	proper	yes	npc
Iron oxide	氧化鐵	common	no	item
Iron pick head	鐵鎬頭部	common	no	item
Iron pickaxe	鐵鎬	proper	yes	npc
Iron platebody	鐵製胸甲	common	no	item
Iron platelegs	鐵製護腿	common	no	item
Iron plateskirt	鐵裙甲	common	no	item
Iron scimitar	鐵彎刀	common	no	item
Iron sheet	鐵片	common	no	item
Iron sickle	鐵鐮刀	common	no	item
Iron spear	鐵長矛	common	no	item
Iron spear(kp)	鐵長矛(kp)	common	no	item
Iron spear(p)	鐵長矛(p)	common	no	item
Iron spear(p+)	鐵長矛(p+)	common	no	item
Iron spear(p++)	鐵長矛(p++)	common	no	item
Iron spit	鐵籤	common	no	item
Iron sq shield	鐵製方盾	common	no	item
Iron sword	鐵劍	common	no	item
Iron thrownaxe	鐵投擲斧	common	no	item
Iron titan	鐵泰坦	proper	yes	npc
Iron titan pouch	鐵泰坦袋子	common	no	item
Iron warhammer	鐵戰鎚	common	no	item
Iron within scroll	內在之鐵卷軸	common	no	item
Irvig Senay	Irvig Senay	proper	yes	npc
Irwin Feaselbaum	歐文·菲瑟爾鮑姆	proper	yes	npc
Isafdar	伊薩夫達	proper	yes	namebi
Isafdar painting	伊薩夫達爾繪畫	common	no	item
Isidor	伊西多	proper	yes	npc
Island Fishmonger	島嶼魚販	common	no	shop
Islwyn	伊斯琳	proper	yes	npc
Item	物品	common	no	item
Item list	物品清單	common	no	item
Ivan	伊凡	proper	yes	npc
Ivan Strom	伊凡·史特羅姆	proper	yes	npc
Ivandis flail (1)	伊凡的連枷 (1)	common	no	item
Ivandis flail (10)	伊凡的連枷 (10)	common	no	item
Ivandis flail (11)	伊凡的連枷 (11)	common	no	item
Ivandis flail (12)	伊凡的連枷 (12)	common	no	item
Ivandis flail (13)	伊凡迪斯流星錘 (13)	common	no	item
Ivandis flail (14)	伊凡迪斯流星錘 (14)	common	no	item
Ivandis flail (15)	伊凡迪斯流星錘 (15)	common	no	item
Ivandis flail (16)	伊凡迪斯流星錘 (16)	common	no	item
Ivandis flail (17)	伊凡迪斯流星錘 (17)	common	no	item
Ivandis flail (18)	伊凡迪斯流星錘 (18)	common	no	item
Ivandis flail (19)	伊凡迪斯流星錘 (19)	common	no	item
Ivandis flail (2)	伊凡的連枷 (2)	common	no	item
Ivandis flail (20)	伊凡迪斯流星錘 (20)	common	no	item
Ivandis flail (21)	伊凡迪斯流星錘 (21)	common	no	item
Ivandis flail (22)	伊凡迪斯流星錘 (22)	common	no	item
Ivandis flail (23)	伊凡迪斯流星錘 (23)	common	no	item
Ivandis flail (24)	伊凡迪斯流星錘 (24)	common	no	item
Ivandis flail (25)	伊凡迪斯流星錘 (25)	common	no	item
Ivandis flail (26)	伊凡迪斯流星錘 (26)	common	no	item
Ivandis flail (27)	伊凡迪斯流星錘 (27)	common	no	item
Ivandis flail (29)	伊凡迪斯流星錘 (29)	common	no	item
Ivandis flail (3)	伊凡的連枷 (3)	common	no	item
Ivandis flail (30)	伊凡迪斯流星錘 (30)	common	no	item
Ivandis flail (4)	伊凡的連枷 (4)	common	no	item
Ivandis flail (5)	伊凡的連枷 (5)	common	no	item
Ivandis flail (6)	伊凡的連枷 (6)	common	no	item
Ivandis flail (7)	伊凡的連枷 (7)	common	no	item
Ivandis flail (8)	伊凡的連枷 (8)	common	no	item
Ivandis flail (9)	伊凡的連枷 (9)	common	no	item
Ivandis flail(28)	伊凡迪斯流星錘(28)	common	no	item
Ivory comb	象牙梳	common	no	item
Ivy Sophista	艾薇·索菲斯塔	proper	yes	npc
Iwazaru	伊瓦扎魯	proper	yes	npc
Izzy's mark	伊齊的印記	common	no	item
Jack	傑克	proper	yes	npc
Jack Frost	傑克·弗羅斯特	proper	yes	npc
Jack Sails	傑克·賽爾斯	proper	yes	npc
Jack Seagull	海鷗傑克	proper	yes	npc
Jack lantern mask	傑克燈籠面具	common	no	item
Jackal	胡狼	proper	yes	npc
Jackal bone	胡狼骨頭	common	no	item
Jacky Jester	傑基弄臣	proper	yes	npc
Jade	傑德	proper	yes	npc
Jade bolt tips	傑德弩箭尖	common	no	item
Jade bolts	傑德弩箭	common	no	item
Jade bolts (e)	傑德弩箭 (e)	common	no	item
Jade machete	傑德 開山刀	common	no	item
Jade vine seed	傑德藤蔓種子	common	no	item
Jadid	賈迪德	proper	yes	npc
Jagbakoba	賈格巴科巴	proper	yes	npc
Jail guard	監獄守衛	proper	yes	npc
Jail key	監獄鑰匙	common	no	item
Jailer	獄卒	proper	yes	npc
Jake	傑克	proper	yes	npc
JalYt-Ket	賈伊特·凱特	proper	yes	namebi
Jallek Lenkin	雅萊克·倫金	proper	yes	npc
Jamila	Jamila	proper	yes	npc
Jamila's Craft Stall	Jamila 的手工藝攤位	common	no	shop
Jangerberries	Jangerberries	common	no	item
Jangerberry seed	姜莓果種子	common	no	item
Jangles the Monkey Backpack	猴子 Jangles 背包	common	no	item
Jar generator	罐子生成器	common	no	item
Jaraah	賈拉	proper	yes	npc
Jari	賈里	proper	yes	npc
Jarvald	雅爾瓦德	proper	yes	npc
Jatix	賈提克斯	proper	yes	npc
Jatix's Herblore Shop	賈提克斯的草藥學商店	common	no	shop
Jatizso	賈提佐	proper	yes	namebi
Javelin	投槍	common	no	item
Jayene Kliyn	Jayene Kliyn	proper	yes	npc
Jeb	傑布	proper	yes	npc
Jeed	吉德	proper	yes	npc
Jeff	Jeff	proper	yes	npc
Jeffery	Jeffery	proper	yes	npc
Jelly	凝膠怪	proper	yes	npc
Jennella	珍內拉	proper	yes	npc
Jennica's ring	Jennica 的戒指	common	no	item
Jennifer	珍妮佛	proper	yes	npc
Jenny Blade	珍妮·刀刃	proper	yes	npc
Jeremy Clerksin	傑瑞米·克萊克辛	proper	yes	npc
Jeremy Servil	傑瑞米·瑟維爾	proper	yes	npc
Jerico	傑里科	proper	yes	npc
Jesmona	Jesmona	proper	yes	npc
Jester hat	小丑帽子	common	no	item
Jester scarf	小丑圍巾	common	no	item
Jethick	傑希克	proper	yes	npc
Jewels	珠寶	common	no	item
Jex	Jex	proper	yes	npc
Jig cart	腳架車	proper	yes	npc
Jiggig	吉吉格	proper	yes	namebi
Jiggling crate	晃動的木箱	proper	yes	npc
Jill	吉兒	proper	yes	npc
Jiminua	吉米努亞	proper	yes	npc
Jiminua's Jungle Store	吉米努亞叢林商店	common	no	shop
Jimmy	吉米	proper	yes	npc
Jimmy Dazzler	吉米·達茲勒	proper	yes	npc
Jimmy the Chisel	鑿子吉米	proper	yes	npc
Joe	喬	proper	yes	npc
Jofridr Mordstatter	Jofridr Mordstatter	proper	yes	npc
Jogre	喬格雷	proper	yes	npc
Jogre Champion	喬格雷冠軍	proper	yes	npc
Jogre bone	喬格雷骨頭	common	no	item
Jogre bones	喬格雷骨頭	common	no	item
Johanhus Ulsbrecht	Johanhus Ulsbrecht	proper	yes	npc
Johnathon	約翰納森	proper	yes	npc
Jokul	約庫爾	proper	yes	npc
Jonny the beard	鬍鬚強尼	proper	yes	npc
Jorral	喬拉爾	proper	yes	npc
Jorzik	喬茲克	proper	yes	npc
Joseph	約瑟夫	proper	yes	npc
Joshua	約書亞	proper	yes	npc
Jossik	喬西克	proper	yes	npc
Jubbly bird	朱布利鳥	proper	yes	npc
Jubster	賈布斯特	proper	yes	npc
Jug	水罐	common	no	item
Jug of bad wine	劣質葡萄酒水罐	common	no	item
Jug of vinegar	水罐裝醋	common	no	item
Jug of water	一罐水	common	no	item
Jug of wine	葡萄酒水罐	common	no	item
Jukat	珠卡特	proper	yes	npc
Jukat's Dragon Sword Shop	珠卡特的龍劍舖	common	no	shop
Julian	朱利安	proper	yes	npc
Juliet	朱麗葉	proper	yes	npc
Juna	茱娜	proper	yes	npc
Jungle Potion	叢林藥水	proper	yes	quest
Jungle Tree	叢林樹木	proper	yes	npc
Jungle Wolf	叢林狼	proper	yes	npc
Jungle camo legs	叢林迷彩腿部	common	no	item
Jungle camo top	叢林迷彩上衣	common	no	item
Jungle demon	叢林惡魔	proper	yes	npc
Jungle eagle	叢林老鷹	proper	yes	npc
Jungle forester	叢林林務員	proper	yes	npc
Jungle horror	叢林恐怖生物	proper	yes	npc
Jungle savage	叢林蠻族	proper	yes	npc
Jungle spider	叢林蜘蛛	proper	yes	npc
Jury	陪審團	proper	yes	npc
Justin Servil	賈斯汀·瑟維爾	proper	yes	npc
Jute fibre	黃麻纖維	common	no	item
Jute seed	黃麻種子	common	no	item
Juvinate	Juvinate	proper	yes	npc
Juvinate guard	Juvinate 守衛	proper	yes	npc
K sigil	K 符文	common	no	item
K'klik	K'klik	proper	yes	npc
K'ril Tsutsaroth	凱里爾·楚薩羅斯	proper	yes	npc
KGP Agent	KGP 探員	proper	yes	npc
KGP Guard	KGP 守衛	proper	yes	npc
Kael Forshaw	Kael Forshaw	proper	yes	npc
Kaleb Paramaya	卡萊布·帕拉馬亞	proper	yes	npc
Kalphite Guardian	卡爾法特守護者	proper	yes	npc
Kalphite Larva	卡爾法特幼蟲	proper	yes	npc
Kalphite Queen	卡爾法特女王	proper	yes	npc
Kalphite Soldier	卡爾法特士兵	proper	yes	npc
Kalphite Worker	卡爾法特工人	proper	yes	npc
Kalphite soldier	卡爾法特士兵	common	no	item
Kalrag	卡拉格	proper	yes	npc
Kalron	卡隆	proper	yes	npc
Kamen	卡門	proper	yes	npc
Kamfreena	卡姆弗里娜	proper	yes	npc
Kamil	卡米爾	proper	yes	npc
Kanel	卡內爾	proper	yes	npc
Kangai Mau	康蓋毛	proper	yes	npc
Kaqemeex	卡克米克斯	proper	yes	npc
Karaday	卡拉代	proper	yes	npc
Karam	卡拉姆	proper	yes	npc
Karam. overlord pouch	卡拉姆領主袋	common	no	item
Karambwan paste	卡拉姆魚黏合劑	common	no	item
Karambwan vessel	卡拉姆魚容器	common	no	item
Karambwanji	卡拉姆魚罐	common	no	item
Karambwanji paste	卡拉姆魚罐黏合劑	common	no	item
Karamel	卡拉梅爾	proper	yes	npc
Karamja	卡拉姆賈	proper	yes	namebi
Karamja General Store	卡拉姆賈雜貨店	common	no	shop
Karamja Wines, Spirits, and Beers	卡拉姆賈葡萄酒、靈魂與啤酒	common	no	shop
Karamja gloves 1	卡拉姆手套 1	common	no	item
Karamja gloves 2	卡拉姆手套 2	common	no	item
Karamja gloves 3	卡拉姆手套 3	common	no	item
Karamja painting	卡拉姆賈繪畫	common	no	item
Karamjan Jungle Eagle	卡拉姆詹叢林老鷹	proper	yes	npc
Karamjan Jungle eagle	卡拉姆詹叢林老鷹	proper	yes	npc
Karamjan rum	卡拉姆詹蘭姆酒	common	no	item
Karamthulhu	卡拉姆圖魯	proper	yes	npc
Karamthulhu overlord	卡拉姆圖魯領主	proper	yes	npc
Kardia	卡迪亞	proper	yes	npc
Karidian headpiece	卡里迪安頭飾	common	no	item
Karil	卡里爾	common	no	gear
Karil the Tainted	被玷汙的卡里爾	proper	yes	npc
Karil's coif	Karil 的鎖子甲頭罩	common	no	item
Karil's coif 0	Karil 的鎖子甲頭罩 0	common	no	item
Karil's coif 100	Karil 的鎖子甲頭罩 100	common	no	item
Karil's coif 25	Karil 的鎖子甲頭罩 25	common	no	item
Karil's coif 50	Karil 的鎖子甲頭罩 50	common	no	item
Karil's coif 75	Karil 的鎖子甲頭罩 75	common	no	item
Karil's crossbow	Karil 的十字弩	common	no	item
Karil's leatherskirt	Karil 的皮革下裙	common	no	item
Karil's leathertop	Karil 的皮革上衣	common	no	item
Karil's skirt 0	Karil 的裙子 0	common	no	item
Karil's skirt 100	Karil 的裙甲 100	common	no	item
Karil's skirt 25	Karil 的裙子 25	common	no	item
Karil's skirt 50	Karil 的裙子 50	common	no	item
Karil's skirt 75	Karil 的裙甲 75	common	no	item
Karil's top 0	Karil 的上衣 0	common	no	item
Karil's top 100	Karil 的上衣 100	common	no	item
Karil's top 25	Karil 的上衣 25	common	no	item
Karil's top 50	Karil 的上衣 50	common	no	item
Karil's top 75	Karil 的上衣 75	common	no	item
Karil's x-bow 0	Karil 的十字弓 0	common	no	item
Karil's x-bow 100	Karil 的十字弓 100	common	no	item
Karil's x-bow 25	Karil 的十字弓 25	common	no	item
Karil's x-bow 50	Karil 的十字弓 50	common	no	item
Karil's x-bow 75	Karil 的十字弓 75	common	no	item
Karim	卡里姆	proper	yes	npc
Karl	卡爾	proper	yes	npc
Karma the chameleon	變色龍卡瑪	proper	yes	npc
Katherine	凱瑟琳	proper	yes	npc
Kathy Corkat	凱西·科卡特	proper	yes	npc
Katrine	卡特琳	proper	yes	npc
Kaylee	凱莉	proper	yes	npc
Kazemde	卡澤姆德	proper	yes	npc
Kazgar	卡茲加	proper	yes	npc
Kbd heads	Kbd 頭部	common	no	item
Kebab	烤肉串	common	no	item
Kebab mix	烤肉混合料	common	no	item
Kebbit	凱比特	proper	yes	npc
Kebbit bolts	凱比特弩箭	common	no	item
Kebbit claws	凱比特爪子	common	no	item
Kebbit spike	凱比特尖刺	common	no	item
Kebbit teeth	凱比特牙齒	common	no	item
Kebbit teeth dust	凱比特牙齒粉末	common	no	item
Keepa Kettilon	Keepa Kettilon	proper	yes	npc
Keepa Kettilon's store	Keepa Kettilon 的商店	common	no	shop
Keg	小木桶	common	no	item
Keg of beer	一桶啤酒	common	no	item
Kelda hops	凱爾達霍普斯	common	no	item
Kelda seed	凱爾達種子	common	no	item
Kelda stout	凱爾達黑啤酒	common	no	item
Keldagrim	凱爾達格林	proper	yes	namebi
Keldagrim Stonemason	Keldagrim 石匠	common	no	shop
Keldagrim portrait	凱爾達格林肖像	common	no	item
Keldagrim's Best Bread	凱爾達格里姆最好的麵包	common	no	shop
Keli	凱莉	proper	yes	namebi
Kelp	海帶	common	no	item
Kelvin	凱文	proper	yes	npc
Kelyn	凱林	proper	yes	npc
Kennith	肯尼斯	proper	yes	npc
Kennith's Concerns	肯尼斯的擔憂	proper	yes	quest
Kent	肯特	proper	yes	npc
Keris	克里斯匕首	common	no	item
Keris(p)	克里斯匕首(p)	common	no	item
Keris(p+)	克里斯匕首(p+)	common	no	item
Keris(p++)	克里斯匕首(p++)	common	no	item
Kermit	柯米特	proper	yes	namebi
Ket-Zek	Ket-Zek	proper	yes	npc
Ketchuppl0x	番茄醬pl0x	proper	yes	npc
Kettle	水壺	common	no	item
Key	鑰匙	common	no	item
Key print	鑰匙印記	common	no	item
Keys	鑰匙	common	no	item
Kgp id card	Kgp 身分證	common	no	item
Khali brew	卡利藥劑	common	no	item
Kharid Scorpion	卡里德蠍子	proper	yes	npc
Khazard	卡扎德	proper	yes	namebi
Khazard Guard	卡扎德守衛	proper	yes	npc
Khazard Ogre	卡哈札食人魔	proper	yes	npc
Khazard Scorpion	卡哈札蠍子	proper	yes	npc
Khazard armour	卡扎德護甲	common	no	item
Khazard barman	卡扎德酒吧侍者	proper	yes	npc
Khazard cell keys	卡扎德牢房鑰匙	common	no	item
Khazard commander	卡扎德指揮官	proper	yes	npc
Khazard cook	卡扎德廚師	proper	yes	npc
Khazard helmet	卡扎德頭盔	common	no	item
Khazard launderer	卡扎德洗滌者	proper	yes	npc
Khazard trooper	卡扎德戰士	proper	yes	npc
Khazard warlord	卡扎德軍閥	proper	yes	npc
Khorvak, a dwarven engineer	Khorvak，一名矮人工程師	proper	yes	npc
Kikazaru	基卡扎魯	proper	yes	npc
Killer's print	兇手的足跡	common	no	item
Killerwail	殺手哀嚎	proper	yes	npc
Killerwatt	凱勒瓦特	proper	yes	npc
Kilron	基爾隆	proper	yes	npc
Kimberly	金柏莉	proper	yes	npc
Kindling	引火物	common	no	item
King Argenthorg	國王 Argenthorg	proper	yes	npc
King Arthur	阿瑟王	proper	yes	npc
King Awowogei	阿沃沃蓋國王	proper	yes	npc
King Black Dragon	黑龍王	proper	yes	npc
King Bolren	波倫國王	proper	yes	npc
King Gjuki Sorvott IV	國王居基·索沃特四世	proper	yes	npc
King Healthorg	國王 Healthorg	proper	yes	npc
King Lathas	拉薩國王	proper	yes	npc
King Narnode Shareen	國王 納諾德·沙林	proper	yes	npc
King Percival	帕西瓦爾國王	proper	yes	npc
King Roald	羅爾德國王	proper	yes	npc
King Scorpion	蠍子王	proper	yes	npc
King Vargas	瓦加斯國王	proper	yes	npc
King arthur	阿瑟王	common	no	item
King rat	老鼠王	proper	yes	npc
King worm	王蠕蟲	common	no	item
King's Ransom	國王的贖金	proper	yes	quest
King's message	國王的訊息	common	no	item
Kings messenger	國王信使	proper	yes	npc
Kitchen	廚房	proper	yes	namebi
Kitchen knife	廚房用刀	common	no	item
Kitten	小貓	proper	yes	npc
Kittens	小貓們	proper	yes	npc
Kjedelig Uppsen	Kjedelig Uppsen	proper	yes	npc
Kjut	庫特	proper	yes	npc
Kjut's KEbabs	庫特的烤肉串	common	no	shop
Klank	克蘭克	proper	yes	npc
Klank's gauntlets	克蘭克手套	common	no	item
Klarense	克拉倫斯	proper	yes	npc
Klenter	Klenter	proper	yes	npc
Knickknack	小玩意	proper	yes	npc
Knife	小刀	common	no	item
Knight	騎士	common	no	npc
Knight of Ardougne	阿爾多內騎士	proper	yes	npc
Knight of Saradomin	薩拉多明騎士	proper	yes	npc
Knight of ardougne	阿爾多內騎士	common	no	item
Knight's notes	騎士的筆記	common	no	item
Knives (level 40 approx.)	小刀 (約等級 40)	common	no	item
Koftik	科夫提克	proper	yes	npc
Kolodion	科洛迪恩	proper	yes	npc
Konar	柯娜	proper	yes	namebi
Kortan	寇坦	proper	yes	npc
Koschei	科舍伊	proper	yes	namebi
Koschei the deathless	不死者 Koschei	proper	yes	npc
Kq head	Kq 頭部	common	no	item
Kragen	克拉根	proper	yes	npc
Kraka	克拉卡	proper	yes	npc
Krandorian hops	克蘭多利亞霍普斯	common	no	item
Krandorian seed	克蘭多里亞種子	common	no	item
Kree'arra	克雷亞拉	proper	yes	npc
Kringk	Kringk	proper	yes	npc
Kruk	克魯克	proper	yes	npc
Ksenia	克塞尼亞	proper	yes	npc
Kurask	庫拉斯克	proper	yes	npc
Kurask head	庫拉斯克頭部	common	no	item
Kurask minion	庫拉斯克小兵	proper	yes	npc
Kurask overlord	庫拉斯克領主	proper	yes	npc
Kwuarm gloves	Kwuarm 手套	common	no	item
Kwuarm potion(unf)	夸姆藥水(未製成)	common	no	item
Kwuarm seed	Kwuarm 種子	common	no	item
Kyatt fur	凱比特皮毛	common	no	item
Kyatt hat	Kyatt 帽子	common	no	item
Kyatt legs	Kyatt 腿部	common	no	item
Kyatt top	Kyatt 上衣	common	no	item
Labrador	拉布拉多犬	proper	yes	npc
Labrador puppy	拉布拉多犬幼犬	proper	yes	npc
Lachtopher	拉赫托弗	proper	yes	npc
Ladder top	梯子頂端	common	no	item
Lady Keli	凱莉女士	proper	yes	npc
Lady Seenit	Seenit女士	proper	yes	npc
Lady Servil	瑟維爾女士	proper	yes	npc
Lady Table	Table 女士	proper	yes	npc
Laheeb	拉希布	proper	yes	namebi
Laidee Gnonock	拉伊迪·格諾克	proper	yes	npc
Lakki the delivery dwarf	送貨矮人 Lakki	proper	yes	npc
Lalli	拉利	proper	yes	npc
Lamb	小羊	proper	yes	npc
Lamp	燈	common	no	item
Land of the Goblins	哥布林之地	proper	yes	quest
Lantadyme potion(unf)	蘭塔戴姆藥水(未製成)	common	no	item
Lantadyme seed	蘭塔代姆種子	common	no	item
Lantern lens	燈籠透鏡	common	no	item
Lanthus	Lanthus	proper	yes	npc
Lanzig	蘭齊格	proper	yes	npc
Lapalok	拉帕洛克	proper	yes	npc
Lapsang	ريبا松	proper	yes	npc
Large cog	大型齒輪	common	no	item
Large egg	大型蛋	proper	yes	npc
Large mosquito	大型蚊子	proper	yes	npc
Large oak bed	大型橡樹床	common	no	item
Large ornate key	大型華麗鑰匙	common	no	item
Large orrery	大型天文儀	common	no	item
Large pouch	大型小袋	common	no	item
Large rock	大岩石	proper	yes	npc
Large teak bed	大型柚木床	common	no	item
Large zombie monkey	大型殭屍猴子	proper	yes	npc
Larrissa	拉里莎	proper	yes	npc
Larry	拉里	proper	yes	npc
Larry's Wilderness Cape Shop	拉里的荒野斗篷商店	common	no	shop
Larupia fur	拉魯皮亞皮毛	common	no	item
Larupia hat	Larupia 帽子	common	no	item
Larupia legs	Larupia 腿部	common	no	item
Larupia top	Larupia 上衣	common	no	item
Larxus	拉克斯斯	proper	yes	npc
Last will and testament	最後的遺囑	common	no	item
Lathas' amulet	拉薩斯的護身符	common	no	item
Launa	露娜	proper	yes	npc
Laura	蘿拉	proper	yes	npc
Lava battlestaff	岩漿戰鬥法杖	common	no	item
Lava eel	岩漿鰻	common	no	item
Lava monster	熔岩怪物	proper	yes	npc
Lava rune	岩漿符文	common	no	item
Lava titan	岩漿泰坦	proper	yes	npc
Lava titan pouch	岩漿泰坦袋子	common	no	item
Lavender	薰衣草	common	no	item
Law altar teleport	法律祭壇傳送	common	no	item
Law rune	法則符文	common	no	item
Law talisman	律法護身符	common	no	item
Law talisman staff	律法護身符法杖	common	no	item
Law tiara	法律冠冕	common	no	item
Lawgof	羅戈夫	proper	yes	namebi
Layleen	萊琳	proper	yes	npc
Lazim	拉齊姆	proper	yes	npc
Lazy cat	懶惰的貓	proper	yes	npc
Lazy hellcat	懶惰的地獄貓	proper	yes	npc
Lead archaeologist Abigail	首席考古學家 Abigail	proper	yes	npc
Leaf-bladed spear	葉刃長矛	common	no	item
Leaf-bladed sword	葉刃劍	common	no	item
Lean snail	精瘦的蝸牛	common	no	item
Lean snail meat	精瘦的蝸牛肉	common	no	item
Leaping salmon	跳躍鮭魚	common	no	item
Leaping sturgeon	跳躍鲟魚	common	no	item
Leaping trout	跳躍鱒魚	common	no	item
Learking	潛伏者	proper	yes	npc
Leather	皮革	common	no	item
Leather body	皮甲	common	no	item
Leather body (class 1)	皮甲 (等級 1)	common	no	item
Leather body (class 2)	皮甲 (等級 2)	common	no	item
Leather body (class 3)	皮甲 (等級 3)	common	no	item
Leather body (class 4)	皮甲 (等級 4)	common	no	item
Leather body (class 5)	皮甲 (等級 5)	common	no	item
Leather book	皮革書籍	common	no	item
Leather boots	皮革靴子	common	no	item
Leather chaps	皮革護腿	common	no	item
Leather cowl	皮革兜帽	common	no	item
Leather gloves	皮革手套	common	no	item
Leather vambraces	皮革護腕	common	no	item
Leatherworker	皮革匠	proper	yes	npc
Leaves	葉子	common	no	item
Lederhosen hat	皮褲帽子	common	no	item
Lederhosen shorts	皮褲短褲	common	no	item
Lederhosen top	皮褲上衣	common	no	item
Leech	蛭	proper	yes	npc
Leech display	蛭展示	proper	yes	npc
Leela	莉拉	proper	yes	npc
Left arm	左臂	common	no	item
Left boot	左靴子	common	no	item
Left eyepatch	左眼罩	common	no	item
Left head	左側頭部	proper	yes	npc
Left leg	左腿	common	no	item
Left skull half	左半邊頭骨	common	no	item
Legacy of Seergaze	先知凝視的遺產	proper	yes	quest
Legend's Quest	傳奇任務	proper	yes	quest
Legendary cocktail	傳奇雞尾酒	common	no	item
Legends Guild General Store	傳奇公會雜貨店	common	no	shop
Legends guard	傳說守衛	proper	yes	npc
Legends' Guild Shop of Useful Items	傳奇公會實用物品商店	common	no	shop
Leggings	緊身褲	common	no	item
Legs	腿部	common	no	item
Lemon	檸檬	common	no	item
Lemon chunks	檸檬塊	common	no	item
Lemon slices	檸檬片	common	no	item
Lemon tree seedling	檸檬樹幼苗	common	no	item
Lennissa	蓮妮莎	proper	yes	namebi
Lens mould	鏡片模具	common	no	item
Lensa	蓮莎	proper	yes	npc
Leo	Leo	proper	yes	npc
Leon	里昂	proper	yes	npc
Leon d'Cour	里昂·德庫爾	proper	yes	npc
Leon's Prototype Crossbow	里昂的原型十字弩	common	no	shop
Leprechaun	小矮人	proper	yes	npc
Leprechaun Larry's Farming Supplies.	小矮人 拉里 的農耕用品。	common	no	shop
Lesser Demon Champion	次級惡魔冠軍	proper	yes	npc
Lesser demon	次級惡魔	proper	yes	npc
Lesser reborn mage	低階重生法師	proper	yes	npc
Lesser reborn ranger	低階重生遊俠	proper	yes	npc
Lesser reborn warrior	低階重生戰士	proper	yes	npc
Letham	萊瑟姆	proper	yes	npc
Letter	信件	common	no	item
Lev	列夫	proper	yes	npc
Level 1 certificate	等級 1 證書	common	no	item
Level 2 certificate	等級 2 證書	common	no	item
Level 3 certificate	等級 3 證書	common	no	item
Level 33 Knights	33 級騎士	proper	yes	namebi
Lever	拉桿	common	no	item
Lever schematic	拉桿圖紙	common	no	item
Levitation spell	漂浮咒語	common	no	item
Li'l lamb	小羊羔	proper	yes	npc
Liam	利安	proper	yes	npc
Librarian	圖書館管理員	proper	yes	npc
Library assistant	圖書館助手	proper	yes	npc
Lidio	利迪歐	proper	yes	npc
Lieutenant Schepbur	謝普伯中尉	proper	yes	npc
Lift manual	升降機手冊	common	no	item
Light creature	光之生物	proper	yes	npc
Light mystic robes set	淺色神秘師長袍套裝	common	no	item
Light orb	光球體	common	no	item
Lighthouse key	燈塔鑰匙	common	no	item
Liliya	莉莉亞	proper	yes	npc
Lilly	莉莉	proper	yes	npc
Lime	萊姆	common	no	item
Lime chunks	萊姆塊	common	no	item
Lime slices	萊姆片	common	no	item
Limestone	石灰岩	common	no	item
Limestone brick	石灰岩磚	common	no	item
Limpwurt root	Limpwurt 根	common	no	item
Limpwurt seed	跛足草種子	common	no	item
Linen	亞麻布	common	no	item
Linen worker	亞麻工人	proper	yes	npc
Liquid honey	液態蜂蜜	common	no	item
Lisse Isaakson	Lisse Isaakson	proper	yes	npc
List	清單	common	no	item
List of elders	長老清單	common	no	item
Lit black candle	點燃的黑色蠟燭	common	no	item
Lit bug lantern	已點亮的蟲燈	common	no	item
Lit candle	點燃的蠟燭	common	no	item
Lit strange object	發光的神祕物品	common	no	item
Lit torch	點燃的火把	common	no	item
Litara	利塔拉	proper	yes	npc
Lizard	蜥蜴	proper	yes	npc
Lizard display	蜥蜴展示	proper	yes	npc
Lizard man	蜥蜴男人	proper	yes	npc
Lizard skull	蜥蜴頭骨	common	no	item
Lizard skull (charged)	蜥蜴頭骨 (充能)	common	no	item
Lizzie	莉齊	proper	yes	npc
Lletya	列蒂亞	proper	yes	namebi
Lletya Archery Shop	Lletya 弓箭店	common	no	shop
Lletya Food Store	Lletya 食品店	common	no	shop
Lletya General Store	Lletya 精品店	common	no	shop
Lletya Seamstress	Lletya 裁縫店	common	no	shop
Loach	泥鰍	common	no	item
Loading crane	裝載吊車	proper	yes	npc
Loar Shade	Loar 幽魂	proper	yes	npc
Loar Shadow	Loar 影子	proper	yes	npc
Loar remains	Loar 的殘骸	common	no	item
Lobster	龍蝦	common	no	item
Lobster pot	龍蝦籠	common	no	item
Local	當地人	proper	yes	npc
Local Gnome	當地侏儒	proper	yes	npc
Local mage	當地法師	proper	yes	npc
Local thug	當地暴徒	proper	yes	npc
Locating crystal	定位水晶	common	no	item
Locked diary	已鎖上的日記	common	no	item
Locker Officer	置物櫃官員	proper	yes	npc
Lockpick	撬鎖器	common	no	item
Locust	蝗蟲	proper	yes	npc
Locust lancer	蝗蟲長槍兵	proper	yes	npc
Locust meat	蝗蟲肉	common	no	item
Locust ranger	蝗蟲遊俠	proper	yes	npc
Locust rider	蝗蟲騎士	proper	yes	npc
Lofu	洛夫	proper	yes	npc
Logs	原木	common	no	item
Lokar Searunner	洛卡·海行者	proper	yes	npc
Loki	洛基	proper	yes	npc
Lollery	洛勒里	proper	yes	npc
Lollk	羅爾克	proper	yes	npc
Long bone	長骨	common	no	item
Long kebbit bolts	長凱比特弩箭	common	no	item
Long kebbit spike	長凱比特尖刺	common	no	item
Long pulley beam	長滑輪樑	common	no	item
Long vine	長藤蔓	common	no	item
Longbow	長弓	common	no	item
Longbow (u)	長弓 (u)	common	no	item
Longbow Ben	長弓班	proper	yes	npc
Longer pulley beam	更長的滑輪樑	common	no	item
Longhall Bouncer	Longhall 保鏢	proper	yes	npc
Longramble	Longramble	proper	yes	npc
Loop half of a key	鑰匙環形一半	common	no	item
Lord Daquarius	達奎里亞斯勳爵	proper	yes	npc
Lord Iban	伊班領主	proper	yes	npc
Lord Iorwerth	伊奧沃斯領主	proper	yes	npc
Lord Rologarth	羅洛加斯領主	proper	yes	npc
Lost City	失落之城	proper	yes	namebi
Lost barbarian	迷失的野蠻人	proper	yes	npc
Lostme	迷失的我	proper	yes	npc
Lottie	洛蒂	proper	yes	npc
Louie Legs	長腿路易	proper	yes	npc
Louie's Armoured Legs Bazaar	Louie 的護甲腿部集市	common	no	shop
Louisa	露易莎	proper	yes	npc
Love Cats	愛貓	proper	yes	npc
Lovecraft's Tackle	Lovecraft 的釣具	common	no	shop
Low alcohol keg	低酒精桶	common	no	item
Lowe	洛威	proper	yes	npc
Lowe's Archery Emporium	洛威的弓箭商行	common	no	shop
Lubufu	魯布福	proper	yes	npc
Lucien	路西安	proper	yes	npc
Lucky cutlass	幸運彎刀	common	no	item
Lucky shot flag	走運一擊旗幟	common	no	item
Lucy	露西	proper	yes	npc
Lumber order	木材訂單	common	no	item
Lumber patch	木材補丁	common	no	item
Lumberjack Leif	伐木工萊夫	proper	yes	npc
Lumberjack boots	木工靴子	common	no	item
Lumberjack hat	木工帽子	common	no	item
Lumberjack legs	木工腿部	common	no	item
Lumberjack top	木工上衣	common	no	item
Lumbridge	倫布里奇	proper	yes	glossary
Lumbridge Castle	倫布里奇城堡	proper	yes	namebi
Lumbridge General Store	倫布里奇雜貨店	common	no	shop
Lumbridge Guide	倫布里奇嚮導	proper	yes	npc
Lumbridge Swamp	倫布里奇沼澤	proper	yes	namebi
Lumbridge guide	倫布里奇嚮導	common	no	item
Lumbridge painting	倫布里奇繪畫	common	no	item
Lumbridge teleport	倫布里奇傳送	common	no	item
Lumdo	魯姆多	proper	yes	npc
Luminata	露米娜塔	proper	yes	npc
Lumo	盧莫	proper	yes	npc
Lump of crystal	一團晶體	common	no	item
Lunar Diplomacy	月亮外交	proper	yes	quest
Lunar Isle	月亮島	proper	yes	namebi
Lunar amulet	月亮護身符	common	no	item
Lunar bar	月亮金屬錠	common	no	item
Lunar boots	月亮靴子	common	no	item
Lunar cape	月亮斗篷	common	no	item
Lunar globe	月球儀	common	no	item
Lunar gloves	月亮手套	common	no	item
Lunar helm	月亮頭盔	common	no	item
Lunar helm (charged)	月亮頭盔 (充能)	common	no	item
Lunar helm (e)	月亮頭盔 (e)	common	no	item
Lunar legs	月亮腿部	common	no	item
Lunar ore	月亮礦石	common	no	item
Lunar ring	月亮戒指	common	no	item
Lunar staff	月亮法杖	common	no	item
Lunar staff - pt1	月亮法杖 - 第一部分	common	no	item
Lunar staff - pt2	月亮法杖 - 第二部分	common	no	item
Lunar staff - pt3	月亮法杖 - 第三部分	common	no	item
Lunar torso	月亮軀幹	common	no	item
Lundail	倫代爾	proper	yes	npc
Lundail's Arena-side Rune Shop	倫代爾競技場旁的符文商店	common	no	shop
Lunderwin	倫德溫	proper	yes	npc
Lurgon	魯根	proper	yes	npc
Luscion	Luscion	proper	yes	npc
Luthas	盧薩斯	proper	yes	npc
Lvzyoda	Lvzyoda	proper	yes	npc
Lyra	萊拉	proper	yes	npc
Lyre	里拉琴	common	no	item
M sigil	M 符文	common	no	item
M'amulet mould	M'護身符模具	common	no	item
M'gany arm'r case	M'gany 護甲盒	common	no	item
M'gany cape rack	M'gany 斗篷架	common	no	item
M'gany treas' chest	M'gany 寶藏箱	common	no	item
M'light mead(m1)	M'light 蜂蜜酒(m1)	common	no	item
M'light mead(m2)	M'light 蜂蜜酒(m2)	common	no	item
M'light mead(m3)	M'light 蜂蜜酒(m3)	common	no	item
M'light mead(m4)	M'light 蜂蜜酒(m4)	common	no	item
M'speak amulet	M'語咒護身符	common	no	item
M0m Online	媽媽上線	proper	yes	npc
Mabel Malore	梅貝爾·馬洛	proper	yes	namebi
Macaroni Penguin	麥卡羅尼企鵝	proper	yes	npc
Macaw	金剛鸚鵡	proper	yes	npc
Macaw pouch	金剛鸚鵡袋	common	no	item
Mace	錘	common	no	item
Machete	開山刀	common	no	item
Mackerel	鯖魚	common	no	item
Mad skavid	發狂的斯卡維德	proper	yes	npc
Madam C	C夫人	proper	yes	npc
Mage	法師	common	no	npc
Mage Arena Staffs	法師競技場法杖	common	no	shop
Mage Training Arena#rewards	法師訓練場#獎勵	common	no	shop
Mage of Zamorak	札莫拉克法師	proper	yes	npc
Mage's book	法師的書籍	common	no	item
Maggie	Maggie	proper	yes	npc
Magic	魔法	common	no	glossary
Magic Emporium	魔法商行	common	no	shop
Magic Guild Store	魔法公會商店	common	no	shop
Magic Instructor	魔法導師	proper	yes	namebi
Magic Store owner	魔法商店店主	proper	yes	npc
Magic Tutor	魔法導師	proper	yes	npc
Magic assistant	魔法助手	proper	yes	npc
Magic axe	魔法斧頭	proper	yes	npc
Magic beans	Magic beans 魔法豆	common	no	item
Magic box	魔法箱	common	no	item
Magic butterfly net	魔法蝴蝶網	common	no	item
Magic cape	魔法斗篷	common	no	item
Magic cape(t)	魔法斗篷(t)	common	no	item
Magic carpet	魔法地毯	common	no	item
Magic comp bow	魔法複合弓	common	no	item
Magic dummy	魔法訓練假人	proper	yes	npc
Magic egg	魔法蛋	common	no	item
Magic ess. mix(1)	魔法精華混合(1)	common	no	item
Magic ess. mix(2)	魔法精華混合(2)	common	no	item
Magic focus scroll	魔法聚焦卷軸	common	no	item
Magic glue	魔法膠水	common	no	item
Magic gold feather	魔法金羽毛	common	no	item
Magic hood	魔法兜帽	common	no	item
Magic instructor	魔法教練	proper	yes	npc
Magic logs	魔法原木	common	no	item
Magic longbow	魔法長弓	common	no	item
Magic longbow (u)	魔法長弓 (u)	common	no	item
Magic mix(1)	魔法 混合(1)	common	no	item
Magic mix(2)	魔法 混合(2)	common	no	item
Magic ogre potion	魔法食人魔藥水	common	no	item
Magic path key	魔法路徑鑰匙	common	no	item
Magic potion(1)	魔法藥水(1)	common	no	item
Magic potion(2)	魔法藥水(2)	common	no	item
Magic potion(3)	魔法藥水(3)	common	no	item
Magic potion(4)	魔法藥水(4)	common	no	item
Magic potion(5)	魔法藥水 (5)	common	no	item
Magic pyre logs	魔法柴堆原木	common	no	item
Magic roots	魔法根	common	no	item
Magic sapling	魔法小樹	common	no	item
Magic secateurs	魔法修枝剪	common	no	item
Magic seed	魔法種子	common	no	item
Magic seedling	魔法幼苗	common	no	item
Magic shortbow	魔法短弓	common	no	item
Magic shortbow (u)	魔法短弓 (u)	common	no	item
Magic slate	魔法石板	common	no	item
Magic staff	魔法法杖	common	no	item
Magic stone	魔法石	common	no	item
Magic string	魔法繩索	common	no	item
Magic tree	魔法樹木	proper	yes	npc
Magic unguent	魔法軟膏	common	no	item
Magic whistle	魔法口哨	common	no	item
Magical cage	魔法籠子	common	no	item
Magical cape rack	魔法斗篷架	common	no	item
Magical orb	魔法球體	common	no	item
Magical orb (a)	魔法球體 (a)	common	no	item
Magnet	磁鐵	common	no	item
Magnus Gram	Magnus Gram	proper	yes	npc
Magpie	喜鵲	proper	yes	npc
Magpie Impling	喜鵲小惡魔	proper	yes	npc
Magpie Impling Puro	喜鵲小惡魔 Puro	proper	yes	npc
Magpie impling jar	喜鵲小惡魔罐	common	no	item
Magpie pouch	喜鵲袋	common	no	item
Mahogany	紅木	proper	yes	npc
Mahogany 'drobe	紅木衣櫥	common	no	item
Mahogany 'scope	紅木望遠鏡	common	no	item
Mahogany armchair	紅木扶手椅	common	no	item
Mahogany b'kcase	紅木書籍架	common	no	item
Mahogany bench	紅木長凳	common	no	item
Mahogany catapult part	紅木投石器零件	common	no	item
Mahogany cos box	紅木服裝箱	common	no	item
Mahogany demon	紅木惡魔	common	no	item
Mahogany dresser	紅木梳妝台	common	no	item
Mahogany eagle	紅木老鷹	common	no	item
Mahogany logs	紅木原木	common	no	item
Mahogany magic wardrobe	紅木魔法衣櫥	common	no	item
Mahogany plank	紅木木板	common	no	item
Mahogany pyre log	紅木柴堆原木	common	no	item
Mahogany stock	紅木庫存	common	no	item
Mahogany table	紅木桌	common	no	item
Mahogany toy box	紅木玩具箱	common	no	item
Maid	女僕	proper	yes	npc
Maisa	Maisa	proper	yes	npc
Major Attack	攻擊少校	proper	yes	npc
Major Collect	少校收集	proper	yes	npc
Major Defend	少校防禦	proper	yes	npc
Major Heal	少校治療	proper	yes	npc
Make-over Mage	造型法師	proper	yes	npc
Makeover voucher	外觀變更券	common	no	item
Making History	創造歷史	proper	yes	quest
Malak	馬拉克	proper	yes	npc
Male h.a.m.	男性 h.a.m.	common	no	item
Male slave	男奴隸	proper	yes	npc
Malignius Mortifer	馬利尼烏斯·莫提費爾	proper	yes	npc
Mama	媽媽	proper	yes	npc
Mamma Bufetta	瑪瑪·布費塔	proper	yes	npc
Mammoth	猛獁象	proper	yes	npc
Man	男人	common	no	npc
Man speak amulet	男人說話護身符	common	no	item
Mandrith	曼德里思	proper	yes	npc
Mangled bones	破碎的骨頭	common	no	item
Mango tree seedling	芒果樹幼苗	common	no	item
Manni the Reveller	狂歡者 Manni	proper	yes	npc
Manta ray	魔鬼魚	common	no	item
Mantis strike scroll	螳螂打擊卷軸	common	no	item
Manual	手冊	common	no	item
Map of 2009Scape	2009Scape 地圖	common	no	item
Map part	地圖碎片	common	no	item
Map scrap	地圖碎片	common	no	item
Maple blackjack	楓木黑皮	common	no	item
Maple blackjack(d)	楓木黑皮	common	no	item
Maple blackjack(o)	楓木黑皮	common	no	item
Maple logs	楓木原木	common	no	item
Maple longbow	楓木長弓	common	no	item
Maple longbow (u)	楓木長弓 (u)	common	no	item
Maple pyre logs	楓木柴堆原木	common	no	item
Maple roots	紅楓根	common	no	item
Maple sapling	楓木小樹	common	no	item
Maple seed	楓木種子	common	no	item
Maple seedling	楓木幼苗	common	no	item
Maple shortbow	楓木短弓	common	no	item
Maple shortbow (u)	楓木短弓 (u)	common	no	item
Maple stock	楓木庫存	common	no	item
Maple tree	楓樹	proper	yes	npc
Marble amulet	大理石護身符	common	no	item
Marble block	大理石塊	common	no	item
Marble cape rack	大理石斗篷架	common	no	item
Marble magic wardrobe	大理石魔法衣櫥	common	no	item
Marfet	Marfet	proper	yes	npc
Maria Gunnars	Maria Gunnars	proper	yes	npc
Marigold seed	金盞花種子	common	no	item
Marigolds	金盞花	common	no	item
Marinated j' bones	醃製過的 j' 骨頭	common	no	item
Marionette handle	傀儡操縱桿	common	no	item
Marius	馬留斯	proper	yes	npc
Marius Giste	馬留斯·吉斯特	proper	yes	npc
Marjory	瑪喬麗	proper	yes	namebi
Market Guard	市場守衛	proper	yes	npc
Markog	馬科格	proper	yes	npc
Marr vial	馬爾小瓶	common	no	item
Marrentill potion(unf)	馬倫提爾藥水(未製成)	common	no	item
Marrentill seed	Marrentill 種子	common	no	item
Marrentill tar	Marrentill 塔	common	no	item
Martha Rehnison	馬莎·雷尼森	proper	yes	npc
Martin Thwait	馬丁·斯威特	proper	yes	npc
Martin Thwait's Lost and Found.	馬丁·斯威特的失物招領處	common	no	shop
Martin the Master Gardener	園丁大師馬丁	proper	yes	npc
Martina Scorsby	馬蒂娜·史考斯比	proper	yes	npc
Marvin	馬文	proper	yes	npc
Mary	瑪莉	proper	yes	npc
Masked earmuffs	遮面耳罩	common	no	item
Massage table	按摩床	proper	yes	npc
Master	大師	proper	yes	npc
Master Chef	主廚導師	proper	yes	namebi
Master Crafter	工藝大師	proper	yes	npc
Master Farmer	大師農夫	proper	yes	npc
Master chef	主廚	proper	yes	npc
Master farmer	大師農夫	common	no	item
Master fisher	資深漁師	proper	yes	npc
Master wand	大師魔杖	common	no	item
Mastic twigs	乳香提格	common	no	item
Mastic weaving ribbon	Mastic 編織緞帶	common	no	item
Mathdude	數學傢伙	proper	yes	npc
Matilda	瑪蒂達	proper	yes	npc
Matt Blitzer	馬特·布利策	proper	yes	npc
Matthew	馬修	proper	yes	npc
Matthias	馬提亞斯	proper	yes	npc
Mature cider	成熟的西der (Cider)	common	no	item
Mature wmb	成熟的溫伯 (wmb)	common	no	item
Mawnis Burowgar	莫尼斯·布羅瓦加	proper	yes	npc
Mawrth	莫斯	proper	yes	npc
Max the traveller	旅行者馬克斯	proper	yes	npc
Mayor Hobb	Hobb 市長	proper	yes	npc
Mazchna	Mazchna	proper	yes	npc
Maze Guardian	迷宮守衛	proper	yes	npc
Maze key	迷宮鑰匙	common	no	item
Mazion	馬齊恩	proper	yes	npc
Me	我	proper	yes	npc
Meat pie	肉派	common	no	item
Meat pizza	肉類比薩	common	no	item
Meat tenderiser	肉類嫩化器	common	no	item
Medium cog	中型齒輪	common	no	item
Medium ninja monkey	中型忍者猴子	proper	yes	npc
Medium pouch	中型小袋	common	no	item
Meegle	米格爾	proper	yes	npc
Meeting History	會面歷史	proper	yes	quest
Meeting notes	會議筆記	common	no	item
Mega-phonus	大聲公	common	no	item
Megan	梅根	proper	yes	npc
Meiyerditch	梅耶迪奇	proper	yes	namebi
Meiyerditch citizen	Meiyerditch 市民	proper	yes	npc
Meiyerditch miner	Meiyerditch 礦工	proper	yes	npc
Mekritus A'hara	Mekritus A'hara	proper	yes	npc
Melana Moonlander	梅蘭娜·月陸者	proper	yes	npc
Melee Tutor	近戰導師	proper	yes	npc
Melee dummy	近戰訓練假人	proper	yes	npc
Melee tutor	近戰導師	proper	yes	npc
Melina	梅莉娜	proper	yes	npc
Melzar the Mad	瘋狂的梅爾札	proper	yes	npc
Members	會員	common	no	glossary
Memorial stone	紀念石	proper	yes	npc
Menap action kilt	麥納普動作裙	common	no	item
Menap headgear	麥納普頭部裝備	common	no	item
Menaphite Leader	曼納菲特頭目	proper	yes	npc
Menaphite Thug	曼納菲特暴徒	proper	yes	npc
Menaphite guard	Menaphite 守衛	proper	yes	npc
Menaphite robe	麥納普長袍	common	no	item
Menaphite thug	曼納菲特暴徒	common	no	item
Menaphite top	麥納普上衣	common	no	item
Meranek Thanatos	梅拉內克·塔納托斯	proper	yes	npc
Mercenary	傭兵	proper	yes	npc
Mercenary Adventurer	傭兵冒險者	proper	yes	npc
Mercenary Captain	傭兵隊長	proper	yes	npc
Mercenary axeman	傭兵斧兵	proper	yes	npc
Mercenary mage	傭兵法師	proper	yes	npc
Merlin	梅林	proper	yes	npc
Merlin's Crystal	梅林的水晶	proper	yes	quest
Mernik	默尼克	proper	yes	npc
Meskhenet	梅什凱內特	proper	yes	npc
Metal bar	金屬棒	common	no	item
Metal catapult parts	金屬投石器零件	common	no	item
Metal feather	金屬羽毛	common	no	item
Metal key	金屬鑰匙	common	no	item
Metal sheet	金屬片	common	no	item
Metal spade	金屬鏟子	common	no	item
Metarialus	Metarialus	proper	yes	npc
Meteora	米提歐拉	proper	yes	npc
Meter	計量表	common	no	item
Mi-Gor	米-戈爾	proper	yes	npc
Miala	米亞拉	proper	yes	npc
Miazrqa	米亞茲卡	proper	yes	npc
Miazrqa's pendant	米亞茲卡的吊墜	common	no	item
Middle head	中間頭部	proper	yes	npc
Mightiest turoth	最強大的圖羅斯	proper	yes	npc
Mighty banshee	強大的女妖	proper	yes	npc
Mihail	米哈伊爾	proper	yes	npc
Mike	麥克	proper	yes	npc
Miles	邁爾斯	proper	yes	npc
Milknosugar	無糖牛奶	proper	yes	npc
Milky mixture	乳狀混合物	common	no	item
Milla	米拉	proper	yes	npc
Milli Rehnison	米莉·雷尼森	proper	yes	npc
Millie Miller	米莉·米勒	proper	yes	npc
Miltog	米爾托格	proper	yes	npc
Mime	默劇演員	proper	yes	npc
Mime boots	默劇演員靴子	common	no	item
Mime gloves	默劇演員手套	common	no	item
Mime legs	默劇演員腿部裝備	common	no	item
Mime mask	默劇演員面具	common	no	item
Mime top	默劇演員上衣	common	no	item
Mimm	咪姆	proper	yes	npc
Minced meat	肉末	common	no	item
Mind altar teleport	心靈元素祭壇傳送	common	no	item
Mind bomb(1)	精神炸彈(1)	common	no	item
Mind bomb(2)	精神炸彈(2)	common	no	item
Mind bomb(3)	精神炸彈(3)	common	no	item
Mind bomb(4)	精神炸彈(4)	common	no	item
Mind bomb(m1)	精神炸彈(m1)	common	no	item
Mind bomb(m2)	精神炸彈(m2)	common	no	item
Mind bomb(m3)	精神炸彈(m3)	common	no	item
Mind bomb(m4)	精神炸彈(m4)	common	no	item
Mind helmet	心靈頭盔	common	no	item
Mind rune	精神符文	common	no	item
Mind shield	心靈護盾	common	no	item
Mind talisman	心靈護身符	common	no	item
Mind talisman staff	心靈護身符法杖	common	no	item
Mind tiara	心靈冠冕	common	no	item
Mine Cart	礦車	proper	yes	npc
Mine cart	礦車	proper	yes	npc
Mine cart driver	礦車司機	proper	yes	npc
Minecart ticket	礦車票	common	no	item
Miner	礦工	proper	yes	npc
Miner Magnus	礦工馬格努斯	proper	yes	npc
Mining	採礦	common	no	glossary
Mining Instructor	採礦導師	proper	yes	namebi
Mining Tutor	採礦導師	proper	yes	npc
Mining cape	採礦斗篷	common	no	item
Mining cape(t)	採礦斗篷(t)	common	no	item
Mining helmet	採礦頭盔	common	no	item
Mining hood	採礦兜帽	common	no	item
Mining instructor	採礦教練	proper	yes	npc
Mining prop	採礦道具	common	no	item
Mining tome	採礦之書	common	no	item
Minotaur	米諾陶洛	proper	yes	npc
Mint cake	薄荷蛋糕	common	no	item
Miodvetnir	米奧德維尼爾	proper	yes	npc
Mirror	鏡子	common	no	item
Mirror shield	鏡子盾牌	common	no	item
Misc. portrait	雜項肖像	common	no	item
Miscellaneous key	雜項鑰匙	common	no	item
Miscellania	米賽蘭尼亞	proper	yes	namebi
Miscellanian Clothes Shop	米塞蘭尼亞服飾店	common	no	shop
Miscellanian Food Shop	米塞蘭尼亞食品店	common	no	shop
Miscellanian General Store	Miscellanian 雜貨店	common	no	shop
Mischievous ghost	淘氣的幽靈	proper	yes	npc
Mishkal'un Dorn	米什卡爾·恩·多恩	proper	yes	npc
Miss Cheevers	Cheevers 小姐	proper	yes	npc
Miss Schism	史基斯小姐	proper	yes	npc
Missi Sissi	米西·西西	proper	yes	npc
Mist	薄霧	proper	yes	npc
Mist rune	薄霧符文	common	no	item
Mistag	米斯塔格	proper	yes	npc
Mith bull rush scroll	秘銀公牛衝撞卷軸	common	no	item
Mith crossbow	秘銀十字弩	common	no	item
Mith grapple	Mith 鉤爪	common	no	item
Mith grapple tip	Mith 鉤爪尖端	common	no	item
Mithril	祕銀	common	no	material
Mithril 2h sword	秘銀雙手劍	common	no	item
Mithril armour set (l)	秘銀套裝 (l)	common	no	item
Mithril armour set (sk)	秘銀套裝 (sk)	common	no	item
Mithril arrow	秘銀箭	common	no	item
Mithril arrow(p)	秘銀箭(p)	common	no	item
Mithril arrow(p+)	秘銀箭(p+)	common	no	item
Mithril arrow(p++)	秘銀箭(p++)	common	no	item
Mithril arrowtips	秘銀箭頭	common	no	item
Mithril axe	秘銀斧	common	no	item
Mithril bar	秘銀錠	common	no	item
Mithril battleaxe	秘銀戰斧	common	no	item
Mithril bolts	Mithril 弩箭	common	no	item
Mithril bolts (p)	Mithril 弩箭 (p)	common	no	item
Mithril bolts (unf)	Mithril 弩箭 (未加工)	common	no	item
Mithril bolts(p+)	Mithril 弩箭(p+)	common	no	item
Mithril bolts(p++)	Mithril 弩箭(p++)	common	no	item
Mithril boots	秘銀靴子	common	no	item
Mithril brutal	秘銀野蠻人	common	no	item
Mithril c'bow (u)	秘銀小型弩 (u)	common	no	item
Mithril chainbody	秘銀鎖甲	common	no	item
Mithril claws	秘銀爪	common	no	item
Mithril dagger	秘銀匕首	common	no	item
Mithril dagger(p)	秘銀匕首(p)	common	no	item
Mithril dagger(p+)	秘銀匕首(p+)	common	no	item
Mithril dagger(p++)	秘銀匕首(p++)	common	no	item
Mithril dart	秘銀飛鏢	common	no	item
Mithril dart tip	秘銀飛鏢尖端	common	no	item
Mithril dart(p)	秘銀飛鏢(p)	common	no	item
Mithril dart(p+)	秘銀飛鏢(p+)	common	no	item
Mithril dart(p++)	秘銀飛鏢(p++)	common	no	item
Mithril defender	秘銀防禦者	common	no	item
Mithril dragon	秘銀龍	proper	yes	npc
Mithril fire arrows	秘銀火箭矢	common	no	item
Mithril full helm	秘銀全罩頭盔	common	no	item
Mithril gauntlets	秘銀手套	common	no	item
Mithril halberd	秘銀戟	common	no	item
Mithril hasta	秘銀長矛	common	no	item
Mithril hasta(kp)	秘銀長矛(kp)	common	no	item
Mithril hasta(p)	秘銀長矛(p)	common	no	item
Mithril hasta(p+)	秘銀長矛(p+)	common	no	item
Mithril hasta(p++)	秘銀長矛(p++)	common	no	item
Mithril javelin	秘銀標槍	common	no	item
Mithril javelin(p)	秘銀標槍(p)	common	no	item
Mithril javelin(p+)	秘銀標槍(p+)	common	no	item
Mithril javelin(p++)	秘銀標槍(p++)	common	no	item
Mithril kiteshield	秘銀風箏盾	common	no	item
Mithril knife	秘銀小刀	common	no	item
Mithril knife(p)	秘銀小刀(p)	common	no	item
Mithril knife(p+)	秘銀小刀(p+)	common	no	item
Mithril knife(p++)	秘銀小刀(p++)	common	no	item
Mithril limbs	Mithril 弓肢	common	no	item
Mithril longsword	秘銀長劍	common	no	item
Mithril mace	秘銀釘頭錘	common	no	item
Mithril med helm	秘銀中型頭盔	common	no	item
Mithril minotaur	秘銀米諾陶洛	proper	yes	npc
Mithril minotaur pouch	秘銀米諾陶洛小袋	common	no	item
Mithril nails	秘銀釘	common	no	item
Mithril ore	秘銀礦	proper	yes	npc
Mithril pick head	秘銀鎬頭部	common	no	item
Mithril pickaxe	秘銀鎬	common	no	item
Mithril platebody	秘銀胸甲	common	no	item
Mithril platelegs	秘銀護腿	common	no	item
Mithril plateskirt	秘銀裙甲	common	no	item
Mithril scimitar	秘銀彎刀	common	no	item
Mithril seeds	秘銀種子	common	no	item
Mithril spear	秘銀長矛	common	no	item
Mithril spear(kp)	秘銀長矛(kp)	common	no	item
Mithril spear(p)	秘銀長矛(p)	common	no	item
Mithril spear(p+)	秘銀長矛(p+)	common	no	item
Mithril spear(p++)	秘銀長矛(p++)	common	no	item
Mithril sq shield	秘銀方盾	common	no	item
Mithril sword	秘銀劍	common	no	item
Mithril thrownaxe	秘銀投擲斧	common	no	item
Mithril warhammer	秘銀戰鎚	common	no	item
Mittens	米騰斯	proper	yes	npc
Mixed blast	混合爆破	common	no	item
Mixed blizzard	混合暴風雪	common	no	item
Mixed blurberry special	混合藍莓特調	common	no	item
Mixed chemicals	混合化學物質	common	no	item
Mixed punch	混合果汁	common	no	item
Mixed sgg	混合 sgg	common	no	item
Mixture - step 1(1)	混合物 - 第 1 步(1)	common	no	item
Mixture - step 1(2)	混合物 - 第 1 步(2)	common	no	item
Mixture - step 1(3)	混合物 - 第 1 步(3)	common	no	item
Mixture - step 1(4)	混合物 - 第 1 步(4)	common	no	item
Mixture - step 2(1)	混合物 - 第 2 步(1)	common	no	item
Mixture - step 2(2)	混合物 - 第 2 步(2)	common	no	item
Mixture - step 2(3)	混合物 - 第 2 步(3)	common	no	item
Mixture - step 2(4)	混合物 - 第 2 步(4)	common	no	item
Mizaru	米扎魯	proper	yes	npc
Model ship	模型船	common	no	item
Moe	莫伊	proper	yes	npc
Mogglewump	莫格威普	proper	yes	npc
Moglewee	莫格威	proper	yes	npc
Mogre	莫格雷	proper	yes	npc
Mogre Guard	莫格雷守衛	proper	yes	npc
Mogre bone	莫格雷骨頭	common	no	item
Molanisk	莫拉尼斯克	proper	yes	npc
Moldof	莫多夫	proper	yes	npc
Mole claw	Mole 爪	common	no	item
Mole display	鼴鼠展示	proper	yes	npc
Mole skin	Mole 皮膚	common	no	item
Molly	莫莉	proper	yes	npc
Molten glass	熔融玻璃	common	no	item
Money crest voucher	金錢紋章券	common	no	item
Monk	僧侶	common	no	npc
Monk of Entrana	恩特拉納僧侶	proper	yes	npc
Monk of Zamorak	札莫拉克僧侶	proper	yes	npc
Monk's Friend	僧侶的朋友	proper	yes	quest
Monk's robe	僧侶長袍	common	no	item
Monkey	猴子	proper	yes	npc
Monkey Archer	猴子弓箭手	proper	yes	npc
Monkey Child	猴子孩童	proper	yes	npc
Monkey Guard	猴子守衛	proper	yes	npc
Monkey Madness	猴子瘋狂	proper	yes	namebi
Monkey Zombie	猴子殭屍	proper	yes	npc
Monkey bar	猴子單槓	common	no	item
Monkey bones	猴子骨頭	common	no	item
Monkey corpse	猴子屍體	common	no	item
Monkey dentures	猴子假牙	common	no	item
Monkey display	猴子展示	proper	yes	npc
Monkey greegree	猴子格里格里	common	no	item
Monkey minder	猴子看管者	proper	yes	npc
Monkey nuts	猴子堅果	common	no	item
Monkey paw	猴子爪	common	no	item
Monkey skin	猴子皮	common	no	item
Monkey skull	猴子頭骨	common	no	item
Monkey talisman	猴子護身符	common	no	item
Monkfish	僧侶魚	common	no	item
Monstrous cave crawler	巨大的洞穴爬行者	proper	yes	npc
Moon Clan General Store	月亮氏族雜貨店	common	no	shop
MoonClan Fine Clothes	月族精細布料	common	no	shop
Moonclan armour	月族護甲	common	no	item
Moonclan boots	月族靴子	common	no	item
Moonclan cape	月族斗篷	common	no	item
Moonclan gloves	月族手套	common	no	item
Moonclan hat	月族帽子	common	no	item
Moonclan helm	月族頭盔	common	no	item
Moonclan manual	月族手冊	common	no	item
Moonclan skirt	月族裙子	common	no	item
Moonlight mead	月光蜂蜜酒	common	no	item
Moonlight mead(1)	月光蜂蜜酒(1)	common	no	item
Moonlight mead(2)	月光蜂蜜酒(2)	common	no	item
Moonlight mead(3)	月光蜂蜜酒(3)	common	no	item
Moonlight mead(4)	月光蜂蜜酒(4)	common	no	item
Moonlight mead(m)	月光蜂蜜酒(m)	common	no	item
Mord Gunnars	莫德·岡納斯	proper	yes	npc
Mordaut	莫多	proper	yes	namebi
Morgan	摩根	proper	yes	npc
Morgan Le Faye	摩根·勒·菲	proper	yes	npc
Morrigan's coif	莫莉根鎖子甲頭罩	common	no	item
Morrigan's coif (deg)	莫莉根鎖子甲頭罩 (降階)	common	no	item
Morrigan's javelin	莫莉根投槍	common	no	item
Morrigan's javelin(p)	莫莉根投槍(p)	common	no	item
Morrigan's javelin(p+)	莫莉根投槍(p+)	common	no	item
Morrigan's javelin(p++)	莫莉根投槍(p++)	common	no	item
Morrigan's leather body	莫莉根皮甲	common	no	item
Morrigan's leather body (deg)	莫莉根皮甲 (降階)	common	no	item
Morrigan's leather chaps	莫莉根皮革護腿	common	no	item
Morrigan's leather chaps (deg)	莫莉根皮革護腿 (降階)	common	no	item
Morrigan's throwing axe	莫莉根投擲斧	common	no	item
Morris	莫里斯	proper	yes	npc
Morrisnorris	莫里斯諾里斯	proper	yes	npc
Mort Myre	莫特邁爾	proper	yes	namebi
Mort myre fungus	莫特邁爾真菌	common	no	item
Mort myre pear	莫特邁爾梨	common	no	item
Mort myre stem	莫特邁爾莖	common	no	item
Mort'ton Local	Mort'ton 當地人	proper	yes	npc
Mort'ton local	Mort'ton 當地人	proper	yes	npc
Morten Holdstrom	Morten Holdstrom	proper	yes	npc
Morvran	莫夫蘭	proper	yes	npc
Morytania painting	莫瑞塔尼亞繪畫	common	no	item
Mosol Rei	莫索爾·雷	proper	yes	npc
Mosquito swarm	蚊子集群	proper	yes	npc
Moss giant	苔蘚巨人	proper	yes	npc
Moss giant bone	苔蘚巨人骨頭	common	no	item
Moss titan	苔蘚泰坦	proper	yes	npc
Moss titan pouch	苔蘚泰坦袋子	common	no	item
Mosschin	苔蘚下巴	proper	yes	npc
Mosschin's bone	苔蘚下巴的骨頭	common	no	item
Most of a Zombie	大部分的殭屍	proper	yes	npc
Mother Mallum	Mallum 母親	proper	yes	npc
Moths	飛蛾	proper	yes	npc
Mountain Daughter	山之女	proper	yes	quest
Mountain Dwarf	山脈矮人	proper	yes	npc
Mountain Goat	山地羊	proper	yes	npc
Mountain goat	山地羊	proper	yes	npc
Mountain troll	山地巨魔	proper	yes	npc
Mounted terrorbird gnome	騎乘恐怖鳥的侏儒	proper	yes	npc
Mounted terrorchick gnome	騎乘恐怖雛侏儒	proper	yes	npc
Mourner	哀悼者	proper	yes	npc
Mourner (boss)	哀悼者 (boss)	proper	yes	npc
Mourner boots	哀悼者靴子	common	no	item
Mourner cloak	哀悼者斗篷	common	no	item
Mourner gloves	哀悼者手套	common	no	item
Mourner letter	哀悼者信件	common	no	item
Mourner top	哀悼者上衣	common	no	item
Mourner trousers	哀悼者長褲	common	no	item
Mourning's End Part I	哀悼之終 第一部分	proper	yes	quest
Mourning's End Part II	哀悼之終 第二部分	proper	yes	quest
Mouse	老鼠	proper	yes	npc
Mouse toy	老鼠玩具	common	no	item
Mouth grip	口部格里普	common	no	item
Movario	莫瓦里奧	proper	yes	npc
Movario's notes (volume 1)	莫瓦里奧的筆記 (第一卷)	common	no	item
Movario's notes (volume 2)	莫瓦里奧的筆記 (第二卷)	common	no	item
Mr Hyde	海德先生	proper	yes	npc
Mr. Mordaut	Mordaut 先生	proper	yes	npc
Mrs. Winkin	溫金夫人	proper	yes	npc
Ms. Hynn Terprett	Hynn Terprett 女士	proper	yes	npc
Mubariz	Mubariz	proper	yes	npc
Mud	泥巴	proper	yes	npc
Mud battlestaff	泥巴戰鬥法杖	common	no	item
Mud pie	泥巴派	common	no	item
Mud rune	泥巴符文	common	no	item
Muddy key	沾滿泥巴的鑰匙	common	no	item
Muddy rock	泥巴岩石	common	no	item
Mudskipper	彈塗魚	proper	yes	npc
Mudskipper hat	彈塗魚帽子	common	no	item
Mudskipper hide	彈塗魚皮	common	no	item
Mugger	搶劫者	proper	yes	npc
Muggh	Muggh	proper	yes	npc
Multicannon parts for sale	多重砲零件出售中	common	no	shop
Multichop scroll	多重砍伐卷軸	common	no	item
Mummy	木乃伊	proper	yes	npc
Mummy ashes	木乃伊灰燼	proper	yes	npc
Mummy warrior	木乃伊戰士	proper	yes	npc
Muncher	曼徹	proper	yes	npc
Murcaily	默凱利	proper	yes	npc
Murder Mystery	謀殺謎案	proper	yes	quest
Murky Matt (runes)	混濁麥特 (符文)	proper	yes	npc
Murky Pat	「混濁」派特	proper	yes	npc
Murphy	墨菲	proper	yes	npc
Muruwoi	穆魯沃伊	proper	yes	npc
Museum guard	博物館守衛	proper	yes	npc
Museum map	博物館地圖	common	no	item
Mushroom	蘑菇	proper	yes	npc
Mushroom & onion	蘑菇與洋蔥	common	no	item
Mushroom potato	蘑菇馬鈴薯	common	no	item
Mushroom spore	蘑菇孢子	common	no	item
Mushrooms	蘑菇	common	no	item
Music scroll	音樂卷軸	common	no	item
Music sheet	樂譜	common	no	item
Mutant tarn	變異塔恩	proper	yes	npc
Mutated bloodveld	變異血魔	proper	yes	npc
Mutated zygomite	變異的齊戈米特	common	no	item
My Arm	我的手臂	proper	yes	npc
My Arm's Big Adventure	我的手臂的大冒險	proper	yes	quest
My notes	我的筆記	common	no	item
Myndill	明迪爾	proper	yes	npc
Myre Blamish Snail	沼澤布拉米什蝸牛	proper	yes	npc
Myre snelm	沼澤 snelm	common	no	item
Mysterious Old Man	神秘的老男人	proper	yes	npc
Mysterious ghost	神秘的幽靈	proper	yes	npc
Mysterious lamp	神秘的燈	common	no	item
Mysterious person	神秘的人	proper	yes	npc
Mystery box	神祕箱子	common	no	item
Mystery figure	神祕人物	proper	yes	npc
Mystic	神秘師	proper	yes	npc
Mystic air staff	神秘師空氣法杖	common	no	item
Mystic boots	神秘師靴子	common	no	item
Mystic earth staff	神秘師大地法杖	common	no	item
Mystic fire staff	神秘師火焰法杖	common	no	item
Mystic gloves	神秘師手套	common	no	item
Mystic hat	神秘師帽子	common	no	item
Mystic jewel	神秘師珠寶	common	no	item
Mystic lava staff	神秘師岩漿法杖	common	no	item
Mystic mud staff	神秘師泥巴法杖	common	no	item
Mystic robe bottom	神秘師長袍下裝	common	no	item
Mystic robe top	神秘師長袍上衣	common	no	item
Mystic robes set	神秘師長袍套裝	common	no	item
Mystic steam staff	神秘師蒸汽法杖	common	no	item
Mystic water staff	神秘師水法杖	common	no	item
Mystical robes	神秘師長袍	common	no	item
Mythmaster	神話大師	proper	yes	npc
Myths of the White Lands	白色土地的神話	proper	yes	quest
Naghead	劣馬頭部	proper	yes	npc
Nail beast	釘子獸	proper	yes	npc
Nail beast nails	釘子獸釘子	common	no	item
Nanuq	Nanuq	proper	yes	npc
Naphtha apple mix	石腦油蘋果混合物	common	no	item
Naphtha mix	萘混合物	common	no	item
Nardah Banker	納達銀行家	proper	yes	npc
Nardah General Store	Nardah 雜貨店	common	no	shop
Nardah Hunter Shop	納達狩獵商店	common	no	shop
Nardok	納多克	proper	yes	npc
Nardok's Bone Weapons	納多克的骨頭武器	common	no	shop
Narf	Narf	proper	yes	npc
Narnode's orders	Narnode 的命令	common	no	item
Narogoshuun key	Narogoshuun 鑰匙	common	no	item
Nasturtium seed	旱金蓮種子	common	no	item
Nasturtiums	旱金蓮	common	no	item
Nathifa	Nathifa	proper	yes	npc
Natural historian	自然史學家	proper	yes	npc
Nature Impling	自然小惡魔	proper	yes	npc
Nature Impling Puro	自然小惡魔 Puro	proper	yes	npc
Nature Spirit	自然精靈	proper	yes	npc
Nature altar teleport	自然祭壇傳送	common	no	item
Nature impling jar	自然小惡魔罐	common	no	item
Nature rune	自然符文	common	no	item
Nature talisman	自然護身符	common	no	item
Nature talisman staff	自然護身符法杖	common	no	item
Nature tiara	自然冠冕	common	no	item
Nazastarool	納扎斯塔魯爾	proper	yes	npc
Nechryael	內克瑞爾	proper	yes	npc
Necklace mould	項鍊模具	common	no	item
Necromancer	死靈法師	proper	yes	npc
Necromancy book	死靈術書籍	common	no	item
Necrovarus	尼克羅瓦魯斯	proper	yes	npc
Ned	奈德	proper	yes	npc
Needle	針	common	no	item
Neferti the Camel	駱駝 Neferti	proper	yes	npc
Neil	尼爾	proper	yes	npc
Neil's Wilderness Cape Shop	尼爾的荒野斗篷店	common	no	shop
Neite	Neite	proper	yes	npc
Neitiznot	奈提茲諾特	proper	yes	namebi
Neitiznot Supplies	Neitiznot 補給品	common	no	shop
Nettle tea	蕁麻茶	common	no	item
Nettle-water	蕁麻水	common	no	item
Nettles	蕁麻	common	no	item
New crystal bow	新水晶弓	common	no	item
New crystal shield	新的水晶盾	common	no	item
New key	新鑰匙	common	no	item
Newcomer map	新手地圖	common	no	item
Newly made crystal	新製的水晶	common	no	item
Newspaper	報紙	common	no	item
Newt	蝾螈	common	no	item
Newt label	蝾螈標籤	common	no	item
Newtroost	紐特羅斯特	proper	yes	npc
Newts and toads label	蝾螈與蟾蜍標籤	common	no	item
Nezikchened	Nezikchened	proper	yes	npc
Nice hedge	美麗的樹籬	common	no	item
Nick	尼克	proper	yes	npc
Nickolaus	尼古拉斯	proper	yes	npc
Nicoleta	妮可萊塔	proper	yes	npc
Nieve	妮芙	proper	yes	namebi
Nigel	奈傑爾	proper	yes	npc
Nikita	尼基塔	proper	yes	npc
Nikolai	尼古拉	proper	yes	npc
Niles	奈爾斯	proper	yes	npc
Niloof	尼洛夫	proper	yes	npc
Ninja Impling	忍者小惡魔	proper	yes	npc
Ninja Impling Puro	忍者小惡魔 Puro	proper	yes	npc
Ninja impling jar	忍者小惡魔罐	common	no	item
Nipper	小孩	proper	yes	npc
Nirrie	妮莉	proper	yes	npc
Nisha	Nisha	proper	yes	npc
Nitroglycerin	硝化甘油	common	no	item
Nitrous oxide	一氧化二氮	common	no	item
Nkuku	恩庫庫	proper	yes	npc
Nobodyhere	這裡沒人	proper	yes	npc
Nolar	諾拉	proper	yes	npc
Noodle	努德爾	proper	yes	npc
Noose wand	繩索魔杖	common	no	item
Nora T. Hagg	諾拉·T·哈格	proper	yes	npc
Norman	諾曼	proper	yes	npc
Nose peg	鼻塞	common	no	item
Note	便條	common	no	item
Noterazzo	諾特拉佐	proper	yes	npc
Notes	筆記	common	no	item
Notes on pressure	關於壓力的筆記	common	no	item
Nuff's certificate	納夫的證書	common	no	item
Nuggets	金塊	common	no	item
Null sacred clay	null 神聖黏土	common	no	item
Nullpointer	nullpointer	proper	yes	npc
Nulodion	努洛迪恩	proper	yes	npc
Nulodion's notes	努洛迪恩的筆記	common	no	item
Nung	努恩	proper	yes	npc
Nurmof	努莫夫	proper	yes	npc
Nurmof's Pickaxe Shop	努莫夫的鎬店	common	no	shop
Nurse Sarah	莎拉護士	proper	yes	npc
Nurse hat	護士帽子	common	no	item
Nuts	果仁	common	no	item
Oak	橡樹	proper	yes	npc
Oak armchair	橡樹扶手椅	common	no	item
Oak armour case	橡樹護甲盒	common	no	item
Oak bed	橡樹床	common	no	item
Oak bench	橡樹長凳	common	no	item
Oak blackjack(d)	橡樹黑傑克(d)	common	no	item
Oak blackjack(o)	橡樹黑傑克(o)	common	no	item
Oak bookcase	橡樹書籍架	common	no	item
Oak cape rack	橡樹斗篷架	common	no	item
Oak chair	橡樹椅	common	no	item
Oak clock	橡樹時鐘	common	no	item
Oak costume box	橡樹服裝箱	common	no	item
Oak dining table	橡樹餐桌	common	no	item
Oak drawers	橡樹抽屜櫃	common	no	item
Oak dresser	橡樹梳妝台	common	no	item
Oak kitchen table	橡樹廚房桌	common	no	item
Oak lectern	橡樹講台	common	no	item
Oak logs	橡樹原木	common	no	item
Oak longbow	橡樹長弓	common	no	item
Oak longbow (u)	橡樹長弓 (u)	common	no	item
Oak magic wardrobe	橡樹魔法衣櫥	common	no	item
Oak plank	橡樹木板	common	no	item
Oak pyre logs	橡樹柴堆原木	common	no	item
Oak roots	橡樹根	common	no	item
Oak sapling	橡樹小樹	common	no	item
Oak seedling	橡樹幼苗	common	no	item
Oak shaving stand	橡樹刮鬍架	common	no	item
Oak shortbow	橡樹短弓	common	no	item
Oak shortbow (u)	橡樹短弓 (u)	common	no	item
Oak stock	橡樹弩身	common	no	item
Oak toy box	橡樹玩具箱	common	no	item
Oak treasure chest	橡樹寶箱	common	no	item
Oak wardrobe	橡樹衣櫥	common	no	item
Oak-blackjack	橡樹黑傑克	common	no	item
Oaknock the Engineer	工程師 Oaknock	proper	yes	npc
Obli	歐布里	proper	yes	npc
Obli's General Store	歐布里的雜貨店	common	no	shop
Observatory Quest	天文台任務	proper	yes	quest
Observatory assistant	天文台助手	proper	yes	npc
Observatory lens	天文台鏡片	common	no	item
Observatory professor	天文台教授	proper	yes	npc
Obsidian amulet	黑曜石護身符	common	no	item
Obsidian cape	黑曜石斗篷	common	no	item
Obsidian charm	黑曜石護符	common	no	item
Obsidian golem	黑曜石魔像	proper	yes	npc
Obsidian golem pouch	黑曜石魔像袋子	common	no	item
Ocga	奧克加	proper	yes	npc
Ochre Blamish Snail	赭石布拉米什蝸牛	proper	yes	npc
Ochre snelm	Ochre snelm	common	no	item
Odd Old Man	古怪的老男人	proper	yes	npc
Odd bird seed	怪異的鳥食	common	no	item
Odd crunchies	奇特的脆餅	common	no	item
Odd stuffed snake	怪異填充蛇	common	no	item
Oddskater	怪異滑板者	proper	yes	npc
Odmar	奧德瑪	proper	yes	npc
Odovacar	奧多瓦卡	proper	yes	npc
Odysseus	奧德修斯	proper	yes	npc
Og	Og	proper	yes	npc
Ogleroot	Og之根	common	no	item
Ogre	食人魔	common	no	npc
Ogre arrow	食人魔箭	common	no	item
Ogre arrow shaft	食人魔箭桿	common	no	item
Ogre artefact	食人魔文物	common	no	item
Ogre bellows	食人魔風箱	common	no	item
Ogre bellows (1)	食人魔風箱 (1)	common	no	item
Ogre bellows (2)	食人魔風箱 (2)	common	no	item
Ogre bellows (3)	食人魔風箱 (3)	common	no	item
Ogre boat	食人魔船	proper	yes	npc
Ogre boots	食人魔靴子	common	no	item
Ogre bow	食人魔弓	common	no	item
Ogre chieftain	食人魔酋長	proper	yes	npc
Ogre club	食人魔棍棒	common	no	item
Ogre coffin key	食人魔棺材鑰匙	common	no	item
Ogre gate key	食人魔大門鑰匙	common	no	item
Ogre guard	食人魔守衛	proper	yes	npc
Ogre kilt	食人魔短裙	common	no	item
Ogre merchant	食人魔商人	proper	yes	npc
Ogre relic	食人魔遺物	common	no	item
Ogre ribs	食人魔肋骨	common	no	item
Ogre shaman	食人魔薩滿	proper	yes	npc
Ogre tooth	食人魔牙齒	common	no	item
Ogre top	食人魔上衣	common	no	item
Ogre trader	食人魔交易商	proper	yes	npc
Ogre wig	食人魔假髮	common	no	item
Ogress	女食人魔	proper	yes	npc
Ogress banker	女食人魔銀行家	proper	yes	npc
Ogress champion	女食人魔冠軍	proper	yes	npc
Ogress warrior	女食人魔戰士	proper	yes	npc
Ohhhhdude	Ohhhhdude	proper	yes	npc
Oil can	油罐	common	no	item
Oil lamp	油燈	common	no	item
Oil lantern	油燈籠	common	no	item
Oil lantern frame	油燈籠框架	common	no	item
Oily fishing rod	油膩的釣魚竿	common	no	item
Oipuis	歐普伊斯	proper	yes	npc
Olaf	奧拉夫	proper	yes	namebi
Olaf Hardson	奧拉夫·哈德森	proper	yes	npc
Olaf the Bard	吟遊詩人 Olaf	proper	yes	npc
Olaf's Quest	奧拉夫的任務	proper	yes	quest
Old Man Ral	老男人 Ral	proper	yes	npc
Old boot	舊靴子	common	no	item
Old chipped vase	陳舊且有缺口的花瓶	common	no	item
Old coin	古錢幣	common	no	item
Old crone	老巫婆	proper	yes	npc
Old journal	舊日記	common	no	item
Old man	老男人	proper	yes	npc
Old man's message	老男人的訊息	common	no	item
Old red disk	舊的紅色圓盤	common	no	item
Old robe	舊長袍	common	no	item
Old symbol	古老符號	common	no	item
Old tome	古老卷軸	common	no	item
Old tooth	舊牙齒	common	no	item
Oldak	歐達克	proper	yes	npc
Olive oil(1)	橄欖油(1)	common	no	item
Olive oil(2)	橄欖油(2)	common	no	item
Olive oil(3)	橄欖油(3)	common	no	item
Olive oil(4)	橄欖油(4)	common	no	item
Olivia	奧莉薇亞	proper	yes	npc
Ollie the Camel	駱駝 Ollie	proper	yes	npc
Omart	歐馬特	proper	yes	npc
Omega egg	Omega 蛋	common	no	item
Omni-talisman	全能護身符	common	no	item
Omni-talisman staff	全能護身符法杖	common	no	item
Omni-tiara	全能冠冕	common	no	item
One Small Favour	小小的恩惠	proper	yes	quest
One barrel	一個木桶	common	no	item
Oneiromancer	夢境術士	proper	yes	npc
Onion	洋蔥	common	no	item
Onion & tomato	洋蔥與番茄	common	no	item
Onion seed	洋蔥種子	common	no	item
Onions(1)	洋蔥(1)	common	no	item
Onions(10)	洋蔥(10)	common	no	item
Onions(2)	洋蔥(2)	common	no	item
Onions(3)	洋蔥(3)	common	no	item
Onions(4)	洋蔥(4)	common	no	item
Onions(5)	洋蔥(5)	common	no	item
Onions(6)	洋蔥(6)	common	no	item
Onions(7)	洋蔥(7)	common	no	item
Onions(8)	洋蔥(8)	common	no	item
Onions(9)	洋蔥(9)	common	no	item
Onyx	瑪瑙	proper	yes	item
Onyx amulet	瑪瑙護身符	proper	yes	item
Onyx bolt tips	瑪瑙弩箭尖	proper	yes	item
Onyx bolts	瑪瑙弩箭	proper	yes	item
Onyx bolts (e)	瑪瑙弩箭 (e)	proper	yes	item
Onyx bracelet	瑪瑙手鐲	proper	yes	item
Onyx necklace	瑪瑙項鍊	proper	yes	item
Onyx ring	瑪瑙戒指	proper	yes	item
Oo'glog	歐格洛格	proper	yes	namebi
Oomlie bird	歐姆利鳥	proper	yes	npc
Oozing barrier	滲出的屏障	proper	yes	npc
Opal	蛋白石	common	no	item
Opal bolt tips	蛋白石弩箭頭	common	no	item
Opal bolts	蛋白石弩箭	common	no	item
Opal bolts (e)	蛋白石弩箭 (e)	common	no	item
Opal machete	蛋白石 開山刀	common	no	item
Oph. incubation scroll	蛇類孵化卷軸	common	no	item
Opulent table	豪華餐桌	common	no	item
Oracle	神諭者	proper	yes	npc
Orange	柳橙	common	no	item
Orange balloon	柳橙色氣球	common	no	item
Orange boater	柳橙色小船	common	no	item
Orange chunks	柳橙塊	common	no	item
Orange circle	柳橙色圓形	common	no	item
Orange dye	橘色染料	common	no	item
Orange feather	柳橙羽毛	common	no	item
Orange goblin mail	橙色哥布林鎖甲	common	no	item
Orange pentagon	柳橙五邊形	common	no	item
Orange salamander	橙色蠑螈	proper	yes	npc
Orange sapling	柳橙小樹	common	no	item
Orange seedling	柳橙幼苗	common	no	item
Orange slices	柳橙片	common	no	item
Orange spice (1)	柳橙香料 (1)	common	no	item
Orange spice (2)	柳橙香料 (2)	common	no	item
Orange spice (3)	柳橙香料 (3)	common	no	item
Orange spice (4)	柳橙香料 (4)	common	no	item
Orange square	柳橙色正方形	common	no	item
Orange tree seed	柳橙樹種子	common	no	item
Orange triangle	柳橙色三角形	common	no	item
Orangeowns	奧蘭治歐恩斯	proper	yes	npc
Oranges(1)	柳橙(1)	common	no	item
Oranges(2)	柳橙(2)	common	no	item
Oranges(3)	柳橙(3)	common	no	item
Oranges(4)	柳橙(4)	common	no	item
Oranges(5)	柳橙(5)	common	no	item
Orb	球體	common	no	item
Orb of light	光之球	common	no	item
Orb of protection	保護法球	common	no	item
Orbs of protection	保護法球	common	no	item
Orc	獸人	proper	yes	npc
Ordan	奧丹	proper	yes	npc
Order	訂單	common	no	item
Ore Shop	礦石店	common	no	shop
Ore Store	礦石店	common	no	shop
Origami balloon	折紙氣球	common	no	item
Ork	獸人	proper	yes	npc
Ork legion	獸人軍團	proper	yes	npc
Orlando Smith	奧蘭多·史密斯	proper	yes	npc
Ornament	裝飾品	common	no	item
Ornamental globe	裝飾品地球儀	common	no	item
Ornate tomb key	華麗墳墓鑰匙	common	no	item
Oronwen	歐隆溫	proper	yes	npc
Orry	Orry	proper	yes	npc
Osman	奧斯曼	proper	yes	npc
Ospak	Ospak	proper	yes	npc
Osvald	奧斯瓦德	proper	yes	npc
Othainian	奧賽尼亞人	proper	yes	npc
Other Half-Zombie	另一個半殭屍	proper	yes	npc
Otherworldly being	異界生物	proper	yes	npc
Otto Godblessed	Otto Godblessed	proper	yes	npc
Ouhai	歐海	proper	yes	npc
Ourg bones	Ourg 骨頭	common	no	item
Outlaw	法外之徒	proper	yes	npc
Overgrown cat	過度成長的貓	proper	yes	npc
Overgrown hellcat	過度生長的地獄貓	proper	yes	npc
Oxi	歐希	proper	yes	npc
Oxidised chainbody	氧化的鎖鏈甲	common	no	item
Oxidised dagger	氧化匕首	common	no	item
Oxidised full helm	氧化全罩式頭盔	common	no	item
Oxidised kiteshield	氧化的風箏盾	common	no	item
Oxidised longsword	氧化長劍	common	no	item
Oxidised medium helm	氧化中型頭盔	common	no	item
Oxidised platelegs	氧化的板甲腿部	common	no	item
Oxidised plateskirt	氧化的板甲裙子	common	no	item
Oxidised scimitar	氧化彎刀	common	no	item
Oxidised square shield	氧化方盾	common	no	item
Oxidised sword	氧化劍	common	no	item
Oxidised two-handed sword	氧化的雙手劍	common	no	item
Oyster	牡蠣	common	no	item
Oyster pearl	牡蠣珍珠	common	no	item
Oyster pearls	牡蠣珍珠	common	no	item
Oziach	奧齊亞克	proper	yes	npc
Oziach's Armour	奧齊亞克的護甲	common	no	shop
PKMaster0036	PKMaster0036	proper	yes	npc
Pack yak	馱犛牛	proper	yes	npc
Pack yak pouch	馱犛牛小袋	common	no	item
Paddle	槳	common	no	item
Paddywhack	拍打	proper	yes	npc
Padulah	帕杜拉	proper	yes	npc
Page 1	第 1 頁	common	no	item
Page 2	第 2 頁	common	no	item
Page 3	第 3 頁	common	no	item
Pages	頁面	common	no	item
Paintbrush	畫筆	common	no	item
Paladin	聖騎士	proper	yes	npc
Paladin's badge	聖騎士徽章	common	no	item
Palm leaf	棕櫚葉	common	no	item
Palm sapling	棕櫚小樹	common	no	item
Palm seedling	棕櫚幼苗	common	no	item
Palm tree seed	棕櫚樹木種子	common	no	item
Palmer	帕爾默	proper	yes	npc
Panning guide	洗金嚮導	proper	yes	npc
Panning tray	淘金盤	common	no	item
Pantaloons	寬鬆長褲	common	no	item
Papaya fruit	木瓜	common	no	item
Papaya sapling	木瓜小樹	common	no	item
Papaya seedling	木瓜幼苗	common	no	item
Papaya tree seed	木瓜樹木種子	common	no	item
Paper	紙張	common	no	item
Papyrus	莎草紙	common	no	item
Paramaya ticket	Paramaya門票	common	no	item
Parrot	鸚鵡	proper	yes	npc
Parrots	鸚鵡	proper	yes	npc
Parroty Pete	鸚鵡皮特	proper	yes	npc
Part admiral pie	部分將軍派	common	no	item
Part fish pie	部分魚派	common	no	item
Part garden pie	部分花園派	common	no	item
Part mud pie	部分泥巴派	common	no	item
Part summer pie	部分夏季派	common	no	item
Part wild pie	部分野派	common	no	item
Party Pete	派對皮特	proper	yes	npc
Paste	黏合劑	common	no	item
Pastry dough	糕點麵糰	common	no	item
Pasty jogre bones	糊狀的喬格雷骨頭	common	no	item
Pat of butter	一塊奶油	common	no	item
Patchy	帕奇	proper	yes	npc
Paterdomus	帕特爾多穆斯	proper	yes	namebi
Patrick	派屈克	proper	yes	npc
Pauline Polaris	波琳·波拉里斯	proper	yes	npc
Pawya	帕亞	proper	yes	npc
Peace treaty	和平條約	common	no	item
Peaceful barbarian spirit	平靜的野蠻人靈魂	proper	yes	npc
Peach	桃子	common	no	item
Peanut	Peanut	proper	yes	npc
Pear tree seedling	梨樹幼苗	common	no	item
Pearl bolt tips	珍珠弩箭頭	common	no	item
Pearl bolts	珍珠弩箭	common	no	item
Pearl bolts (e)	珍珠弩箭 (e)	common	no	item
Peasant	平民	proper	yes	npc
Pee Hat	尿尿帽	proper	yes	npc
Peer the Seer	先知 Peer	proper	yes	npc
Peksa	佩克薩	proper	yes	npc
Peksa's Helmet Shop	佩克薩的頭盔店	common	no	shop
Pelican	鵜鶘	proper	yes	npc
Pelters' Veg Stall	佩爾特蔬菜攤位	common	no	shop
Penance Fighter	贖罪戰士	proper	yes	npc
Penance Healer	贖罪治療者	proper	yes	npc
Penance Queen	贖罪女王	proper	yes	npc
Penance Ranger	贖罪遊俠	proper	yes	npc
Penance Runner	贖罪奔跑者	proper	yes	npc
Penance gloves	贖罪手套	common	no	item
Penance skirt	贖罪裙子	common	no	item
Penda	潘達	proper	yes	npc
Pendant of lucien	路西安吊墜	common	no	item
Penelope	Penelope	proper	yes	npc
Pengatrice egg	Pengatrice 蛋	common	no	item
Penguin	企鵝	proper	yes	npc
Penguin bongos	企鵝邦哥鼓	common	no	item
Penguin display	企鵝展示	proper	yes	npc
Penguin egg	企鵝蛋	common	no	item
Penguin keeper	企鵝飼養員	proper	yes	npc
Penguin mask	企鵝面具	common	no	item
Penguin suit	企鵝裝	proper	yes	npc
Pentamid	五面體	common	no	item
Pentyn	潘廷	proper	yes	npc
Penwie	彭威	proper	yes	npc
Perfect gold ore	完美的金礦	proper	yes	npc
Perfect shell	完美的殼	common	no	item
Perfect snail shell	完美的蝸牛殼	common	no	item
Performance arrow	性能箭矢	common	no	item
Performance knife	性能小刀	common	no	item
Performance shortbow	性能短弓	common	no	item
Performance throwing axe	性能投擲斧	common	no	item
Perils of Ice Mountain	冰山的危險	proper	yes	quest
Pernicious parrot	有害的鸚鵡	proper	yes	npc
Perrdur	佩杜爾	proper	yes	npc
Pescaling Pax	佩斯卡林·帕克斯	proper	yes	npc
Pester scroll	騷擾卷軸	common	no	item
Pestle and mortar	研缽與研杵	common	no	item
Pet Shop	寵物店	common	no	shop
Pet cat	寵物貓	common	no	item
Pet kitten	寵物小貓	common	no	item
Pet rock	寵物岩石	common	no	item
Pet shop owner	寵物店店主	proper	yes	npc
Pete's candlestick	Pete 的蠟燭台	common	no	item
Peter	Peter	proper	yes	npc
Petition form	請願表	common	no	item
Petra Fiyed	佩特拉·菲耶德	proper	yes	npc
Petrifying gaze scroll	石化凝視卷軸	common	no	item
Phantuwti Fanstuwi Farsight	潘圖威·凡斯圖威·遠見	proper	yes	npc
Pharaoh's sceptre	法老權杖	common	no	item
Pharmakos berries	Pharmakos 漿果	common	no	item
Phasmatys flag	幽靈旗幟	common	no	item
Phearthee Levalsyx	費瑟·萊瓦爾希克斯	proper	yes	namebi
Pheasant	雉雞	proper	yes	npc
Phil	Phil	proper	yes	npc
Philipe Carnillean	菲利普·卡尼利安	proper	yes	npc
Phillipa	菲莉帕	proper	yes	npc
Philop	菲洛普	proper	yes	npc
Phingspet	芬斯佩特	proper	yes	npc
Phoenix	鳳凰	proper	yes	npc
Phoenix crossbow	鳳凰十字弓	common	no	item
Phoenix egg	鳳凰蛋	common	no	item
Phoenix eggling	鳳凰幼雛	proper	yes	npc
Phoenix feather	鳳凰羽毛	common	no	item
Phoenix necklace	鳳凰項鍊	common	no	item
Phoenix pouch	鳳凰袋子	common	no	item
Phoenix quill	鳳凰羽毛筆	common	no	item
Phoenix quill pen	鳳凰羽毛筆	common	no	item
Phrin Shade	Phrin 幽魂	proper	yes	npc
Phrin Shadow	Phrin 影子	proper	yes	npc
Phrin remains	Phrin 的殘骸	common	no	item
Pick	鎬	common	no	item
Pickaxe (class 1)	鎬 (等級 1)	common	no	item
Pickaxe (class 2)	鎬 (等級 2)	common	no	item
Pickaxe (class 3)	鎬 (等級 3)	common	no	item
Pickaxe (class 4)	鎬 (等級 4)	common	no	item
Pickaxe (class 5)	鎬 (等級 5)	common	no	item
Pickaxe handle	鎬頭手柄	common	no	item
Pickaxe-Is-Mine	這把鎬是我的	common	no	shop
Pickled brain	醃製大腦	common	no	item
Picture	圖片	common	no	item
Pie dish	派盤	common	no	item
Pie recipe book	派食譜書籍	common	no	item
Pie shell	派皮	common	no	item
Piece of railing	欄杆碎片	common	no	item
Pieces of eight	八進位銀幣	common	no	item
Pierre	皮耶	proper	yes	npc
Pig	豬	proper	yes	npc
Pigeon cage	鴿子籠子	common	no	item
Piglet	小豬	proper	yes	npc
Pike	梭魚	common	no	item
Pikkupstix	皮克普斯提克斯	proper	yes	npc
Pikkupstix's Summoning Shop	皮克普斯提克斯的召喚商店	common	no	shop
Pile of bones	一堆骨頭	proper	yes	npc
Pile of salt	一堆鹽	common	no	item
Pilg	皮爾格	proper	yes	npc
Pillar	石柱	common	no	item
Pillory Guard	枷刑架守衛	proper	yes	npc
Pineapple	鳳梨	common	no	item
Pineapple chunks	鳳梨塊	common	no	item
Pineapple pizza	鳳梨比薩	common	no	item
Pineapple punch	鳳梨賓治	common	no	item
Pineapple ring	鳳梨環	common	no	item
Pineapple sapling	鳳梨小樹	common	no	item
Pineapple seed	鳳梨種子	common	no	item
Pineapple seedling	鳳梨幼苗	common	no	item
Ping	Ping	proper	yes	npc
Pink balloon	粉紅色氣球	common	no	item
Pink dye	粉紅色染料	common	no	item
Pink goblin mail	粉紅色哥布林鎖甲	common	no	item
Pink rose seed	粉紅玫瑰種子	common	no	item
Pink skirt	粉紅色裙子	common	no	item
Pink sweets	粉紅色糖果	common	no	item
Pious Pete	虔誠的皮特	proper	yes	npc
Pipe	管子	common	no	item
Pipe ring	管子環	common	no	item
Pipe section	煙斗部分	common	no	item
Pirate	海盜	common	no	npc
Pirate Guard	海盜守衛	proper	yes	npc
Pirate Jackie the Fruit	海盜傑基水果	proper	yes	npc
Pirate Pete	海盜 Pete	proper	yes	npc
Pirate bandana	海盜頭巾	common	no	item
Pirate boots	海盜靴子	common	no	item
Pirate hat	海盜帽子	common	no	item
Pirate hat and eyepatch	海盜帽子與眼罩	common	no	item
Pirate hat and eyepatches	海盜帽子與眼罩	common	no	item
Pirate impling	海盜小惡魔	proper	yes	npc
Pirate impling jar	海盜小惡魔罐	common	no	item
Pirate leggings	海盜護腿	common	no	item
Pirate message	海盜訊息	common	no	item
Pirate pete	海盜 Pete	common	no	item
Pirate snowman	海盜雪人	proper	yes	npc
Pirate snowman hat	海盜雪人帽子	common	no	item
Pirate's Treasure	海盜的寶藏	proper	yes	namebi
Pirate's hat	海盜的帽子	common	no	item
Pirate's hook	海盜的鉤子	common	no	item
Piscatoris	皮斯卡托利斯	proper	yes	namebi
Pit Scorpion	坑穴蠍子	proper	yes	npc
Pith helmet	探險帽	common	no	item
Pitta bread	皮塔餅	common	no	item
Pitta dough	Pitta 麵糰	common	no	item
Pizza base	比薩底層	common	no	item
Pizzaz Hat	皮札茲帽子	proper	yes	npc
Pkmaster0036	PKMaster0036	proper	yes	npc
Plague City	瘟疫之城	proper	yes	quest
Plague cow	瘟疫牛	proper	yes	npc
Plague frog	瘟疫青蛙	proper	yes	npc
Plague jacket	瘟疫外套	common	no	item
Plague sample	瘟疫樣本	common	no	item
Plague trousers	瘟疫長褲	common	no	item
Plain of mud sphere	泥巴平原球體	common	no	item
Plain pizza	原味比薩	common	no	item
Plain satchel	素面小包	common	no	item
Plank	木板	common	no	item
Plans	計畫	common	no	item
Plant cure	植物治療劑	common	no	item
Plant pot	花盆	common	no	item
Plaster fragment	石膏碎片	common	no	item
Platebody (class 1)	胸甲 (等級 1)	common	no	item
Platebody (class 2)	胸甲 (等級 2)	common	no	item
Platebody (class 3)	板甲胸甲 (等級 3)	common	no	item
Platebody (class 4)	板甲胸甲 (等級 4)	common	no	item
Platebody (class 5)	板甲胸甲 (等級 5)	common	no	item
Platelegs (class 1)	板甲腿部 (等級 1)	common	no	item
Platelegs (class 2)	板甲腿部 (等級 2)	common	no	item
Platelegs (class 3)	板甲腿部 (等級 3)	common	no	item
Platelegs (class 4)	板甲腿部 (等級 4)	common	no	item
Platelegs (class 5)	板甲腿部 (等級 5)	common	no	item
Plates (level 20 approx.)	圓盤 (約等級 20)	common	no	item
Platypus	鴨嘴獸	proper	yes	npc
Player	玩家	proper	yes	npc
Plum tree seedling	李子樹幼苗	common	no	item
Plunder	掠奪物	common	no	item
Plzpudding	Plzpudding	proper	yes	npc
Poison	毒素	common	no	item
Poison Salesman	毒藥販子	proper	yes	npc
Poison Scorpion	毒蠍子	proper	yes	npc
Poison chalice	毒藥聖杯	common	no	item
Poison dagger(p+)	毒素匕首(p+)	common	no	item
Poison dagger(p++)	毒素匕首(p++)	common	no	item
Poison ivy berries	毒藤莓	common	no	item
Poison ivy seed	毒藤種子	common	no	item
Poison karambwan	有毒卡拉姆魚	common	no	item
Poison spider	毒蜘蛛	proper	yes	npc
Poisoned cheese	帶毒素的起司	common	no	item
Poisoned dagger(p)	附毒素的匕首(p)	common	no	item
Poisoned dart(p)	中毒的飛鏢(p)	common	no	item
Poisoned egg	被毒素污染的蛋	common	no	item
Poisoned fish food	中毒的魚飼料	common	no	item
Poisoned meat	帶毒素的肉	common	no	item
Poisoned tofu	帶毒素的豆腐	common	no	item
Poisoned worms	帶毒素的蠕蟲	common	no	item
Poisonous blast scroll	毒素爆發卷軸	common	no	item
Polar camo legs	極地迷彩腿部	common	no	item
Polar camo top	極地迷彩上衣	common	no	item
Polar eagle	極地老鷹	proper	yes	npc
Polar kebbit fur	極地凱比特皮毛	common	no	item
Pole	桿子	common	no	item
Poledragon	Poledragon	proper	yes	npc
Polished buttons	拋光的鈕扣	common	no	item
Pollnivneach	波利尼夫內赫	proper	yes	namebi
Pollnivneach General Store	Pollnivneach 雜貨店	common	no	shop
Polmafi Ferdygris	波爾馬菲·費迪格里斯	proper	yes	npc
Poltenip	波爾特尼普	proper	yes	npc
Pong	Pong	proper	yes	npc
Pontak	龐塔克	proper	yes	npc
Pontimer	Pontimer	proper	yes	npc
Popcorn ball	爆米花球	common	no	item
Porcelain cup	瓷杯	common	no	item
Port Khazard General Store	卡扎德港雜貨店	common	no	shop
Port Phasmatys	幽靈港	proper	yes	namebi
Port Phasmatys General Store	Port Phasmatys 雜貨店	common	no	shop
Port Sarim	薩林港	proper	yes	namebi
Portal	傳送門	proper	yes	npc
Portal of Death	死亡傳送門	proper	yes	npc
Portobello	波托貝羅	proper	yes	npc
Portrait	肖像	common	no	item
Possessed Priest	被附身的牧師	proper	yes	npc
Possessed pickaxe	被附身的鎬頭	proper	yes	npc
Postie Pete	波斯蒂·皮特	proper	yes	npc
Pot lid	陶罐蓋	common	no	item
Pot of cornflour	一罐玉米麵粉	common	no	item
Pot of cream	一罐鮮奶油	common	no	item
Pot of flour	一罐麵粉	common	no	item
Pot of quicklime	一罐生石灰	common	no	item
Pot of tea (1)	一壺茶 (1)	common	no	item
Pot of tea (2)	一壺茶 (2)	common	no	item
Pot of tea (3)	一壺茶 (3)	common	no	item
Pot of tea (4)	一壺茶 (4)	common	no	item
Pot of vinegar	壺裝醋	common	no	item
Pot of weeds	一罐雜草	common	no	item
Potato	馬鈴薯	common	no	item
Potato cactus	馬鈴薯 仙人掌	common	no	item
Potato seed	馬鈴薯種子	common	no	item
Potato with butter	奶油馬鈴薯	common	no	item
Potato with cheese	起司馬鈴薯	common	no	item
Potatoes(1)	馬鈴薯(1)	common	no	item
Potatoes(10)	馬鈴薯(10)	common	no	item
Potatoes(2)	馬鈴薯(2)	common	no	item
Potatoes(3)	馬鈴薯(3)	common	no	item
Potatoes(4)	馬鈴薯(4)	common	no	item
Potatoes(5)	馬鈴薯(5)	common	no	item
Potatoes(6)	馬鈴薯(6)	common	no	item
Potatoes(7)	馬鈴薯(7)	common	no	item
Potatoes(8)	馬鈴薯(8)	common	no	item
Potatoes(9)	馬鈴薯(9)	common	no	item
Potion	藥水	common	no	item
Potted root	盆栽根部	common	no	item
Pottery scarab	陶製聖甲蟲	common	no	item
Pottery statuette	陶製小雕像	common	no	item
Pouch	袋子	common	no	item
Powerbox	電源箱	common	no	item
Pox	波克斯	proper	yes	npc
Praistan Ebola	普萊斯坦·伊波拉	proper	yes	npc
Prayer	祈禱	common	no	glossary
Prayer Instructor	祈禱導師	proper	yes	namebi
Prayer Tutor	祈禱導師	proper	yes	npc
Prayer book	祈禱書籍	common	no	item
Prayer cape	祈禱斗篷	common	no	item
Prayer cape(t)	祈禱斗篷(t)	common	no	item
Prayer hood	祈禱兜帽	common	no	item
Prayer mix(1)	祈禱混合(1)	common	no	item
Prayer mix(2)	祈禱混合(2)	common	no	item
Prayer potion(1)	祈禱藥水(1)	common	no	item
Prayer potion(2)	祈禱藥水(2)	common	no	item
Prayer potion(3)	祈禱藥水(3)	common	no	item
Prayer potion(4)	祈禱藥水(4)	common	no	item
Prayer potion(5)	祈禱藥水(5)	common	no	item
Praying mantis	螳螂	proper	yes	npc
Praying mantis pouch	螳螂袋	common	no	item
Pre-nature amulet	前自然護身符	common	no	item
Preacher	傳教士	proper	yes	npc
Premade blurb' sp.	預設簡介	common	no	item
Premade c+t batta	預製巧克力麵糊	common	no	item
Premade ch' crunch	預製巧克力脆餅	common	no	item
Premade choc bomb	預製巧克力炸彈	common	no	item
Premade choc s'dy	預製巧克力草莓	common	no	item
Premade dr' dragon	預製龍之飲品	common	no	item
Premade fr' blast	預製水果爆發	common	no	item
Premade fr't batta	預製水果麵糊	common	no	item
Premade p' punch	預製鳳梨賓治	common	no	item
Premade s'y crunch	預製香辣脆餅	common	no	item
Premade sgg	預製 sgg	common	no	item
Premade t'd batta	預製蟾蜍麵糊	common	no	item
Premade t'd crunch	預製蟾蜍脆餅	common	no	item
Premade ttl	預製 ttl	common	no	item
Premade veg ball	預製蔬菜球	common	no	item
Premade veg batta	預製蔬菜麵糊	common	no	item
Premade w'm batta	預製蠕蟲麵糊	common	no	item
Premade w'm crun	預製蠕蟲脆餅	common	no	item
Premade wiz blz'd	預製法師暴風雪	common	no	item
Premade worm hole	預製蠕蟲洞	common	no	item
Present	禮物	common	no	item
Pressure gauge	壓力表	common	no	item
Prickly kebbit	多刺克比特	proper	yes	npc
Priest	牧師	common	no	npc
Priest gown	牧師長袍	common	no	item
Priest in Peril	陷入險境的牧師	proper	yes	namebi
Priest of Guthix	古希斯的牧師	proper	yes	npc
Prifddinas' history	普里迪納斯的歷史	common	no	item
Primed bar	已就緒的長條	common	no	item
Primweed	原生草	common	no	item
Prince Ali	阿里王子	proper	yes	npc
Prince Ali Rescue	營救阿里王子	proper	yes	namebi
Prince Argenthorg	王子 Argenthorg	proper	yes	npc
Prince Brand	布蘭德王子	proper	yes	npc
Prince leggings	王子緊身褲	common	no	item
Prince tunic	王子束腰外衣	common	no	item
Princess Astrid	艾絲翠德公主	proper	yes	npc
Princess blouse	公主上衣	common	no	item
Princess skirt	公主裙子	common	no	item
Prison Pete	監獄皮特	proper	yes	npc
Prison uniform top	囚服上衣	common	no	item
Prison uniform trousers	囚服長褲	common	no	item
Prissy Scilla	拘謹的希拉	proper	yes	npc
Private Paldo	二等兵帕爾多	proper	yes	npc
Private Paldon	二等兵帕爾登	proper	yes	npc
Private Pendron	二等兵潘德隆	proper	yes	npc
Private Pierreb	二等兵皮耶布	proper	yes	npc
Prize key	獎勵鑰匙	common	no	item
Proboscis	吻管	common	no	item
Professor Arblenap	Arblenap 教授	proper	yes	npc
Professor Henry	亨利教授	proper	yes	npc
Professor Imblewyn	教授 恩布爾文	proper	yes	npc
Professor Manglethorp	教授 曼格爾索普	proper	yes	npc
Professor Oddenstein	奧登斯坦教授	proper	yes	npc
Professor Onglewip	教授 昂格萊威普	proper	yes	npc
Progress hat	進度帽子	common	no	item
Promissory note	期票	common	no	item
Pros'yte harness f	普羅賽特護具 (女)	common	no	item
Pros'yte harness m	普羅賽特護具 (男)	common	no	item
Prosecutor	檢察官	proper	yes	npc
Proselyte cuisse	普羅賽特腿甲	common	no	item
Proselyte hauberk	普羅賽特鎖子甲	common	no	item
Proselyte sallet	普羅賽特頭盔	common	no	item
Proselyte tasset	普羅賽特裙甲	common	no	item
Proto-tool	原型工具	common	no	item
Prototype dart	原型飛鏢	common	no	item
Prototype dart tip	原型飛鏢尖端	common	no	item
Puffin	噗芬	proper	yes	npc
Pugel	Pugel	common	no	item
Pulley beam	滑輪樑	common	no	item
Pumpkin	Pumpkin	proper	yes	npc
Pungent pot	刺鼻的罐子	common	no	item
Puppet box	木偶盒	common	no	item
Pure essence	純淨精華	common	no	item
Purepker895	Purepker895	proper	yes	npc
Puro Spawn (High)	Puro 的後代 (高)	proper	yes	npc
Puro Spawn (Low)	Puro 的後代 (低)	proper	yes	npc
Puro Spawn (Mid)	Puro 的後代 (中)	proper	yes	npc
Purple Pewter Director	紫色錫質總監	proper	yes	npc
Purple Pewter Secretary	紫色錫秘書	proper	yes	npc
Purple balloon	紫色氣球	common	no	item
Purple dye	紫色染料	common	no	item
Purple ele' blouse	紫色元素上衣	common	no	item
Purple ele' legs	紫色元素腿部	common	no	item
Purple ele' shirt	紫色元素襯衫	common	no	item
Purple ele' skirt	紫色元素裙子	common	no	item
Purple firelighter	紫色點火器	common	no	item
Purple goblin mail	紫色哥布林鎖甲	common	no	item
Purple logs	紫色原木	common	no	item
Purple naval shirt	紫色海軍襯衫	common	no	item
Purple navy slacks	紫色海軍長褲	common	no	item
Purple partyhat	紫色派對帽子	common	no	item
Purple sweets	紫色糖果	common	no	item
Purple tricorn hat	紫色三角帽	common	no	item
Pusskins	帕斯金斯	proper	yes	npc
Puzzle box	謎題箱	common	no	item
Pvp worlds manual	PvP 世界手冊	common	no	item
Pyramid block	金字塔方塊	proper	yes	npc
Pyramid top	金字塔頂端	common	no	item
Pyre logs	柴堆原木	common	no	item
Pyrefiend	烈焰惡魔	proper	yes	npc
Pyrelord	烈焰領主	proper	yes	npc
Pyrelord pouch	烈焰領主袋子	common	no	item
Quality Armour Shop	優質護甲店	common	no	shop
Quality Weapons Shop	優質武器店	common	no	shop
Quartermaster	軍需官	proper	yes	npc
Quartermaster's Stores	軍需官商店	common	no	shop
Queen Sigrid	西格麗德女王	proper	yes	npc
Queen help book	女王幫助書籍	common	no	item
Queen of Snow	雪之女王	proper	yes	npc
Queen spawn	女王產物	proper	yes	npc
Queen's secateurs	女王的修枝剪	common	no	item
Quest	任務	common	no	glossary
Quest Guide	任務嚮導	proper	yes	namebi
Quest Points	任務點數	proper	yes	namebi
Quest guide	任務嚮導	proper	yes	npc
Quest point cape	任務點斗篷	common	no	item
Quest point hood	任務點兜帽	common	no	item
Quicklime	生石灰	common	no	item
Quill	羽毛筆	common	no	item
Quince tree seedling	榅桲樹幼苗	common	no	item
Quiz Master	問答大師	proper	yes	npc
Qutiedoll	Qutiedoll	proper	yes	npc
R sigil	R 符文	common	no	item
R4ng3rNo0b889	R4ng3rNo0b889	proper	yes	npc
RDT Slot	RDT 插槽	common	no	item
RPDT employee	RPDT 員工	proper	yes	npc
RSDT Slot	RSDT 插槽	common	no	item
Rabbit	兔子	proper	yes	npc
Rabbit bone	兔子骨頭	common	no	item
Rabbit foot	兔子腳	common	no	item
Rabbit hole	兔子洞	proper	yes	npc
Rabbit mould	兔子模具	common	no	item
Rabbit snare	兔子陷阱	common	no	item
Raccoon	浣熊	proper	yes	npc
Rachael	瑞秋	proper	yes	npc
Radat	拉達特	proper	yes	npc
Radigad Ponfit	拉迪加德·龐菲特	proper	yes	npc
Radimus Erkle	拉迪姆斯·艾克	proper	yes	npc
Radimus notes	Radimus 筆記	common	no	item
Radu	Radu	proper	yes	npc
Raetul	Raetul	proper	yes	npc
Rag and Bone Man	破爛收集者	proper	yes	quest
Ragnar	拉格納	proper	yes	npc
Ragnvald	拉格瓦爾德	proper	yes	npc
Railing	欄杆	common	no	item
Rainbow fish	彩虹魚	common	no	item
Rake	耙子	common	no	item
Rake handle	耙子手柄	common	no	item
Rake head	耙子頭部	common	no	item
Ralph	拉夫	proper	yes	npc
Ram	公羊	proper	yes	npc
Ram skull	公羊頭骨	common	no	item
Ram skull helm	公羊頭骨頭盔	common	no	item
Ramara du Croissant	拉瑪拉·杜·克羅桑	proper	yes	npc
Ramarno	拉馬諾	proper	yes	npc
Ramrod	杵棒	common	no	item
Ranael	拉奈爾	proper	yes	npc
Ranael's Super Skirt Store	拉奈爾的超級裙子店	common	no	shop
Ranalph Devere	Ranalph Devere	proper	yes	npc
Ranarr potion(unf)	拉納爾藥水(未製成)	common	no	item
Ranarr seed	Ranarr 種子	common	no	item
Randivor	蘭迪沃	proper	yes	npc
Randomdood	隨機傢伙	proper	yes	npc
Range Supplies	遠程補給品	common	no	shop
Ranged	遠程	common	no	glossary
Ranged Tutor	遠程導師	proper	yes	npc
Ranged assistant	遠程助手	proper	yes	npc
Ranged path key	遠程路徑鑰匙	common	no	item
Ranger	遊俠	proper	yes	npc
Ranger boots	遊俠靴子	common	no	item
Ranger hat	遊俠帽子	common	no	item
Ranging Guild Doorman	遠程公會門衛	proper	yes	npc
Ranging Guild Ticket Exchange	遠程公會票券兌換處	common	no	shop
Ranging cape	遠程斗篷	common	no	item
Ranging cape(t)	遠程斗篷(t)	common	no	item
Ranging hood	遠射兜帽	common	no	item
Ranging mix(1)	遊俠 混合(1)	common	no	item
Ranging mix(2)	遊俠 混合(2)	common	no	item
Ranging potion(1)	遠程藥水(1)	common	no	item
Ranging potion(2)	遠程藥水(2)	common	no	item
Ranging potion(3)	遠程藥水(3)	common	no	item
Ranging potion(4)	遠程藥水(4)	common	no	item
Ranging potion(5)	遠程藥水 (5)	common	no	item
Ranis Drakan	Ranis Drakan	proper	yes	npc
Rannveig	蘭薇格	proper	yes	npc
Rantz	蘭茨	proper	yes	npc
Rapier	細劍	common	no	item
Rashiliyia 	拉希利亞	proper	yes	npc
Rashiliyia corpse	拉希利亞屍體	common	no	item
Rasolo	拉索羅	proper	yes	npc
Rasolo's Goods	拉索羅的商品	common	no	shop
Rat	老鼠	proper	yes	npc
Rat Burgiss	老鼠·柏吉斯	proper	yes	npc
Rat bone	老鼠骨頭	common	no	item
Rat poison	老鼠毒藥	common	no	item
Rat pole	老鼠桿子	common	no	item
Rat's letter	老鼠的信件	common	no	item
Rat's paper	老鼠的紙張	common	no	item
Rat's tail	老鼠尾巴	common	no	item
Ratcatchers	捕鼠人	proper	yes	quest
Rauborn	羅伯恩	proper	yes	npc
Raum Urda-Stein	勞姆·烏爾達-斯坦	proper	yes	npc
Raurg bones	Raurg 骨頭	common	no	item
Ravager	掠奪者	proper	yes	npc
Ravager charm	掠奪者護符	common	no	item
Raven	渡鴉	proper	yes	npc
Raven chick	渡鴉雛鳥	proper	yes	npc
Raven egg	渡鴉蛋	common	no	item
Ravenous locust	貪婪的蝗蟲	proper	yes	npc
Ravenous locust pouch	貪婪的蝗蟲袋子	common	no	item
Raw admiral pie	生將軍派	common	no	item
Raw anchovies	生鯷魚	common	no	item
Raw bass	生鱸魚	common	no	item
Raw batta	生的麵糊	common	no	item
Raw bear meat	生熊肉	common	no	item
Raw beast meat	生野獸肉	common	no	item
Raw beef	生牛肉	common	no	item
Raw bird meat	生鳥肉	common	no	item
Raw cave eel	生洞鰻	common	no	item
Raw chicken	生雞	common	no	item
Raw chompy	生的 Chomp	common	no	item
Raw cod	生鱈魚	common	no	item
Raw crayfish	生小龍蝦	common	no	item
Raw crunchies	生的脆餅	common	no	item
Raw fish pie	生魚派	common	no	item
Raw fishcake	生魚餅	common	no	item
Raw fishlike thing	生的魚狀物	common	no	item
Raw garden pie	生花園派	common	no	item
Raw giant carp	生巨人鯉魚	common	no	item
Raw gnomebowl	生的侏儒碗	common	no	item
Raw guide cake	生指引蛋糕	common	no	item
Raw herring	生鯡魚	common	no	item
Raw jubbly	生 jubbly	common	no	item
Raw karambwan	生卡拉姆魚	common	no	item
Raw karambwanji	生卡拉姆魚罐	common	no	item
Raw lava eel	生岩漿鰻	common	no	item
Raw lobster	生龍蝦	common	no	item
Raw mackerel	生鯖魚	common	no	item
Raw manta ray	生魔鬼魚	common	no	item
Raw monkfish	生僧侶魚	common	no	item
Raw mud pie	生泥巴派	common	no	item
Raw oomlie	生的 oomlie	common	no	item
Raw pawya meat	生帕亞肉	common	no	item
Raw pheasant	生雉雞肉	common	no	item
Raw pike	生梭魚	common	no	item
Raw rabbit	生兔子肉	common	no	item
Raw rainbow fish	生彩虹魚	common	no	item
Raw rat meat	生老鼠肉	common	no	item
Raw salmon	生鮭魚	common	no	item
Raw sardine	生沙丁魚	common	no	item
Raw sea turtle	生海龜	common	no	item
Raw shark	生鯊魚	common	no	item
Raw shrimps	生蝦	common	no	item
Raw stuffed snake	生填充蛇	common	no	item
Raw summer pie	生夏季派	common	no	item
Raw swamp paste	生沼澤糊	common	no	item
Raw swordfish	生劍魚	common	no	item
Raw trout	生鱒魚	common	no	item
Raw tuna	生鮪魚	common	no	item
Raw turkey	生火雞	common	no	item
Raw turkey drumstick	生火雞腿	common	no	item
Raw ugthanki meat	生 Ugthanki 肉	common	no	item
Raw wild pie	生野派	common	no	item
Raw yak meat	生犛牛肉	common	no	item
Razmire General Store	Razmire 雜貨店	common	no	shop
Razmire Keelgan	Razmire Keelgan	proper	yes	npc
Razvan	拉茲凡	proper	yes	npc
Receipt	收據	common	no	item
Recipe	食譜	common	no	item
Recipe for Disaster	災難食譜	proper	yes	quest
Recruiter	招募人員	proper	yes	npc
Recruitment Drive	招募活動	proper	yes	quest
Red Axe Cat	紅色斧頭貓	proper	yes	npc
Red Axe Director	紅色斧頭總監	proper	yes	npc
Red Axe Henchman	紅斧手下	proper	yes	npc
Red Axe Secretary	紅色斧頭秘書	proper	yes	npc
Red Monkey	紅色猴子	proper	yes	npc
Red balloon	紅色氣球	common	no	item
Red banana	紅香蕉	common	no	item
Red bead	紅色珠子	common	no	item
Red boater	紅色小船	common	no	item
Red chinchompa	紅色金奇姆帕	common	no	item
Red circle	紅色圓形	common	no	item
Red cog	紅色齒輪	common	no	item
Red d'hide blessed set	紅色龍皮祝福套裝	common	no	item
Red d'hide body	紅色龍皮衣	common	no	item
Red d'hide chaps	紅色龍皮護腿	common	no	item
Red d'hide coif 0	紅色龍皮鎖子甲頭罩 0	common	no	item
Red d'hide coif 100	紅色龍皮鎖子甲頭罩 100	common	no	item
Red d'hide coif 20	紅色龍皮鎖子甲頭罩 20	common	no	item
Red d'hide coif 40	紅色龍皮鎖子甲頭罩 40	common	no	item
Red d'hide coif 60	紅色龍皮鎖子甲頭罩 60	common	no	item
Red d'hide coif 80	紅色龍皮鎖子甲頭罩 80	common	no	item
Red d'hide vamb	紅色龍皮護腕	common	no	item
Red destabiliser	紅色穩定器	common	no	item
Red disk	紅色圓盤	common	no	item
Red dragon	紅龍	proper	yes	npc
Red dragon egg	紅龍蛋	common	no	item
Red dragon leather	紅龍皮革	common	no	item
Red dragonhide	紅龍皮	common	no	item
Red dragonhide set	紅龍皮套裝	common	no	item
Red dye	紅色染料	common	no	item
Red dye bellows	紅色染料風箱	common	no	item
Red egg	紅色蛋	common	no	item
Red ele' blouse	紅色元素上衣	common	no	item
Red ele' legs	紅色元素腿部	common	no	item
Red ele' shirt	紅色元素襯衫	common	no	item
Red ele' skirt	紅色元素裙子	common	no	item
Red feather	紅色羽毛	common	no	item
Red firelighter	紅色點火者	common	no	item
Red flowers	紅色花朵	common	no	item
Red goblin mail	紅色哥布林鎖甲	common	no	item
Red h'ween mask	紅色萬聖節面具	common	no	item
Red headband	紅色頭帶	common	no	item
Red herring	紅鯡魚	common	no	item
Red hot sauce	紅熱辣醬	common	no	item
Red logs	紅色原木	common	no	item
Red mahogany log	紅木原木	common	no	item
Red marionette	紅色傀儡	common	no	item
Red monkey	紅色猴子	common	no	item
Red naval shirt	紅色海軍襯衫	common	no	item
Red navy slacks	紅色海軍長褲	common	no	item
Red partyhat	紅色派對帽子	common	no	item
Red pentagon	紅色五邊形	common	no	item
Red rose seed	紅玫瑰種子	common	no	item
Red salamander	紅色蠑螈	proper	yes	npc
Red satchel	紅色小包	common	no	item
Red spice (1)	紅色香料 (1)	common	no	item
Red spice (2)	紅色香料 (2)	common	no	item
Red spice (3)	紅色香料 (3)	common	no	item
Red spice (4)	紅色香料 (4)	common	no	item
Red spiders' eggs	紅色蜘蛛蛋	common	no	item
Red spiky vambs	紅色尖刺護腕	common	no	item
Red square	紅色正方形	common	no	item
Red sweets	紅色糖果	common	no	item
Red toad	紅色蟾蜍	common	no	item
Red topaz	紅黃玉	common	no	item
Red topaz machete	紅黃玉 開山刀	common	no	item
Red triangle	紅色三角形	common	no	item
Red tricorn hat	紅色三角帽	common	no	item
Red vine worm	紅藤蟲	common	no	item
Redbeard Frank	紅鬍子法蘭克	proper	yes	npc
Redberries	紅漿果	common	no	item
Redberry juice	紅莓果汁	common	no	item
Redberry pie	紅莓果派	common	no	item
Redberry seed	紅莓果種子	common	no	item
Redeyes	紅眼	proper	yes	npc
Redeyes's bone	紅眼的骨頭	common	no	item
Redheadmonky	紅頭部僧侶	proper	yes	npc
Reeso	里索	proper	yes	npc
Ref	雷夫	proper	yes	npc
Regen bracelet	再生手鐲	common	no	item
Reggie	Reggie	proper	yes	npc
Regicide	弑君者	proper	yes	quest
Registrar 1	註冊官 1	proper	yes	npc
Registrar 2	註冊官 2	proper	yes	npc
Registrar 3	註冊官 3	proper	yes	npc
Registrar 4	註冊官 4	proper	yes	npc
Registrar 5	註冊官 5	proper	yes	npc
Regrowth scroll	再生卷軸	common	no	item
Reinald	雷納德	proper	yes	npc
Reindeer hat	馴鹿帽子	common	no	item
Reinn	萊因	proper	yes	npc
Reldak	雷爾達克	proper	yes	npc
Reldo	雷爾多	proper	yes	npc
Relic	遺跡	common	no	item
Relic part 1	遺物部件 1	common	no	item
Relic part 2	遺物部件 2	common	no	item
Relic part 3	遺物部件 3	common	no	item
Relicym's balm(1)	Relicym 的香膏(1)	common	no	item
Relicym's balm(2)	Relicym 的香膏(2)	common	no	item
Relicym's balm(3)	Relicym 的香膏(3)	common	no	item
Relicym's balm(4)	Relicym 的香膏(4)	common	no	item
Relicym's mix(1)	Relicym 的混合(1)	common	no	item
Relicym's mix(2)	Relicym 的混合(2)	common	no	item
Relleka	雷萊卡	proper	yes	namebi
Rellekka	雷萊卡	proper	yes	namebi
Rellekka Longhall Bar	Rellekka 長廳酒吧	common	no	shop
Rellugosh	雷魯戈什	proper	yes	namebi
Relobo Blinyo (logs)	雷洛博·布林約 (原木)	proper	yes	npc
Remsai	雷姆賽	proper	yes	npc
Renderorder	渲染順序	proper	yes	npc
Rending scroll	撕裂卷軸	common	no	item
Renegade Knight	叛變騎士	proper	yes	npc
Renegade knight	叛變騎士	proper	yes	npc
Rennard	雷納德	proper	yes	namebi
Repair plank	修理木板	common	no	item
Reptile	爬蟲類	common	no	item
Research notes	研究筆記	common	no	item
Research package	研究包裹	common	no	item
Researcher	研究員	proper	yes	npc
Resource NPC	資源 NPC	proper	yes	npc
Restless ghost	不安的幽靈	proper	yes	npc
Restore mix(1)	恢復混合(1)	common	no	item
Restore mix(2)	恢復混合(2)	common	no	item
Restore potion(1)	恢復藥水(1)	common	no	item
Restore potion(2)	恢復藥水(2)	common	no	item
Restore potion(3)	恢復藥水(3)	common	no	item
Restore potion(4)	恢復藥水(4)	common	no	item
Restored shield	修復過的盾牌	common	no	item
Revenant cyclops	亡魂單眼巨人	proper	yes	npc
Revenant dark beast	亡魂暗黑野獸	proper	yes	npc
Revenant demon	亡魂惡魔	proper	yes	npc
Revenant dragon	亡魂龍	proper	yes	npc
Revenant goblin	亡魂哥布林	proper	yes	npc
Revenant hellhound	亡魂地獄犬	proper	yes	npc
Revenant hobgoblin	亡魂霍比哥布林	proper	yes	npc
Revenant icefiend	亡魂冰魔	proper	yes	npc
Revenant imp	亡魂小惡魔	proper	yes	npc
Revenant knight	亡魂騎士	proper	yes	npc
Revenant ork	亡魂獸人	proper	yes	npc
Revenant pyrefiend	亡魂烈焰惡魔	proper	yes	npc
Revenant vampire	亡魂吸血鬼	proper	yes	npc
Revenant werewolf	亡魂狼人	proper	yes	npc
Reward token	獎勵代幣	common	no	item
Rewards Guardian	獎勵守衛	proper	yes	npc
Rewards mystic	獎勵神秘師	proper	yes	npc
Rhazien	拉齊恩	proper	yes	npc
Rhonen	羅嫩	proper	yes	npc
Ribcage piece	肋骨碎片	common	no	item
Richard	理查	proper	yes	npc
Richard's Farming Shop	理查的農耕店	common	no	shop
Richard's Wilderness Cape Shop	理查的荒野斗篷商店	common	no	shop
Rick	瑞克	proper	yes	npc
Rick Turpentine	瑞克·松節油	proper	yes	npc
Ricketty door	搖晃的門	proper	yes	npc
Right arm	右臂	common	no	item
Right boot	右靴子	common	no	item
Right head	右側頭部	proper	yes	npc
Right leg	右腿	common	no	item
Right skull half	右半邊頭骨	common	no	item
Riki the sculptor's model	雕塑家的模特兒瑞奇	proper	yes	npc
Rimae Sirsalis	里梅·瑟薩利斯	proper	yes	npc
Rimmington	瑞明頓	proper	yes	namebi
Rimmington General Store	Rimmington 雜貨店	common	no	shop
Rind the gardener	園丁瑞恩	proper	yes	npc
Ring mould	戒指模具	common	no	item
Ring of charos	查羅斯戒指	common	no	item
Ring of charos(a)	查羅斯戒指	common	no	item
Ring of duelling(1)	對決戒指(1)	common	no	item
Ring of duelling(2)	對決戒指(2)	common	no	item
Ring of duelling(3)	對決戒指(3)	common	no	item
Ring of duelling(4)	對決戒指(4)	common	no	item
Ring of duelling(5)	對決戒指(5)	common	no	item
Ring of duelling(6)	對決戒指(6)	common	no	item
Ring of duelling(7)	對決戒指(7)	common	no	item
Ring of duelling(8)	對決戒指(8)	common	no	item
Ring of fire	火焰戒指	common	no	item
Ring of forging	鍛造戒指	common	no	item
Ring of life	生命戒指	common	no	item
Ring of recoil	反震戒指	common	no	item
Ring of slaying(1)	屠殺戒指(1)	common	no	item
Ring of slaying(2)	屠殺戒指(2)	common	no	item
Ring of slaying(3)	屠殺戒指(3)	common	no	item
Ring of slaying(4)	屠殺戒指(4)	common	no	item
Ring of slaying(5)	屠殺戒指(5)	common	no	item
Ring of slaying(6)	屠殺戒指(6)	common	no	item
Ring of slaying(7)	屠殺戒指(7)	common	no	item
Ring of slaying(8)	屠殺戒指(8)	common	no	item
Ring of stone	石頭戒指	common	no	item
Ring of the Star Sprite	星光精靈戒指	common	no	item
Ring of visibility	可視戒指	common	no	item
Ring of wealth	財富戒指	common	no	item
Ring of wealth(1)	財富戒指(1)	common	no	item
Ring of wealth(2)	財富戒指(2)	common	no	item
Ring of wealth(3)	財富戒指(3)	common	no	item
Ring of wealth(4)	財富戒指(4)	common	no	item
Ringmaster	馬戲團團長	proper	yes	npc
Ringmaster boots	馬戲團團長靴子	common	no	item
Ringmaster hat	馬戲團團長帽子	common	no	item
Ringmaster pants	馬戲團團長長褲	common	no	item
Ringmaster shirt	馬戲團團長襯衫	common	no	item
Rionasta	里奧納斯塔	proper	yes	npc
Rise from the ashes scroll	從灰燼中崛起卷軸	common	no	item
River troll	河流巨魔	proper	yes	npc
Rivets	鉚釘	common	no	item
Riyl Shade	Riyl 幽魂	proper	yes	npc
Riyl Shadow	Riyl 影子	proper	yes	npc
Riyl remains	Riyl 的殘骸	common	no	item
Riyl shadow	Riyl 影子	proper	yes	npc
Roachey	羅奇	proper	yes	npc
Roadblocked	道路被封鎖	proper	yes	npc
Roast beast meat	烤野獸肉	common	no	item
Roast bird meat	烤鳥肉	common	no	item
Roast frog	烤青蛙	common	no	item
Roast rabbit	烤兔子	common	no	item
Roavar	羅瓦爾	proper	yes	npc
Robe Store owner	長袍店店主	proper	yes	npc
Robe bottom (class 1)	長袍下裝 (等級 1)	common	no	item
Robe bottom (class 2)	長袍下裝 (等級 2)	common	no	item
Robe bottom (class 3)	長袍下裝 (等級 3)	common	no	item
Robe bottom (class 4)	長袍下裝 (等級 4)	common	no	item
Robe bottom (class 5)	長袍下裝 (等級 5)	common	no	item
Robe bottoms	長袍下裝	common	no	item
Robe of elidinis	艾利迪尼斯長袍	common	no	item
Robe top	長袍上衣	common	no	item
Robe top (class 1)	長袍上衣 (等級 1)	common	no	item
Robe top (class 2)	長袍上衣 (等級 2)	common	no	item
Robe top (class 3)	長袍上衣 (等級 3)	common	no	item
Robe top (class 4)	長袍上衣 (等級 4)	common	no	item
Robe top (class 5)	長袍上衣 (等級 5)	common	no	item
Robert the Strong	強壯的羅伯特	proper	yes	npc
Robin	羅賓	proper	yes	npc
Robin hood hat	羅賓之帽	common	no	item
Rock	岩石	proper	yes	npc
Rock Crab	岩石蟹	proper	yes	npc
Rock Golem	岩石魔像	proper	yes	npc
Rock cake	岩石蛋糕	common	no	item
Rock fragments	岩石碎片	common	no	item
Rock hammer	岩石鐵鎚	common	no	item
Rock lobster	岩石龍蝦	proper	yes	npc
Rock pick	岩石鎬	common	no	item
Rock pile	岩石堆	proper	yes	npc
Rock-shell boots	岩殼靴子	common	no	item
Rock-shell chunk	岩石殼塊	common	no	item
Rock-shell gloves	岩石殼手套	common	no	item
Rock-shell helm	岩殼頭盔	common	no	item
Rock-shell legs	岩殼腿部	common	no	item
Rock-shell plate	岩殼胸甲	common	no	item
Rock-shell shard	岩石殼碎片	common	no	item
Rock-shell splinter	岩石殼裂片	common	no	item
Rocking Out	搖滾狂熱	proper	yes	quest
Rocking chair	搖椅	common	no	item
Rocks	岩石	proper	yes	npc
Rockshell armour set	岩石殼護甲套裝	common	no	item
Rockslug	岩石蛞蝓	proper	yes	npc
Rocnar	Rocnar	proper	yes	npc
Rod clay mould	權杖黏土模具	common	no	item
Rod dust	權杖粉末	common	no	item
Rod of ivandis(1)	伊凡迪斯之杖(1)	common	no	item
Rod of ivandis(10)	伊凡迪斯之杖(10)	common	no	item
Rod of ivandis(2)	伊凡迪斯之杖(2)	common	no	item
Rod of ivandis(3)	伊凡迪斯之杖(3)	common	no	item
Rod of ivandis(4)	伊凡迪斯之杖(4)	common	no	item
Rod of ivandis(5)	伊凡迪斯之杖(5)	common	no	item
Rod of ivandis(6)	伊凡迪斯之杖(6)	common	no	item
Rod of ivandis(7)	伊凡迪斯之杖(7)	common	no	item
Rod of ivandis(8)	伊凡迪斯之杖(8)	common	no	item
Rod of ivandis(9)	伊凡迪斯之杖(9)	common	no	item
Roe	魚卵	common	no	item
Roger	羅傑	proper	yes	npc
Rogue	盜賊	proper	yes	npc
Rogue Guard	盜賊守衛	proper	yes	npc
Rogue boots	盜賊靴子	common	no	item
Rogue gloves	盜賊手套	common	no	item
Rogue kit	盜賊套裝	common	no	item
Rogue mask	盜賊面具	common	no	item
Rogue top	盜賊上衣	common	no	item
Rogue trousers	盜賊長褲	common	no	item
Rogue's purse potion(unf)	盜賊的錢包藥水(未製成)	common	no	item
Rohak	羅哈克	proper	yes	npc
Rok's Choc Box	Rok 的巧克力盒	common	no	shop
Rokuh	羅庫	proper	yes	npc
Rolad	羅拉德	proper	yes	npc
Rolayne Twickit	Rolayne Twickit	proper	yes	npc
Roll	捲餅	common	no	item
Rolling pin	擀麵棍	common	no	item
Rollinghome	滾回家	proper	yes	npc
Romeo	羅密歐	proper	yes	npc
Romeo & Juliet	羅密歐與朱麗葉	proper	yes	namebi
Rometti	羅梅蒂	proper	yes	npc
Romily Weaklax	羅米莉·威克拉克	proper	yes	npc
Romily Weaklax Pie's	羅米莉·威克拉克派店	common	no	shop
Rommik	羅米克	proper	yes	npc
Rommik's Crafty Supplies	羅米克的工藝用品	common	no	shop
Ronan	羅南	proper	yes	npc
Rooster	公雞	proper	yes	npc
Root cutting	根部切片	common	no	item
Rope	繩索	common	no	item
Rose-tinted lens	玫瑰色鏡片	common	no	item
Rosemary	迷迭香	common	no	item
Rosemary seed	迷迭香種子	common	no	item
Rosie	羅西	proper	yes	npc
Rotten apple	腐爛的蘋果	common	no	item
Rotten apples	腐爛的蘋果	common	no	item
Rotten barrel	腐爛的木桶	common	no	item
Rotten food	腐爛食物	common	no	item
Rotten potato	腐爛的馬鈴薯	common	no	item
Rotten tomato	腐爛的番茄	common	no	item
Roving Elves	流浪精靈	proper	yes	quest
Rowdy Guard	吵鬧的守衛	proper	yes	npc
Rowdy dwarf	吵鬧的矮人	proper	yes	npc
Rowdy slave	吵鬧的奴隸	proper	yes	npc
Royal Trouble	王室危機	proper	yes	quest
Royal decree	皇家法令	common	no	item
Ruantun	魯安圖恩	proper	yes	npc
Rubber chicken	橡膠雞	common	no	item
Rubber tube	橡膠管	common	no	item
Rubium	魯比姆	common	no	item
Ruby	紅寶石	common	no	item
Ruby amulet	紅寶石護身符	common	no	item
Ruby bolt tips	紅寶石弩箭尖	common	no	item
Ruby bolts	紅寶石弩箭	common	no	item
Ruby bolts (e)	紅寶石弩箭 (e)	common	no	item
Ruby bracelet	紅寶石手鐲	common	no	item
Ruby harvest	紅寶石收穫	proper	yes	npc
Ruby key	紅寶石鑰匙	common	no	item
Ruby necklace	紅寶石項鍊	common	no	item
Ruby ring	紅寶石戒指	common	no	item
Rufus	魯弗斯	proper	yes	npc
Rufus's Meat Emporium	魯弗斯的肉品商行	common	no	shop
Rug Merchant	地毯商人	proper	yes	npc
Rug Station Attendant	地毯站工作人員	proper	yes	npc
Ruined backpack	毀損的背包	common	no	item
Ruined chompy	毀壞的 Chomp	common	no	item
Ruined dragon armour lump	毀壞的龍盔塊	common	no	item
Ruined dragon armour shard	毀損的龍護甲碎片	common	no	item
Ruined dragon armour slice	毀損的龍護甲碎片	common	no	item
Ruined herb tea	毀壞的草藥茶	common	no	item
Rum Deal	不公平的交易	proper	yes	quest
Runa	露娜	proper	yes	npc
Rune	符文	common	no	material
Rune 2h sword	符文雙手劍	common	no	item
Rune Mysteries	符文之謎	proper	yes	namebi
Rune armour set (l)	符文套裝 (l)	common	no	item
Rune armour set (sk)	符文套裝 (sk)	common	no	item
Rune arrow	符文箭	common	no	item
Rune arrow(p)	符文箭(p)	common	no	item
Rune arrow(p+)	符文箭(p+)	common	no	item
Rune arrow(p++)	符文箭(p++)	common	no	item
Rune arrowtips	符文箭頭	common	no	item
Rune axe	符文斧	common	no	item
Rune battleaxe	符文戰斧	common	no	item
Rune berserker shield 0	符文狂戰士之盾 0	common	no	item
Rune berserker shield 100	符文狂戰士之盾 100	common	no	item
Rune berserker shield 20	符文狂戰士之盾 20	common	no	item
Rune berserker shield 40	符文狂戰士之盾 40	common	no	item
Rune berserker shield 60	符文狂戰士之盾 60	common	no	item
Rune berserker shield 80	符文狂戰士之盾 80	common	no	item
Rune bolts	符文弩箭	common	no	item
Rune boots	Rune 靴子	common	no	item
Rune brutal	符文野蠻人	common	no	item
Rune bull rush scroll	符文公牛衝撞卷軸	common	no	item
Rune cane	符文手杖	common	no	item
Rune chainbody	符文鎖甲	common	no	item
Rune claws	符文爪	common	no	item
Rune crossbow	符文十字弩	common	no	item
Rune dagger	符文匕首	common	no	item
Rune dagger(p)	符文匕首(p)	common	no	item
Rune dagger(p+)	符文匕首(p+)	common	no	item
Rune dagger(p++)	符文匕首(p++)	common	no	item
Rune dart	符文飛鏢	common	no	item
Rune dart tip	符文飛鏢尖端	common	no	item
Rune dart(p)	符文飛鏢(p)	common	no	item
Rune dart(p+)	符文飛鏢(p+)	common	no	item
Rune dart(p++)	符文飛鏢(p++)	common	no	item
Rune defender	符文防禦者	common	no	item
Rune dust	符文粉末	common	no	item
Rune essence	符文精華	common	no	item
Rune fire arrows	符文火箭矢	common	no	item
Rune full helm	符文全罩頭盔	common	no	item
Rune full helm (charged)	符文全罩頭盔 (充能)	common	no	item
Rune full helm (e)	符文全罩頭盔 (e)	common	no	item
Rune full helm (t)	符文全罩頭盔 (t)	common	no	item
Rune full helm(g)	符文全罩頭盔(g)	common	no	item
Rune gauntlets	符文手套	common	no	item
Rune gold-trimmed armour set (l)	Rune 金邊裝備套裝 (l)	common	no	item
Rune gold-trimmed armour set (sk)	Rune 金邊裝備套裝 (sk)	common	no	item
Rune halberd	符文戟	common	no	item
Rune hasta	符文長矛	common	no	item
Rune hasta(kp)	符文長矛(kp)	common	no	item
Rune hasta(p)	符文長矛(p)	common	no	item
Rune hasta(p+)	符文長矛(p+)	common	no	item
Rune hasta(p++)	符文長矛(p++)	common	no	item
Rune helm (h1)	符文頭盔 (h1)	common	no	item
Rune helm (h2)	符文頭盔 (h2)	common	no	item
Rune helm (h3)	符文頭盔 (h3)	common	no	item
Rune helm (h4)	符文頭盔 (h4)	common	no	item
Rune helm (h5)	符文頭盔 (h5)	common	no	item
Rune heraldic helm	符文紋章頭盔	common	no	item
Rune javelin	符文標槍	common	no	item
Rune javelin(p)	符文標槍(p)	common	no	item
Rune javelin(p+)	符文標槍(p+)	common	no	item
Rune javelin(p++)	符文標槍(p++)	common	no	item
Rune kiteshield	符文風箏盾	common	no	item
Rune kiteshield (g)	符文風箏盾 (g)	common	no	item
Rune kiteshield (t)	符文風箏盾 (t)	common	no	item
Rune knife	符文小刀	common	no	item
Rune knife(p)	符文小刀(p)	common	no	item
Rune knife(p+)	符文小刀(p+)	common	no	item
Rune knife(p++)	符文小刀(p++)	common	no	item
Rune longsword	符文長劍	common	no	item
Rune mace	符文釘頭錘	common	no	item
Rune med helm	符文中型頭盔	common	no	item
Rune minotaur	符文米諾陶洛	proper	yes	npc
Rune minotaur pouch	符文米諾陶洛小袋	common	no	item
Rune nails	符文釘	common	no	item
Rune pick head	符文鎬頭部	common	no	item
Rune pickaxe	符文鎬	common	no	item
Rune platebody	符文胸甲	common	no	item
Rune platebody (g)	符文胸甲 (g)	common	no	item
Rune platebody (t)	符文胸甲 (t)	common	no	item
Rune platelegs	符文護腿	common	no	item
Rune platelegs (g)	符文護腿 (g)	common	no	item
Rune platelegs (t)	符文護腿 (t)	common	no	item
Rune plateskirt	符文裙甲	common	no	item
Rune plateskirt (g)	符文裙甲 (g)	common	no	item
Rune plateskirt (t)	符文裙甲 (t)	common	no	item
Rune satchel	符文小袋	common	no	item
Rune scimitar	符文彎刀	common	no	item
Rune shards	符文碎片	common	no	item
Rune shield(h1)	Rune 盾牌(h1)	common	no	item
Rune shield(h2)	Rune 盾牌(h2)	common	no	item
Rune shield(h3)	Rune 盾牌(h3)	common	no	item
Rune shield(h4)	Rune 盾牌(h4)	common	no	item
Rune shield(h5)	符文盾(h5)	common	no	item
Rune spear	符文長矛	common	no	item
Rune spear(kp)	符文長矛(kp)	common	no	item
Rune spear(p)	符文長矛(p)	common	no	item
Rune spear(p+)	符文長矛(p+)	common	no	item
Rune spear(p++)	符文長矛(p++)	common	no	item
Rune spikeshield 0	符文尖刺盾 0	common	no	item
Rune spikeshield 100	Rune 尖刺盾 100	common	no	item
Rune spikeshield 20	符文尖刺盾 20	common	no	item
Rune spikeshield 40	Rune 尖刺盾 40	common	no	item
Rune spikeshield 60	Rune 尖刺盾 60	common	no	item
Rune spikeshield 80	Rune 尖刺盾 80	common	no	item
Rune sq shield	符文方盾	common	no	item
Rune sword	符文劍	common	no	item
Rune thrownaxe	符文投擲斧	common	no	item
Rune trimmed armour set (l)	Rune 邊飾裝備套裝 (l)	common	no	item
Rune trimmed armour set (sk)	Rune 邊飾裝備套裝 (sk)	common	no	item
Rune warhammer	符文戰鎚	common	no	item
RuneScape Guide	RuneScape 嚮導	proper	yes	namebi
RuneScape guide	RuneScape 嚮導	proper	yes	npc
Runecraft cape	符文製作斗篷	common	no	item
Runecraft cape(t)	符文製作斗篷(t)	common	no	item
Runecrafter gloves	符文製作師手套	common	no	item
Runecrafter hat	符文製作師帽子	common	no	item
Runecrafter robe	符文製作師長袍	common	no	item
Runecrafter skirt	符文製作師裙子	common	no	item
Runecrafting	符文製作	common	no	glossary
Runecrafting guild teleport	符文製作公會傳送	common	no	item
Runecrafting guild token	符文製作公會代幣	common	no	item
Runecrafting hood	符文製作兜帽	common	no	item
Runecrafting staff	符文製作法杖	common	no	item
Runed sceptre	符文權杖	common	no	item
Runite armour	符文鎧甲	common	no	item
Runite bar	符文錠	common	no	item
Runite bolts (p)	Runite 弩箭 (p)	common	no	item
Runite bolts (unf)	Runite 弩箭 (未加工)	common	no	item
Runite bolts(p+)	Runite 弩箭(p+)	common	no	item
Runite bolts(p++)	Runite 弩箭(p++)	common	no	item
Runite c'bow (u)	符文小型弩 (u)	common	no	item
Runite limbs	Runite 弓肢	common	no	item
Runite ore	符文礦	proper	yes	npc
Runner boots	奔跑者靴子	common	no	item
Runner hat	奔跑者帽子	common	no	item
Runolf	魯諾夫	proper	yes	npc
Runvastr	倫瓦斯特	proper	yes	npc
Rupert the Beard	鬍鬚魯伯特	proper	yes	npc
Rupert's helmet	魯伯特的頭盔	common	no	item
Rusty	Rusty	proper	yes	npc
Rusty casket	Rusty 棺材	common	no	item
Rusty scimitar	Rusty 彎刀	common	no	item
Rusty sword	Rusty 劍	common	no	item
Saba	薩巴	proper	yes	npc
Sabeil	薩比爾	proper	yes	npc
Saboteur	破壞者	proper	yes	npc
Sabre-toothed kebbit	劍齒克比特	proper	yes	npc
Sabre-toothed kyatt	劍齒卡特	proper	yes	npc
Sabreen	薩布林	proper	yes	npc
Sack	麻袋	proper	yes	npc
Sacred clay (class 1)	神聖黏土 (等級 1)	common	no	item
Sacred clay (class 2)	神聖黏土 (等級 2)	common	no	item
Sacred clay (class 3)	神聖黏土 (等級 3)	common	no	item
Sacred clay (class 4)	神聖黏土 (等級 4)	common	no	item
Sacred clay (class 5)	神聖黏土 (等級 5)	common	no	item
Sacred clay body	神聖黏土身體防具	common	no	item
Sacred clay bow	神聖黏土弓	common	no	item
Sacred clay butterfly net	神聖黏土蝴蝶網	common	no	item
Sacred clay chaps	神聖黏土腿甲	common	no	item
Sacred clay coif	神聖黏土鎖子甲頭罩	common	no	item
Sacred clay fletching knife	神聖黏土製箭小刀	common	no	item
Sacred clay hammer	神聖黏土鐵鎚	common	no	item
Sacred clay harpoon	神聖黏土魚叉	common	no	item
Sacred clay hat	神聖黏土帽子	common	no	item
Sacred clay hatchet	神聖黏土斧頭	common	no	item
Sacred clay helm	神聖黏土頭盔	common	no	item
Sacred clay needle	神聖黏土針	common	no	item
Sacred clay pickaxe	神聖黏土鎬	common	no	item
Sacred clay platebody	神聖黏土板甲	common	no	item
Sacred clay platelegs	神聖黏土腿部護甲	common	no	item
Sacred clay pouch (class 1)	神聖黏土袋子 (等級 1)	common	no	item
Sacred clay pouch (class 2)	神聖黏土袋子 (等級 2)	common	no	item
Sacred clay pouch (class 3)	神聖黏土袋子 (等級 3)	common	no	item
Sacred clay pouch (class 4)	神聖黏土袋子 (等級 4)	common	no	item
Sacred clay pouch (class 5)	神聖黏土袋子 (等級 5)	common	no	item
Sacred clay robe bottom	神聖黏土長袍下裝	common	no	item
Sacred clay robe top	神聖黏土長袍上衣	common	no	item
Sacred clay scimitar	神聖黏土彎刀	common	no	item
Sacred clay staff	神聖黏土法杖	common	no	item
Sacred oil(1)	神聖油(1)	common	no	item
Sacred oil(2)	神聖油(2)	common	no	item
Sacred oil(3)	神聖油(3)	common	no	item
Sacred oil(4)	神聖油(4)	common	no	item
Safalaan	Safalaan	proper	yes	npc
Safety gloves	安全手套	common	no	item
Safety guarantee	安全保障	common	no	item
Saff Waldon	薩夫·沃爾登	proper	yes	npc
Safta Doc	Safta 醫生	proper	yes	npc
Sagira	薩吉拉	proper	yes	npc
Sailing book	航海書籍	common	no	item
Sailor	水手	proper	yes	npc
Sailor's hat	水手帽子	common	no	item
Sakirth	薩基斯	proper	yes	npc
Salarin the Twisted	扭曲的薩拉林	proper	yes	npc
Salenab	薩萊納布	proper	yes	npc
Salmon	鮭魚	common	no	item
Salve amulet	治癒護身符	common	no	item
Salve amulet(e)	治癒護身符(e)	common	no	item
Salve shard	治癒碎片	common	no	item
Sam	山姆	proper	yes	npc
Sam's Wilderness Cape Shop	山姆的荒野斗篷店	common	no	shop
Sample bottle	樣本瓶	common	no	item
Samuel	山繆爾	proper	yes	npc
San Fan	桑凡	proper	yes	npc
San Tojalon	San Tojalon	proper	yes	npc
Sanchez the Cleaner	桑切斯清潔工	proper	yes	npc
Sand	沙子	common	no	item
Sand storm	沙塵暴	proper	yes	npc
Sandbag	沙袋	common	no	item
Sandstone (10kg)	Sandstone (10kg)	common	no	item
Sandstone (1kg)	Sandstone (1kg)	common	no	item
Sandstone (20kg)	Sandstone (20kg)	common	no	item
Sandstone (2kg)	Sandstone (2kg)	common	no	item
Sandstone (32kg)	Sandstone (32kg)	common	no	item
Sandstone (5kg)	Sandstone (5kg)	common	no	item
Sandstone base	Sandstone 底座	common	no	item
Sandstone body	Sandstone 軀幹	common	no	item
Sandstorm scroll	沙塵暴卷軸	common	no	item
Sandwich lady	三明治女士	proper	yes	npc
Sandy	珊迪	proper	yes	npc
Sandy hand	珊迪之手	common	no	item
Sandy's rota	珊迪的輪班表	common	no	item
Sanfew	桑費	proper	yes	npc
Sanfew serum(1)	桑費血清(1)	common	no	item
Sanfew serum(2)	桑費血清(2)	common	no	item
Sanfew serum(3)	桑費血清(3)	common	no	item
Sanfew serum(4)	桑費血清(4)	common	no	item
Sani Piliu	薩尼·皮留	proper	yes	npc
Saniboch	薩尼博奇	proper	yes	npc
Sannytea	珊妮茶	proper	yes	npc
Santa	聖誕老人	proper	yes	npc
Santa Claus	聖誕老人	proper	yes	npc
Santa costume boots	聖誕老人服裝靴子	common	no	item
Santa costume gloves	聖誕老人服裝手套	common	no	item
Santa costume legs	聖誕老人服裝腿部	common	no	item
Santa costume top	聖誕老人服裝上衣	common	no	item
Santa hat	聖誕老人帽子	common	no	item
Santiri	桑提里	proper	yes	npc
Sapphire	藍寶石	common	no	item
Sapphire amulet	藍寶石護身符	common	no	item
Sapphire bolt tips	藍寶石弩箭尖	common	no	item
Sapphire bolts	藍寶石弩箭	common	no	item
Sapphire bolts (e)	藍寶石弩箭 (e)	common	no	item
Sapphire bracelet	藍寶石手鐲	common	no	item
Sapphire glacialis	藍寶石冰川	proper	yes	npc
Sapphire lantern	藍寶石燈籠	common	no	item
Sapphire necklace	藍寶石項鍊	common	no	item
Sapphire ring	藍寶石戒指	common	no	item
Saradomin	薩拉多明	proper	yes	namebi
Saradomin armour set (l)	薩拉多敏護甲套裝 (l)	proper	yes	item
Saradomin armour set (sk)	薩拉多敏護甲套裝 (sk)	proper	yes	item
Saradomin banner	薩拉多敏旗幟	proper	yes	item
Saradomin bird	薩拉多明鳥	proper	yes	npc
Saradomin bracers	薩拉多敏護腕	proper	yes	item
Saradomin brew(1)	薩拉多明釀劑(1)	proper	yes	item
Saradomin brew(2)	薩拉多明釀劑(2)	proper	yes	item
Saradomin brew(3)	薩拉多明釀劑(3)	proper	yes	item
Saradomin brew(4)	薩拉多明釀劑(4)	proper	yes	item
Saradomin cape	薩拉多敏斗篷	proper	yes	item
Saradomin chaps	薩拉多敏護腿	proper	yes	item
Saradomin chick	薩拉多明幼雛	proper	yes	npc
Saradomin cloak	薩拉多敏斗篷	proper	yes	item
Saradomin coif	薩拉多敏鎖子甲頭罩	proper	yes	item
Saradomin crozier	薩拉多敏權杖	proper	yes	item
Saradomin d'hide	薩拉多敏皮	proper	yes	item
Saradomin full helm	薩拉多敏全罩頭盔	proper	yes	item
Saradomin godsword	薩拉多敏神劍	proper	yes	item
Saradomin hilt	Saradomin 劍柄	proper	yes	item
Saradomin kiteshield	薩拉多敏風箏盾	proper	yes	item
Saradomin mitre	薩拉多敏冠冕	proper	yes	item
Saradomin mjolnir	薩拉多敏米奧尼爾	proper	yes	item
Saradomin owl	薩拉多明貓頭鷹	proper	yes	npc
Saradomin page 1	薩拉多敏頁面 1	proper	yes	item
Saradomin page 2	薩拉多敏頁面 2	proper	yes	item
Saradomin page 3	薩拉多敏頁面 3	proper	yes	item
Saradomin page 4	薩拉多敏 第4頁	proper	yes	item
Saradomin plate	薩拉多明板甲	proper	yes	item
Saradomin platebody	薩拉多敏胸甲	proper	yes	item
Saradomin platelegs	薩拉多敏腿甲	proper	yes	item
Saradomin plateskirt	薩拉多敏裙甲	proper	yes	item
Saradomin priest	薩拉多明牧師	proper	yes	npc
Saradomin robe legs	薩拉多敏長袍腿部	proper	yes	item
Saradomin robe top	薩拉多敏長袍上衣	proper	yes	item
Saradomin staff	莎拉多敏法杖	proper	yes	item
Saradomin stole	薩拉多敏披肩	proper	yes	item
Saradomin sword	Saradomin 劍	proper	yes	item
Saradomin symbol	薩拉多明符號	proper	yes	npc
Saradomin wizard	Saradomin 法師	proper	yes	npc
Saragorgak key	Saragorgak 鑰匙	common	no	item
Sarah	Sarah	proper	yes	npc
Sarah Domin	Sarah Domin	proper	yes	npc
Sarah's Farming Shop	Sarah 的農耕店	common	no	shop
Saratrice egg	薩拉特里士蛋	common	no	item
Sarble	薩布爾	proper	yes	npc
Sardine	沙丁魚	common	no	item
Sarius Guile	Sarius Guile	proper	yes	npc
Saro	薩羅	proper	yes	npc
Sasquine Huburns	薩斯奎恩·哈伯恩斯	proper	yes	npc
Sassafras twigs	莎士弗拉斯提格	common	no	item
Sassafras weaving ribbon	莎士弗拉斯編織緞帶	common	no	item
Sassilik	薩西利克	proper	yes	npc
Savant	博學之士	proper	yes	npc
Saw	鋸子	common	no	item
Sawdust	鋸末	common	no	item
Sawmill operator	鋸木廠操作員	proper	yes	npc
Sbott	斯博特	proper	yes	npc
Scabaras	Scabaras	proper	yes	npc
Scabaras lancer	Scabaras 長槍兵	proper	yes	npc
Scabaras locust	Scabaras 蝗蟲	proper	yes	npc
Scabaras mage	Scabaras 法師	proper	yes	npc
Scabaras priest	Scabaras 牧師	proper	yes	npc
Scabaras ranger	Scabaras 遊俠	proper	yes	npc
Scabaras research	Scabaras 研究	common	no	item
Scabarite key	Scabarite 鑰匙	common	no	item
Scabarite notes	Scabarite 筆記	common	no	item
Scarab larva	聖甲蟲幼蟲	proper	yes	npc
Scarab mage	聖甲蟲法師	proper	yes	npc
Scarab swarm	聖甲蟲集群	proper	yes	npc
Scarabs	聖甲蟲	proper	yes	npc
Scarecrow	稻草人	common	no	item
Scared skavid	受驚的斯卡維德	proper	yes	npc
Scarg	斯卡格	proper	yes	npc
Scavvo	斯卡沃	proper	yes	npc
Scavvo's Rune Store	斯卡沃的符文商店	common	no	shop
Schoolboy	小男孩	proper	yes	npc
Schoolgirl	女學生	proper	yes	npc
Scimitar (class 1)	短劍 (等級 1)	common	no	item
Scimitar (class 2)	短劍 (等級 2)	common	no	item
Scimitar (class 3)	短劍 (等級 3)	common	no	item
Scimitar (class 4)	短劍 (等級 4)	common	no	item
Scimitar (class 5)	短劍 (等級 5)	common	no	item
Scorpion	蠍子	proper	yes	npc
Scorpion Catcher	蠍子捕手	proper	yes	quest
Scorpion cage	蠍子籠子	common	no	item
Scotty the Cleaner	史考提清潔工	proper	yes	npc
Scout	偵察兵	proper	yes	npc
Scrambled egg	炒蛋	common	no	item
Scrap of paper	紙張碎片	common	no	item
Scrap paper	碎紙	common	no	item
Scrapey bark	刮落的樹皮	common	no	item
Scrapey tree logs	刮削樹木原木	common	no	item
Scrawled note	潦草的筆記	common	no	item
Scroll	卷軸	common	no	item
Scrumpled note	揉皺的筆記	common	no	item
Scrumpled paper	揉皺的紙張	common	no	item
Scrying orb	占卜水晶球	common	no	item
Scythe	大鐮刀	common	no	item
Scythe sharpener	大鐮刀磨刀器	common	no	item
Sea Slug	海蛞蝓	proper	yes	quest
Sea Snake Hatchling	海蛇孵化物	proper	yes	npc
Sea Snake Young	海蛇幼體	proper	yes	npc
Sea Troll General	海巨魔將軍	proper	yes	npc
Sea Troll Queen	海巨魔女王	proper	yes	npc
Sea fishing map	海釣地圖	common	no	item
Sea slug	海蛞蝓	proper	yes	npc
Sea slug glue	海蛞蝓膠水	common	no	item
Sea slugs display	海蛞蝓展示	proper	yes	npc
Sea troll	海巨魔	proper	yes	npc
Sea turtle	海龜	common	no	item
Seagull	海鷗	proper	yes	npc
Seagull wing	海鷗翅膀	common	no	item
Seal of passage	通行印記	common	no	item
Sealed letter	已封口的信件	common	no	item
Sealed message	密封訊息	common	no	item
Sealed pot	密封罐	common	no	item
Sealed vase	密封的花瓶	common	no	item
Seaman Lorris	海員洛里斯	proper	yes	npc
Seaman Thresnor	海員瑟斯諾	proper	yes	npc
Seasoned chompy	調味過的 Chomp	common	no	item
Seasoned legs	調味過的腿	common	no	item
Seaweed	海藻	common	no	item
Seaweed in a box	箱子裡的海藻	common	no	item
Seaweed in a box?	箱子裡的海藻？	common	no	item
Seaweed sandwich	海藻三明治	common	no	item
Secateurs	修枝剪	common	no	item
Secret way map	秘密通道地圖	common	no	item
Secretary	秘書	proper	yes	npc
Security Guard	安全守衛	proper	yes	npc
Security book	安全書籍	common	no	item
Seddu	塞杜	proper	yes	npc
Seddus Adventurers Store	塞杜的冒險者商店	common	no	shop
Sedridor	塞德里多	proper	yes	npc
Seed dibber	穴播器	common	no	item
Seegud	Seegud	proper	yes	npc
Seer	先知	proper	yes	npc
Seer's headband	先知頭帶	common	no	item
Seer's key	先知的鑰匙	common	no	item
Seercull	先知之石	common	no	item
Seers ring	先知戒指	common	no	item
Selected iron	選定的鐵	common	no	item
Selena	塞萊娜	proper	yes	npc
Selene	塞勒涅	proper	yes	npc
Seravel	塞拉維爾	proper	yes	npc
Seren	瑟倫	proper	yes	namebi
Sergeant	中士	proper	yes	npc
Sergeant Abram	中士亞伯拉姆	proper	yes	npc
Sergeant Damien	中士 Damien	proper	yes	npc
Sergeant Grimspike	中士 Grimspike	proper	yes	npc
Sergeant Mossfists	中士 莫斯菲斯特	proper	yes	npc
Sergeant Sambur	中士 山姆博	proper	yes	npc
Sergeant Slimetoes	中士 史萊姆趾	proper	yes	npc
Sergeant Steelwill	中士 Steelwill	proper	yes	npc
Sergeant Strongstack	中士史壯斯塔克	proper	yes	npc
Sergiu	Sergiu	proper	yes	npc
Serum 207 (1)	血清 207 (1)	common	no	item
Serum 207 (2)	血清 207 (2)	common	no	item
Serum 207 (3)	血清 207 (3)	common	no	item
Serum 207 (4)	血清 207 (4)	common	no	item
Serum 208 (1)	血清 208 (1)	common	no	item
Serum 208 (2)	血清 208 (2)	common	no	item
Serum 208 (3)	血清 208 (3)	common	no	item
Serum 208 (4)	血清 208 (4)	common	no	item
Servant	僕人	common	no	npc
Servant's skull	僕人的頭骨	common	no	item
Seth	賽斯	proper	yes	npc
Seth Groats	賽斯·格羅茨	proper	yes	npc
Severed leg	被切斷的腿	common	no	item
Sextant	六分儀	common	no	item
Shabim	夏比姆	proper	yes	namebi
Shade	幽魂	proper	yes	npc
Shade Spirit	幽魂之靈	proper	yes	npc
Shade robe	幽魂長袍	common	no	item
Shades of Mort'ton	莫頓的幽魂	proper	yes	quest
Shadow	影子	proper	yes	npc
Shadow Hound	暗影獵犬	proper	yes	npc
Shadow diamond	影子鑽石	common	no	item
Shadow of the Storm	風暴之影子	proper	yes	namebi
Shadow spider	陰影蜘蛛	proper	yes	npc
Shadow sword	影子劍	common	no	item
Shadow warrior	影子戰士	proper	yes	npc
Shadowy figure	影子般的形體	proper	yes	npc
Shady stranger	可疑的陌生人	proper	yes	npc
Shadydude98	神祕傢伙98	proper	yes	npc
Shaikahan bones	賽卡漢骨頭	common	no	item
Shaman robe	薩滿長袍	common	no	item
Shamans tome	薩滿之書	common	no	item
Shamus	夏姆斯	proper	yes	npc
Shanomi	夏諾米	proper	yes	npc
Shantay	珊泰	proper	yes	npc
Shantay Guard	Shantay 守衛	proper	yes	npc
Shantay Pass Shop	Shantay 通行證商店	common	no	shop
Shantay disclaimer	Shantay 免責聲明	common	no	item
Shantay pass	Shantay 通行證	common	no	item
Shanty Claws	尚提利爪	proper	yes	npc
Sharathteerk	夏拉提克	proper	yes	npc
Sharimika	夏里米卡	proper	yes	npc
Shark	鯊魚	proper	yes	npc
Shark gloves	鯊魚 手套	common	no	item
Sharpened axe	磨尖的斧頭	common	no	item
Shaving stand	刮鬍架	common	no	item
Shears	剪刀	common	no	item
Shed key	棚屋鑰匙	common	no	item
Sheep	綿羊	proper	yes	npc
Sheep Herder	綿羊牧人	proper	yes	quest
Sheep Shearer	綿羊剪毛工	proper	yes	namebi
Sheep bones (1)	綿羊骨頭 (1)	common	no	item
Sheep bones (2)	綿羊骨頭 (2)	common	no	item
Sheep bones (3)	綿羊骨頭 (3)	common	no	item
Sheep bones (4)	綿羊骨頭 (4)	common	no	item
Sheep feed	綿羊飼料	common	no	item
Sheep mask	綿羊面具	common	no	item
Sheepdog	綿羊狗	proper	yes	npc
Sheepdog puppy	綿羊狗幼犬	proper	yes	npc
Shield fragment	盾牌碎片	common	no	item
Shield left half	盾牌左半部	common	no	item
Shield of Arrav	阿拉夫之盾	proper	yes	namebi
Shield right half	盾牌右半部	common	no	item
Shifter	變形者	proper	yes	npc
Shifter charm	變形者護符	common	no	item
Shilo Village	希洛村	proper	yes	namebi
Shilop	希洛普	proper	yes	npc
Shiny key	閃亮的鑰匙	common	no	item
Ship ticket	船票	common	no	item
Ship toy	船隻玩具	common	no	item
Shipping order	出貨單	common	no	item
Shipyard worker	造船廠工人	proper	yes	npc
Shiratti the Custodian	管理員 Shiratti	proper	yes	npc
Shirt	襯衫	common	no	item
Shoe box	鞋盒	common	no	item
Shoes	鞋子	common	no	item
Shooting star shadow	流星影子	proper	yes	npc
Shop assistant	店員	proper	yes	npc
Shop of Distate	厭惡商店	common	no	shop
Shopkeeper	店主	proper	yes	npc
Shopkeeper Kofi	店主 科菲	proper	yes	npc
Short green guy	矮小的綠色傢伙	common	no	item
Short vine	短藤蔓	common	no	item
Shortbow	短弓	common	no	item
Shortbow (u)	短弓 (u)	common	no	item
Shortcut key	快捷鍵	common	no	item
Shorts	短褲	common	no	item
Shrimps	蝦	common	no	item
Shrink-me-quick	Shrink-me-quick 快速縮小劑	common	no	item
Shrinking recipe	Shrinking recipe 縮小食譜	common	no	item
Shrunk ogleroot	Shrunk ogleroot 縮小的 Og 根	common	no	item
Siad	希亞德	proper	yes	namebi
Siamun	Siamun	proper	yes	npc
Sick-looking sheep (1)	看起來生病的綿羊 (1)	proper	yes	npc
Sick-looking sheep (2)	看起來生病的綿羊 (2)	proper	yes	npc
Sick-looking sheep (3)	看起來生病的綿羊 (3)	proper	yes	npc
Sick-looking sheep (4)	看起來生病的綿羊 (4)	proper	yes	npc
Sickle mould	鐮刀模具	common	no	item
Siegfried Erkle	西格弗里德·艾克爾	proper	yes	npc
Sieve	篩子	common	no	item
Sigbert the Adventurer	冒險家西格伯特	proper	yes	npc
Sigli	希格利	proper	yes	namebi
Sigli the Huntsman	獵人 Sigli	proper	yes	npc
Sigmund	西格蒙德	proper	yes	npc
Sigmund The Merchant	商人 Sigmund	proper	yes	npc
Sigmund and Zanik	西格蒙德與扎尼克	proper	yes	npc
Sigmund the Merchant	商人 Sigmund	common	no	shop
Signed oak bow	簽名的橡樹弓	common	no	item
Signed portrait	簽名肖像	common	no	item
Signy	西格妮	proper	yes	npc
Sigurd	西格德	proper	yes	npc
Sil'as Dahcsnu	希拉斯·達克斯努	proper	yes	npc
Silif	希利夫	proper	yes	npc
Silk	絲綢	common	no	item
Silk merchant	絲綢商人	proper	yes	npc
Silk trader	絲綢商人	proper	yes	npc
Silly jester boots	滑稽的小丑靴子	common	no	item
Silly jester hat	滑稽的小丑帽子	common	no	item
Silly jester tights	滑稽的小丑緊身褲	common	no	item
Silly jester top	滑稽的小丑上衣	common	no	item
Silver Cog Director	銀色齒輪總監	proper	yes	npc
Silver Cog Secretary	銀色齒輪秘書	proper	yes	npc
Silver Cog Silver Stall	銀齒輪銀攤	common	no	shop
Silver bar	銀錠	common	no	item
Silver bolts	銀弩箭	common	no	item
Silver bolts (p)	銀弩箭 (p)	common	no	item
Silver bolts (unf)	銀弩箭 (未加工)	common	no	item
Silver bolts(p+)	銀弩箭(p+)	common	no	item
Silver bolts(p++)	銀弩箭(p++)	common	no	item
Silver book	銀色書籍	common	no	item
Silver bottle	銀瓶	common	no	item
Silver cup	銀杯	common	no	item
Silver dust	銀粉	common	no	item
Silver feather	銀羽毛	common	no	item
Silver key black	銀色鑰匙 黑色	common	no	item
Silver key brown	銀色鑰匙 棕色	common	no	item
Silver key crimson	銀色鑰匙 深紅色	common	no	item
Silver key purple	銀色鑰匙 紫色	common	no	item
Silver key red	銀色鑰匙 紅色	common	no	item
Silver merchant	銀商	proper	yes	npc
Silver necklace	銀項鍊	common	no	item
Silver needle	銀針	common	no	item
Silver ore	銀礦	proper	yes	npc
Silver pot	銀罐	common	no	item
Silver sickle	銀鐮刀	common	no	item
Silver sickle emerald(b)	銀鐮刀 祖母綠(b)	common	no	item
Silver sickle(b)	銀鐮刀(b)	common	no	item
Silverlight	銀光	proper	yes	item
Silverware	銀器	common	no	item
Silvthril chain	希爾斯鏈條	common	no	item
Silvthrill rod	Silvthrill 釣竿	common	no	item
Simon	西蒙	proper	yes	npc
Simon Templeton	西蒙·坦普頓	proper	yes	npc
Simon's Wilderness Cape Shop	西蒙的荒野斗篷店	common	no	shop
Simona	西蒙娜	proper	yes	npc
Sin Seer	罪惡先知	proper	yes	npc
Sin seer's note	罪惡先知的便條	common	no	item
Sin'keth's diary	辛凱斯日記	common	no	item
Sinclair	辛克萊	proper	yes	npc
Sinclair Guard dog	Sinclair 守衛犬	proper	yes	npc
Sinco Doar	辛科·多爾	proper	yes	npc
Sinew	筋腱	common	no	item
Sinister Stranger	陰險的陌生人	proper	yes	npc
Sinister key	邪惡鑰匙	common	no	item
Sir Amik Varze	阿米克·瓦澤爵士	proper	yes	npc
Sir Bedivere	貝德維爾爵士	proper	yes	npc
Sir Carl	卡爾爵士	proper	yes	npc
Sir Gawain	高文爵士	proper	yes	npc
Sir Harry	哈利爵士	proper	yes	npc
Sir Jerro	傑羅爵士	proper	yes	npc
Sir Kay	凱爵士	proper	yes	npc
Sir Kuam Ferentse	Kuam Ferentse 爵士	proper	yes	npc
Sir Lancelot	蘭斯洛特爵士	proper	yes	npc
Sir Leye	Leye 爵士	proper	yes	npc
Sir Lucan	盧坎爵士	proper	yes	npc
Sir Mordred	莫德雷德爵士	proper	yes	npc
Sir Palomedes	帕洛梅德爵士	proper	yes	npc
Sir Pelleas	佩利亞斯爵士	proper	yes	npc
Sir Percival	帕西瓦爾爵士	proper	yes	npc
Sir Prysin	普萊辛爵士	proper	yes	npc
Sir Ren Itchood	Ren Itchood 爵士	proper	yes	npc
Sir Renitee	雷尼提爵士	proper	yes	npc
Sir Spishyus	Spishyus 爵士	proper	yes	npc
Sir Tiffy Cashien	Tiffy Cashien 爵士	proper	yes	npc
Sir Tinley	Tinley 爵士	proper	yes	npc
Sir Tristram	特里斯坦爵士	proper	yes	npc
Sir Vant	凡特爵士	proper	yes	npc
Sir Vyvin	薇文爵士	proper	yes	npc
Sir amik varze	阿米克·瓦澤爵士	common	no	item
Sirsal Banker	瑟薩銀行家	proper	yes	npc
Sithaph	西塔芙	proper	yes	npc
Sithik	希提克	proper	yes	namebi
Sithik Ints	西希克·因茨	proper	yes	npc
Sithik portrait	西希克肖像	common	no	item
Skavid	斯卡維德	proper	yes	npc
Skavid map	斯卡維德地圖	common	no	item
Skeletal Wyvern	骷髏飛龍	proper	yes	npc
Skeletal armour set	骸骨護甲套裝	common	no	item
Skeletal boots	骸骨靴子	common	no	item
Skeletal bottoms	骸骨下裝	common	no	item
Skeletal gloves	骸骨手套	common	no	item
Skeletal hand	骸骨之手	proper	yes	npc
Skeletal helm	骸骨頭盔	common	no	item
Skeletal miner	骷髏礦工	proper	yes	npc
Skeletal top	骸骨上衣	common	no	item
Skeletal wyvern	骷髏飛龍	common	no	item
Skeleton	骷髏	proper	yes	npc
Skeleton Champion	骷髏冠軍	proper	yes	npc
Skeleton Hellhound	骷髏地獄犬	proper	yes	npc
Skeleton Mage	骷髏法師	proper	yes	npc
Skeleton boots	骷髏靴子	common	no	item
Skeleton brute	骷髏蠻徒	proper	yes	npc
Skeleton fremennik	骷髏費雷米尼克	proper	yes	npc
Skeleton gloves	骷髏手套	common	no	item
Skeleton guard	骷髏守衛	common	no	item
Skeleton heavy	骷髏重裝兵	proper	yes	npc
Skeleton hero	骷髏英雄	proper	yes	npc
Skeleton leggings	骷髏護腿	common	no	item
Skeleton mage	骷髏法師	proper	yes	npc
Skeleton mask	骷髏面具	common	no	item
Skeleton shirt	骷髏襯衫	common	no	item
Skeleton thug	骷髏暴徒	proper	yes	npc
Skeleton warlord	骷髏軍閥	proper	yes	npc
Sketch	素描	common	no	item
Skewer	串肉籤	common	no	item
Skewer stick	串肉木棍	common	no	item
Skewered beast	串野獸	common	no	item
Skewered bird meat	串鳥肉	common	no	item
Skewered chompy	串燒 Chomp	common	no	item
Skewered rabbit	串燒兔子	common	no	item
Skills necklace	技能項鍊	common	no	item
Skills necklace(1)	技能項鍊(1)	common	no	item
Skills necklace(2)	技能項鍊(2)	common	no	item
Skills necklace(3)	技能項鍊(3)	common	no	item
Skills necklace(4)	技能項鍊(4)	common	no	item
Skippy	Skippy	proper	yes	npc
Skirt	裙子	common	no	item
Skoblin	斯考布林	proper	yes	npc
Skogre	斯考格雷	proper	yes	npc
Skrach	Skrach	common	no	item
Skrach Uglogwee	Skrach Uglogwee	proper	yes	npc
Skraeling	斯克雷林	proper	yes	npc
Skulgrimen	Skulgrimen	proper	yes	npc
Skulgrimen's Battle Gear	Skulgrimen 的戰鬥裝備	common	no	shop
Skuli Myrka	Skuli Myrka	proper	yes	npc
Skull piece	頭骨碎片	common	no	item
Skull sceptre	頭骨權杖	common	no	item
Skull staple	頭骨釘	common	no	item
Skull staples	頭骨釘	common	no	item
Skullball	骷髏球	proper	yes	npc
Skullball Boss	骷髏球首領	proper	yes	npc
Skullball Trainer	骷髏球訓練師	proper	yes	npc
Skydischarge	天空放電	proper	yes	npc
Slagilith	斯拉吉利斯	proper	yes	npc
Slash Bash	揮砍重擊	proper	yes	npc
Slashed book	被割破的書籍	common	no	item
Slave	奴隸	common	no	npc
Slave boots	奴隸靴子	common	no	item
Slave robe	奴隸長袍	common	no	item
Slave shirt	奴隸襯衫	common	no	item
Slayer	獵殺	common	no	glossary
Slayer Equipment	獵殺裝備	common	no	shop
Slayer bell	獵殺鈴	common	no	item
Slayer cape	獵殺斗篷	common	no	item
Slayer cape(t)	獵殺斗篷(t)	common	no	item
Slayer gloves	獵殺手套	common	no	item
Slayer helmet	獵殺頭盔	common	no	item
Slayer helmet (charged)	獵殺頭盔 (充能)	common	no	item
Slayer helmet (e)	獵殺頭盔 (e)	common	no	item
Slayer hood	獵殺兜帽	common	no	item
Slayer respite(m1)	獵殺喘息(m1)	common	no	item
Slayer respite(m2)	獵殺喘息(m2)	common	no	item
Slayer respite(m3)	獵殺喘息(m3)	common	no	item
Slayer respite(m4)	獵殺喘息(m4)	common	no	item
Slayer tome	獵殺之書	common	no	item
Slayer's respite	獵殺者的喘息	common	no	item
Slayer's respite(1)	獵殺者的喘息(1)	common	no	item
Slayer's respite(2)	獵殺者的喘息(2)	common	no	item
Slayer's respite(3)	獵殺者的喘息(3)	common	no	item
Slayer's respite(4)	獵殺者的喘息(4)	common	no	item
Slayer's respite(m)	獵殺者的喘息(m)	common	no	item
Slayer's staff	獵殺法杖	common	no	item
Sled	雪橇	common	no	item
Sleeping Monkey	睡覺的猴子	proper	yes	npc
Sleeping cap	睡帽	common	no	item
Sleeping guard	睡著的守衛	proper	yes	npc
Slender blade	細長的刀刃	common	no	item
Slice of cake	一片蛋糕	common	no	item
Sliced banana	切片香蕉	common	no	item
Sliced mushrooms	切片蘑菇	common	no	item
Sliced red banana	切片紅香蕉	common	no	item
Sliceoflemon	一片檸檬	proper	yes	npc
Slim Louie	瘦子 Louie	proper	yes	npc
Slime spray scroll	黏液噴射卷軸	common	no	item
Slimy eel	黏糊糊的鰻魚	common	no	item
Sloane	斯隆	proper	yes	npc
Slop of compromise	妥協的稀粥	common	no	item
Slug Hemligssen	Slug Hemligssen	proper	yes	npc
Slug Prince	蛞蝓王子	proper	yes	npc
Sluglings	蛞蝓怪	common	no	item
Small Lizard	小型蜥蜴	proper	yes	npc
Small box hedge	小型箱型樹籬	common	no	item
Small cog	小型齒輪	common	no	item
Small crystal seed	小型水晶種子	common	no	item
Small fishing net	小型釣魚網	common	no	item
Small monolith	小型單體石柱	proper	yes	npc
Small ninja monkey	小忍者猴子	proper	yes	npc
Small orrery	小型天文儀	common	no	item
Small pouch	小型小袋	common	no	item
Small zombie monkey	小型殭屍猴子	proper	yes	npc
Smashed bottle	粉碎的瓶子	common	no	item
Smashed glass	粉碎的玻璃	common	no	item
Smelly crate	臭氣熏天的木箱	common	no	item
Smellytoes	臭腳趾	proper	yes	npc
Smelting Tutor	熔煉導師	proper	yes	npc
Smiddi Ryak	Smiddi Ryak	proper	yes	npc
Smith	史密斯	proper	yes	npc
Smithing	鍛造	common	no	glossary
Smithing Smiths Shop	史密斯的鍛造舖	common	no	shop
Smithing Tutor	鍛造導師	proper	yes	npc
Smithing cape	鍛造斗篷	common	no	item
Smithing cape(t)	鍛造斗篷(t)	common	no	item
Smithing hood	鍛造兜帽	common	no	item
Smoke devil	煙霧魔鬼	proper	yes	npc
Smoke devil pouch	煙霧魔鬼小袋	common	no	item
Smoke diamond	煙霧鑽石	common	no	item
Smoke rune	煙霧符文	common	no	item
Smokedevil	煙魔	proper	yes	npc
Smokin' Joe	冒煙的喬	proper	yes	npc
Smoking Kills	吸菸有害健康	proper	yes	quest
Smouldering fever grass	燃燒的發燒草	common	no	item
Smouldering lavender	燃燒的薰衣草	common	no	item
Smouldering pot	冒煙的鍋子	common	no	item
Smouldering tansymum	燃燒的艾草	common	no	item
Snail	蝸牛	proper	yes	npc
Snail display	蝸牛展示	proper	yes	npc
Snail shell	蝸牛殼	common	no	item
Snailfeet	蝸牛腳	proper	yes	npc
Snailfeet's bone	蝸牛腳的骨頭	common	no	item
Snake	蛇	proper	yes	npc
Snake basket	蛇籃	common	no	item
Snake basket full	蛇籃已滿	common	no	item
Snake charm	蛇護身符	common	no	item
Snake corpse	蛇屍體	common	no	item
Snake hide	蛇 皮	common	no	item
Snake spine	蛇脊椎	common	no	item
Snakeskin	蛇皮	common	no	item
Snakeskin bandana	蛇皮頭巾	common	no	item
Snakeskin bandana (charged)	蛇皮頭巾 (充能)	common	no	item
Snakeskin bandana (e)	蛇皮頭巾 (e)	common	no	item
Snakeskin body	蛇皮衣	common	no	item
Snakeskin boots	蛇皮靴子	common	no	item
Snakeskin chaps	蛇皮護腿	common	no	item
Snakeskin v'brace	蛇皮背心	common	no	item
Snakeweed mixture	蛇草混合物	common	no	item
Snapdragon potion(unf)	金車前草藥水(未製成)	common	no	item
Snapdragon seed	金魚草種子	common	no	item
Snape grass	Snape 草	common	no	item
Snarrk	Snarrk	proper	yes	npc
Snarrl	Snarrl	proper	yes	npc
Snert	Snert	proper	yes	npc
Snothead	鼻涕頭部	proper	yes	npc
Snothead's bone	鼻涕頭部的骨頭	common	no	item
Snow	雪	proper	yes	npc
Snow globe	雪地球儀	common	no	item
Snow imp	雪小惡魔	proper	yes	npc
Snow mage	雪法師	proper	yes	npc
Snow ranger	雪遊俠	proper	yes	npc
Snowball	雪球	common	no	item
Snowdrop seed	雪滴花種子	common	no	item
Snowman	雪人	proper	yes	npc
Snowman top hat	雪人高帽	common	no	item
Snowy	雪白的	proper	yes	npc
Snowy knight	雪地騎士	proper	yes	npc
Snurgh	Snurgh	proper	yes	npc
Soaked kindling	浸濕的引火物	common	no	item
Soap (level 70 approx.)	肥皂 (約等級 70)	common	no	item
Soda ash	蘇打灰燼	common	no	item
Sodium chloride	氯化鈉	common	no	item
Sofiya	索菲亞	proper	yes	npc
Soft clay	軟黏土	common	no	item
Soggy bread	濕軟的麵包	common	no	item
Soldier	士兵	common	no	npc
Sole	鞋底	common	no	item
Solihib	索利希布	proper	yes	npc
Solihib's Consumables Stall	索利希布的消耗品攤位	common	no	shop
Solltalk	Solltalk	proper	yes	npc
Solus Dellagar	Solus Dellagar	proper	yes	npc
Solus's hat	Solus 的帽子	common	no	item
Sophanem	索法內姆	proper	yes	namebi
Sophanem guard	Sophanem 守衛	proper	yes	npc
Sorceress	女術士	proper	yes	npc
Sorcha	索查	proper	yes	npc
Sorebones	痛骨頭	proper	yes	npc
Sorin	Sorin	proper	yes	npc
Sorrn	索恩	proper	yes	npc
Souchong	蘇種	proper	yes	npc
Soul rune	靈魂符文	common	no	item
Soul talisman	靈魂護身符	common	no	item
Soul tiara	靈魂冠冕	common	no	item
Souless	無魂者	proper	yes	npc
Sp. cockatrice pouch	特殊科卡特里士小袋	common	no	item
Sp. coraxatrice pouch	特殊科拉克特里士小袋	common	no	item
Sp. guthatrice pouch	特殊古哈特里士小袋	common	no	item
Sp. pengatrice pouch	特殊彭加特里士小袋	common	no	item
Sp. saratrice pouch	特殊薩拉特里士小袋	common	no	item
Sp. vulatrice pouch	特殊武拉特里士小袋	common	no	item
Sp. zamatrice pouch	特殊扎馬特里士小袋	common	no	item
Spacebadgers	太空獾	proper	yes	npc
Spade	鏟子	common	no	item
Spade handle	鏟子手柄	common	no	item
Spade head	鏟子頭部	common	no	item
Spadeful of coke	一鏟子可樂	common	no	item
Spades (level 50 approx.)	鏟子 (約等級 50)	common	no	item
Spang	斯潘格	proper	yes	npc
Spanner	活動扳手	common	no	item
Spare controls	備用控制裝置	common	no	item
Spatula	刮刀	common	no	item
Special cup	特製杯子	common	no	item
Specimen brush	標本刷	common	no	item
Specimen jar	標本罐	common	no	item
Spectator	旁觀者	proper	yes	npc
Spectral Vyrewatch	幽靈 Vyrewatch	proper	yes	npc
Spectral sigil	幽靈符印	common	no	item
Spectral spirit shield	幽靈靈魂盾牌	common	no	item
Speedy Keith	神速凱斯	proper	yes	npc
Spell scroll	咒語卷軸	common	no	item
Sphinx	斯芬克斯	proper	yes	npc
Sphinx's token	斯芬克斯令牌	common	no	item
Spice	香料	common	no	item
Spice seller	香料商	proper	yes	npc
Spicy crunchies	香辣脆餅	common	no	item
Spicy maggots	辛辣蛆蟲	common	no	item
Spicy minced meat	辛辣肉末	common	no	item
Spicy sauce	辣醬	common	no	item
Spicy stew	香辣燉菜	common	no	item
Spicy toad's legs	香辣蟾蜍腿	common	no	item
Spicy tomato	辛辣番茄	common	no	item
Spicy worm	香料蠕蟲	common	no	item
Spider	蜘蛛	proper	yes	npc
Spider carcass	蜘蛛 屍體	common	no	item
Spider on shaft	柄上的蜘蛛	common	no	item
Spider on stick	木棍上的蜘蛛	common	no	item
Spidine	斯皮丁	proper	yes	npc
Spike shot scroll	尖刺射擊卷軸	common	no	item
Spiked boots	釘刺靴子	common	no	item
Spiked helmet	尖刺頭盔	common	no	item
Spiked/pois. egg	有刺/有毒素的蛋	common	no	item
Spiky vambraces	尖刺護腕	common	no	item
Spin Blades	旋轉刀刃	proper	yes	npc
Spinach roll	菠菜捲	common	no	item
Spined armour set	脊椎護甲套裝	common	no	item
Spined body	棘刺護身甲	common	no	item
Spined boots	棘刺靴子	common	no	item
Spined chaps	棘刺馬褲	common	no	item
Spined gloves	棘刺手套	common	no	item
Spined helm	棘刺頭盔	common	no	item
Spined larupia	有刺的拉魯皮亞	proper	yes	npc
Spinner	紡織者	proper	yes	npc
Spinner charm	紡織者護符	common	no	item
Spinning plate	旋轉盤	common	no	item
Spinolyp	斯皮諾利普	proper	yes	npc
Spiny helmet	棘刺頭盔	common	no	item
Spirit	靈魂	proper	yes	npc
Spirit Beast	靈魂獸	proper	yes	npc
Spirit Tz-Kih	靈魂茲-基	proper	yes	npc
Spirit cobra	靈魂眼鏡蛇	proper	yes	npc
Spirit cobra pouch	靈魂眼鏡蛇袋	common	no	item
Spirit cockatrice	靈魂科卡特里士	proper	yes	npc
Spirit coraxatrice	靈魂科拉克斯特里士	proper	yes	npc
Spirit dagannoth	靈魂達加諾斯	proper	yes	npc
Spirit dagannoth pouch	靈魂達加諾斯袋	common	no	item
Spirit graahk	靈魂格拉克	proper	yes	npc
Spirit graahk pouch	靈魂格拉克袋子	common	no	item
Spirit guthatrice	靈魂古薩特里士	proper	yes	npc
Spirit jelly	靈魂凝膠怪	proper	yes	npc
Spirit jelly pouch	靈魂凝膠怪袋	common	no	item
Spirit kalphite	靈魂卡爾法特	proper	yes	npc
Spirit kalphite pouch	靈魂卡爾法特袋	common	no	item
Spirit kyatt	靈魂凱特	proper	yes	npc
Spirit kyatt pouch	靈魂凱特袋子	common	no	item
Spirit larupia	靈魂拉魯皮亞	proper	yes	npc
Spirit larupia pouch	靈魂拉魯皮亞袋子	common	no	item
Spirit mosquito	靈魂蚊子	proper	yes	npc
Spirit mosquito pouch	靈魂蚊子袋子	common	no	item
Spirit of Scorpius	斯考皮烏斯之靈	proper	yes	npc
Spirit of Summer	夏日靈魂	proper	yes	quest
Spirit of Zadimus	扎迪姆斯之靈	proper	yes	npc
Spirit pengatrice	靈魂彭加特里士	proper	yes	npc
Spirit roots	靈魂根	common	no	item
Spirit sapling	靈魂小樹	common	no	item
Spirit saratrice	靈魂薩拉特里士	proper	yes	npc
Spirit scorpion	靈魂蠍子	proper	yes	npc
Spirit scorpion pouch	靈魂蠍子袋	common	no	item
Spirit seed	靈魂種子	common	no	item
Spirit seedling	靈魂幼苗	common	no	item
Spirit shards	靈魂碎片	common	no	item
Spirit shield	靈魂盾牌	common	no	item
Spirit spider	靈魂蜘蛛	proper	yes	npc
Spirit spider pouch	靈魂蜘蛛袋	common	no	item
Spirit terrorbird	靈魂恐怖鳥	proper	yes	npc
Spirit terrorbird pouch	靈魂恐怖鳥袋	common	no	item
Spirit tree	靈魂樹木	proper	yes	npc
Spirit tz-kih pouch	靈魂茲-基袋子	common	no	item
Spirit vulatrice	靈魂武拉特里士	proper	yes	npc
Spirit weed potion(unf)	靈魂草藥水(未製成)	common	no	item
Spirit weed seed	靈魂草種子	common	no	item
Spirit wolf	靈魂狼	proper	yes	npc
Spirit wolf pouch	靈魂狼袋	common	no	item
Spirit zamatrice	靈魂扎馬特里士	proper	yes	npc
Spirits of the Elid	艾利德的靈魂	proper	yes	quest
Spiritual mage	靈性法師	proper	yes	npc
Spiritual ranger	靈性遊俠	proper	yes	npc
Spiritual warrior	靈性戰士	proper	yes	npc
Spit goblin	噴吐哥布林	proper	yes	npc
Splat	濺痕	common	no	item
Splatter	斯普萊特	proper	yes	npc
Split log	分割原木	common	no	item
Splitbark armour set	裂樹皮甲套裝	common	no	item
Splitbark body	裂樹皮胸甲	common	no	item
Splitbark boots	裂樹皮靴子	common	no	item
Splitbark gauntlets	裂樹皮手套	common	no	item
Splitbark helm	裂樹皮頭盔	common	no	item
Splitbark helm (charged)	裂樹皮頭盔 (充能)	common	no	item
Splitbark helm (e)	裂樹皮頭盔 (e)	common	no	item
Splitbark legs	裂樹皮護腿	common	no	item
Spork	叉匙	common	no	item
Spotted cape	斑點斗篷	common	no	item
Spotted kebbit	斑點克比特	proper	yes	npc
Spotted kebbit fur	斑點克比特皮毛	common	no	item
Spottier cape	更斑點的斗篷	common	no	item
Spria	斯普里亞	proper	yes	npc
Spring Elemental	春季元素	proper	yes	npc
Spring sq'irk	春季 Sq'irk	common	no	item
Spring sq'irkjuice	春季 Sq'irk 果汁	common	no	item
Spy notebook	間諜便條簿	common	no	item
Square sandwich	方形三明治	common	no	item
Square stone	方形岩石	common	no	item
Squire	侍從	proper	yes	npc
Squire (Intermediate)	侍從 (中級)	proper	yes	npc
Squire (Novice)	侍從 (新手)	proper	yes	npc
Squire (Veteran)	侍從 (資深)	proper	yes	npc
Squire Asgarnia	侍從阿斯加尼亞	proper	yes	namebi
Squire Fyre	侍從 Fyre	proper	yes	npc
Squirrel	松鼠	proper	yes	npc
Staff	法杖	common	no	item
Staff (class 1)	法杖 (等級 1)	common	no	item
Staff (class 2)	法杖 (等級 2)	common	no	item
Staff (class 3)	法杖 (等級 3)	common	no	item
Staff (class 4)	法杖 (等級 4)	common	no	item
Staff (class 5)	法杖 (等級 5)	common	no	item
Staff Shop	法杖店	common	no	shop
Staff of air	風元素法杖	common	no	item
Staff of armadyl	阿瑪迪爾法杖	common	no	item
Staff of earth	土元素法杖	common	no	item
Staff of fire	火元素法杖	common	no	item
Staff of the raven	渡鴉法杖	common	no	item
Staff of water	水元素法杖	common	no	item
Stag	公鹿	proper	yes	npc
Stake	木樁	common	no	item
Stanford	史丹福	proper	yes	npc
Stankers	史坦克	proper	yes	npc
Star amulet	星星護身符	common	no	item
Star bauble	星辰飾品	common	no	item
Star flower	星花	common	no	item
Star sprite	星光精靈	proper	yes	npc
Stardust	星塵	common	no	item
Starflower	星花	proper	yes	npc
Starlight	星光	proper	yes	npc
Statius' full helm (deg)	史泰修斯全罩式頭盔 (降階)	common	no	item
Statius' warhammer (deg)	史泰修斯戰鎚 (降階)	common	no	item
Statius's full helm	史泰修斯全罩式頭盔	common	no	item
Statius's platebody	史泰修斯板甲	common	no	item
Statius's platebody (deg)	史泰修斯板甲 (降階)	common	no	item
Statius's platelegs	史泰修斯板甲腿部	common	no	item
Statius's platelegs (deg)	史泰修斯板甲腿部 (降階)	common	no	item
Statius's warhammer	史泰修斯戰鎚	common	no	item
Stealing Creation team	竊取創造團隊	proper	yes	npc
Steallake	Steallake	proper	yes	npc
Steam battlestaff	蒸汽戰鬥法杖	common	no	item
Steam rune	蒸汽符文	common	no	item
Steel	鋼	common	no	material
Steel 2h sword	鋼雙手劍	common	no	item
Steel armour set (l)	精鋼套裝 (l)	common	no	item
Steel armour set (sk)	精鋼套裝 (sk)	common	no	item
Steel arrow	鋼箭	common	no	item
Steel arrow(p)	鋼箭(p)	common	no	item
Steel arrow(p+)	鋼箭(p+)	common	no	item
Steel arrow(p++)	鋼箭(p++)	common	no	item
Steel arrowtips	鋼箭頭	common	no	item
Steel axe	精鋼斧	common	no	item
Steel bar	鋼錠	common	no	item
Steel battleaxe	鋼戰斧	common	no	item
Steel bolts	鋼弩箭	common	no	item
Steel bolts (p)	鋼弩箭 (p)	common	no	item
Steel bolts (unf)	鋼弩箭 (未加工)	common	no	item
Steel bolts(p+)	鋼弩箭(p+)	common	no	item
Steel bolts(p++)	鋼弩箭(p++)	common	no	item
Steel boots	鋼靴子	common	no	item
Steel brutal	鋼製野蠻人	common	no	item
Steel bull rush scroll	精鋼公牛衝撞卷軸	common	no	item
Steel c'bow (u)	精鋼小型弩 (u)	common	no	item
Steel chainbody	精鋼鎖甲	common	no	item
Steel claws	精鋼爪	common	no	item
Steel crossbow	精鋼十字弩	common	no	item
Steel dagger	鋼匕首	common	no	item
Steel dagger(p)	鋼匕首(p)	common	no	item
Steel dagger(p+)	鋼匕首(p+)	common	no	item
Steel dagger(p++)	鋼匕首(p++)	common	no	item
Steel dart	鋼飛鏢	common	no	item
Steel dart tip	鋼飛鏢尖端	common	no	item
Steel dart(p)	鋼飛鏢(p)	common	no	item
Steel dart(p+)	鋼飛鏢(p+)	common	no	item
Steel dart(p++)	鋼飛鏢(p++)	common	no	item
Steel defender	鋼製防禦者	common	no	item
Steel dragon	鋼龍	proper	yes	npc
Steel fire arrows	鋼製火箭矢	common	no	item
Steel full helm	精鋼全罩頭盔	common	no	item
Steel gauntlets	精鋼手套	common	no	item
Steel halberd	鋼戟	common	no	item
Steel hasta	鋼長矛	common	no	item
Steel hasta(kp)	鋼長矛(kp)	common	no	item
Steel hasta(p)	鋼長矛(p)	common	no	item
Steel hasta(p+)	鋼長矛(p+)	common	no	item
Steel hasta(p++)	鋼長矛(p++)	common	no	item
Steel heraldic helm	鋼製紋章頭盔	common	no	item
Steel javelin	鋼標槍	common	no	item
Steel javelin(p)	鋼標槍(p)	common	no	item
Steel javelin(p+)	鋼標槍(p+)	common	no	item
Steel javelin(p++)	鋼標槍(p++)	common	no	item
Steel key black	鋼鐵鑰匙 黑色	common	no	item
Steel key brown	鋼鐵鑰匙 棕色	common	no	item
Steel key crimson	鋼鐵鑰匙 深紅色	common	no	item
Steel key purple	鋼鐵鑰匙 紫色	common	no	item
Steel key red	鋼鐵鑰匙 紅色	common	no	item
Steel key ring	鋼製鑰匙圈	common	no	item
Steel kiteshield	精鋼鳶盾	common	no	item
Steel knife	鋼小刀	common	no	item
Steel knife(p)	鋼小刀(p)	common	no	item
Steel knife(p+)	鋼小刀(p+)	common	no	item
Steel knife(p++)	鋼小刀(p++)	common	no	item
Steel limbs	精鋼弓肢	common	no	item
Steel longsword	鋼長劍	common	no	item
Steel mace	鋼釘頭錘	common	no	item
Steel med helm	鋼鐵中型頭盔	common	no	item
Steel minotaur	精鋼米諾陶洛	proper	yes	npc
Steel minotaur pouch	精鋼米諾陶洛小袋	common	no	item
Steel nails	鋼釘	common	no	item
Steel of legends scroll	傳奇鋼鐵卷軸	common	no	item
Steel pick head	精鋼鎬頭部	common	no	item
Steel pickaxe	精鋼鎬	common	no	item
Steel platebody	鋼鐵胸甲	common	no	item
Steel platelegs	鋼製護腿	common	no	item
Steel plateskirt	精鋼裙甲	common	no	item
Steel scimitar	精鋼彎刀	common	no	item
Steel spear	精鋼長矛	common	no	item
Steel spear(kp)	精鋼長矛(kp)	common	no	item
Steel spear(p)	精鋼長矛(p)	common	no	item
Steel spear(p+)	精鋼長矛(p+)	common	no	item
Steel spear(p++)	精鋼長矛(p++)	common	no	item
Steel sq shield	精鋼方盾	common	no	item
Steel studs	鋼釘	common	no	item
Steel sword	鋼劍	common	no	item
Steel thrownaxe	鋼投擲斧	common	no	item
Steel titan	鋼鐵泰坦	proper	yes	npc
Steel titan pouch	鋼鐵泰坦袋子	common	no	item
Steel warhammer	精鋼戰鎚	common	no	item
Stele	石碑	proper	yes	npc
Stethoscope	聽診器	common	no	item
Stew	燉菜	common	no	item
Stick	木棍	proper	yes	npc
Sticky red goop	黏稠的紅色黏液	common	no	item
Stinkbloom	臭花	common	no	item
Stodgy mattress	厚實的床墊	common	no	item
Stone ball	石球	common	no	item
Stone block	石塊	proper	yes	npc
Stone bowl	石碗	common	no	item
Stone left arm	石頭左臂	common	no	item
Stone left leg	石頭左腿	common	no	item
Stone of power	力量之石	common	no	item
Stone right arm	石頭右臂	common	no	item
Stone right leg	石頭右腿	common	no	item
Stone scarab	石頭聖甲蟲	common	no	item
Stone seal	石頭印章	common	no	item
Stone slab	石板	common	no	item
Stone statuette	石頭小雕像	common	no	item
Stone tablet	石板	common	no	item
Stone-plaque	石牌	common	no	item
Stonemason	石匠	proper	yes	npc
Stones	石頭	common	no	item
Stony shell scroll	石殼卷軸	common	no	item
Stool	凳子	common	no	item
Stopthief	阻止小偷	proper	yes	npc
Storeroom key	儲藏室鑰匙	common	no	item
Storm Cloud	風暴雲	proper	yes	npc
Storm cloud	風暴雲	proper	yes	npc
Straight wig	直髮假髮	common	no	item
Strange Old Man	奇怪的老男人	proper	yes	npc
Strange Plant	奇異植物	proper	yes	npc
Strange book	神祕書籍	common	no	item
Strange box	神祕的箱子	common	no	item
Strange fruit	神祕水果	common	no	item
Strange implement	奇特的工具	common	no	item
Strange key loop	奇特的鑰匙環	common	no	item
Strange key teeth	奇特的鑰匙齒	common	no	item
Strange object	神祕物品	common	no	item
Strange potion	神祕藥水	common	no	item
Strange skull	怪異的頭骨	common	no	item
Strange teleorb	神祕的傳送球體	common	no	item
Strange watcher	奇怪的觀察者	proper	yes	npc
Stranger	陌生人	proper	yes	npc
Stranger plant	陌生人植物	proper	yes	npc
Stranger plant pouch	陌生人植物袋	common	no	item
Straven	史特拉文	proper	yes	npc
Strawberries(1)	草莓(1)	common	no	item
Strawberries(2)	草莓(2)	common	no	item
Strawberries(3)	草莓(3)	common	no	item
Strawberries(4)	草莓(4)	common	no	item
Strawberries(5)	草莓(5)	common	no	item
Strawberry	草莓	common	no	item
Strawberry seed	草莓種子	common	no	item
Stray dog	流浪狗	proper	yes	npc
Street urchin	街頭流浪兒	proper	yes	npc
Strength	力量	common	no	glossary
Strength amulet(t)	力量護身符(t)	common	no	item
Strength cape	力量斗篷	common	no	item
Strength cape(t)	力量斗篷(t)	common	no	item
Strength hood	力量兜帽	common	no	item
Strength mix(1)	力量混合(1)	common	no	item
Strength mix(2)	力量混合(2)	common	no	item
Strength potion(1)	力量藥水(1)	common	no	item
Strength potion(2)	力量藥水(2)	common	no	item
Strength potion(3)	力量藥水(3)	common	no	item
Strength potion(4)	力量藥水(4)	common	no	item
Stress Diva	壓力天后	proper	yes	npc
Stretched hide	拉伸皮革	common	no	item
Strip of cloth	布條	common	no	item
Stripy feather	有條紋的羽毛	common	no	item
Stripy pirate shirt	條紋海盜襯衫	common	no	item
Strisath	斯特里薩斯	proper	yes	npc
Strongbones	強壯骨頭	proper	yes	npc
Strongbones's bone	強壯骨頭的骨頭	common	no	item
Stronghold notes	要塞筆記	common	no	item
Strongroom key	保險室鑰匙	common	no	item
Strung rabbit foot	繫著線的兔子腳	common	no	item
Stubthumb	Stubthumb	proper	yes	npc
Studded body	鉚釘胸甲	common	no	item
Studded body (g)	鉚釘胸甲 (g)	common	no	item
Studded body (t)	鉚釘胸甲 (t)	common	no	item
Studded chaps	鉚釘護腿	common	no	item
Studded chaps (g)	鉚釘護腿 (g)	common	no	item
Studded chaps (t)	鉚釘護腿 (t)	common	no	item
Student	學生	proper	yes	npc
Stuffed monkey	填充猴子	common	no	item
Stuffed snake	填充蛇	common	no	item
Stuffstuffer	填充物填充者	proper	yes	npc
Sturdy boots	堅固的靴子	common	no	item
Styrmir	Styrmir	proper	yes	npc
Sue Spammers	Sue 垃圾訊息發送者	proper	yes	npc
Suit of armour	一套盔甲	proper	yes	npc
Sulphur	硫磺	common	no	item
Sulphuric broline	硫磺溴林	common	no	item
Summer Bonde	薩默·邦德	proper	yes	npc
Summer Elemental	夏季元素	proper	yes	npc
Summer pie	夏季派	common	no	item
Summer sq'irk	夏季 Sq'irk	common	no	item
Summer sq'irkjuice	夏季 Sq'irk 果汁	common	no	item
Summer's End	夏之終結	proper	yes	quest
Summoned Zombie	召喚殭屍	proper	yes	npc
Summoning	召喚	common	no	glossary
Summoning cape	召喚斗篷	common	no	item
Summoning cape(t)	召喚斗篷(t)	common	no	item
Summoning hood	召喚兜帽	common	no	item
Summoning potion(1)	召喚藥水(1)	common	no	item
Summoning potion(2)	召喚藥水(2)	common	no	item
Summoning potion(3)	召喚藥水(3)	common	no	item
Summoning potion(4)	召喚藥水(4)	common	no	item
Summoning potion(5)	召喚藥水 (5)	common	no	item
Sumona	蘇夢娜	proper	yes	npc
Sune	蘇妮	proper	yes	npc
Super antipoison(1)	超級解毒劑(1)	common	no	item
Super antipoison(2)	超級解毒劑(2)	common	no	item
Super antipoison(3)	超級解毒劑(3)	common	no	item
Super antipoison(4)	超級解毒藥水(4)	common	no	item
Super attack(1)	超級攻擊(1)	common	no	item
Super attack(2)	超級攻擊(2)	common	no	item
Super attack(3)	超級攻擊(3)	common	no	item
Super attack(4)	超級攻擊藥水(4)	common	no	item
Super attack(5)	超級攻擊 (5)	common	no	item
Super defence mix(1)	超級防禦混合(1)	common	no	item
Super defence mix(2)	超級防禦混合(2)	common	no	item
Super defence(1)	超級防禦(1)	common	no	item
Super defence(2)	超級防禦(2)	common	no	item
Super defence(3)	超級防禦(3)	common	no	item
Super defence(4)	超級防禦藥水(4)	common	no	item
Super energy mix(1)	超級能量混合(1)	common	no	item
Super energy mix(2)	超級能量混合(2)	common	no	item
Super energy(1)	超級能量(1)	common	no	item
Super energy(2)	超級能量(2)	common	no	item
Super energy(3)	超級能量(3)	common	no	item
Super energy(4)	超級能量(4)	common	no	item
Super fishing explosive	超級釣魚炸藥	common	no	item
Super kebab	超級烤肉串	common	no	item
Super restore mix(1)	超級恢復混合(1)	common	no	item
Super restore mix(2)	超級恢復混合(2)	common	no	item
Super restore(1)	超級恢復(1)	common	no	item
Super restore(2)	超級恢復(2)	common	no	item
Super restore(3)	超級恢復(3)	common	no	item
Super restore(4)	超級恢復(4)	common	no	item
Super strength mix(1)	超級力量混合(1)	common	no	item
Super strength mix(2)	超級力量混合(2)	common	no	item
Super strength(1)	超級力量(1)	common	no	item
Super strength(2)	超級力量(2)	common	no	item
Super strength(3)	超級力量(3)	common	no	item
Super strength(4)	超級力量藥水(4)	common	no	item
Super strength(5)	超級力量 (5)	common	no	item
Super truth serum	超級真實藥水	common	no	item
Superattack mix(1)	超級攻擊混合(1)	common	no	item
Superattack mix(2)	超級攻擊混合(2)	common	no	item
Supercompost	超級堆肥	common	no	item
Supreme Commander	最高指揮官	proper	yes	npc
Suqah	蘇卡	proper	yes	npc
Suqah hide	蘇卡皮毛	common	no	item
Suqah leather	蘇卡皮革	common	no	item
Suqah tooth	蘇卡牙齒	common	no	item
Surgeon General Tafani	總外科醫生塔法尼	proper	yes	npc
Surok	蘇洛克	proper	yes	namebi
Surok Magis	蘇洛克·馬吉斯	proper	yes	npc
Surok's letter	蘇羅克的信件	common	no	item
Survival Expert	生存專家	proper	yes	namebi
Survival expert	生存專家	proper	yes	npc
Suspect	嫌疑犯	proper	yes	npc
Suspect sketch	嫌疑犯素描	common	no	item
Suspicious outsider	可疑的外來者	proper	yes	npc
Suspicious water	可疑的水	proper	yes	npc
Sven's last map	Sven 的最後一張地圖	common	no	item
Svetlana	斯維特拉娜	proper	yes	npc
Svidi	斯維迪	proper	yes	npc
Swallow whole scroll	整吞卷軸	common	no	item
Swamp lizard	沼澤蜥蜴	proper	yes	npc
Swamp paste	沼澤糊	common	no	item
Swamp plague scroll	沼澤瘟疫卷軸	common	no	item
Swamp snake	沼澤蛇	proper	yes	npc
Swamp tar	沼澤焦油	common	no	item
Swamp titan	沼澤泰坦	proper	yes	npc
Swamp titan pouch	沼澤泰坦袋子	common	no	item
Swamp toad	沼澤蟾蜍	proper	yes	npc
Swamp weed	沼澤草	common	no	item
Swan	天鵝	proper	yes	npc
Swan Song	天鵝之歌	proper	yes	quest
Swarm	集群	proper	yes	npc
Swarming turoth	集群圖羅斯	proper	yes	npc
Sweeper	清掃員	proper	yes	npc
Sweetcorn	甜玉米	common	no	item
Sweetcorn seed	玉米種子	common	no	item
Sweetgrubs	甜蟲	common	no	item
Swensen the Navigator	領航員 Swensen	proper	yes	npc
Swept Away	捲走	proper	yes	quest
Sword fragment	劍碎片	common	no	item
Sword pommel	劍首	common	no	item
Swordchick	劍雞	proper	yes	npc
Swordfish	劍魚	common	no	item
Swordfish gloves	劍魚 手套	common	no	item
Sylas	賽拉斯	proper	yes	npc
Symptoms list	症狀清單	common	no	item
Tacks	大頭釘	common	no	item
Tai Bwo Wannai	泰博瓦納伊	proper	yes	namebi
Tai Bwo Wannai Trio	泰博瓦納伊三人組	proper	yes	quest
Take	拿取	common	no	glossary
Talk-to	交談	common	no	glossary
Tall box hedge	高樹籬	common	no	item
Tall fancy hedge	高大的精緻樹籬	common	no	item
Talon beast	利爪野獸	proper	yes	npc
Talon beast charm	利爪野獸護符	common	no	item
Talon beast pouch	利爪野獸袋子	common	no	item
Tamayu	塔瑪尤	proper	yes	npc
Tamayu's Spear Stall	塔瑪尤的長矛攤位	common	no	shop
Tamble	塔姆布爾	proper	yes	npc
Tambourine	鈴鼓	common	no	item
Tan cavalier	淺褐色騎士帽	common	no	item
Tangled toads' legs	纏繞的蟾蜍腿	common	no	item
Tanglefoot	坦格爾富特	proper	yes	npc
Tankard	大啤酒杯	common	no	item
Tanner	坦納	proper	yes	npc
Tansymum	艾草	common	no	item
Tanya	塔尼亞	proper	yes	npc
Taper	細蠟燭	proper	yes	npc
Target	目標	proper	yes	npc
Taria	塔莉亞	proper	yes	npc
Tarik	塔里克	proper	yes	npc
Tarn	塔恩	proper	yes	npc
Tarn's diary	塔恩的日記	common	no	item
Tarnished key	鏽蝕的鑰匙	common	no	item
Tarquin	塔昆	proper	yes	npc
Tarromin potion(unf)	塔羅明藥水(未製成)	common	no	item
Tarromin seed	Tarromin 種子	common	no	item
Tarromin tar	Tarromin 塔	common	no	item
Task list	任務清單	common	no	item
Tassie Slipcast	塔西·斯利普卡斯特	proper	yes	npc
Tati	塔蒂	proper	yes	npc
Tattered eye patch	破爛的眼罩	common	no	item
Tattered scroll	破舊的卷軸	common	no	item
Tatty graahk fur	破舊的格拉克皮毛	common	no	item
Tatty kyatt fur	破舊的卡特皮毛	common	no	item
Tatty larupia fur	破舊的拉魯皮亞皮毛	common	no	item
Taverley	塔弗利	proper	yes	namebi
Taverly	塔弗利	proper	yes	namebi
Taxidermist	動物標本製作師	proper	yes	npc
Tchiki monkey nuts	Tchiki 猴子堅果	common	no	item
Tchiki nut paste	Tchiki 堅果黏合劑	common	no	item
Tea Shop	茶葉店	common	no	shop
Tea flask	茶水瓶	common	no	item
Tea leaves	茶葉子	common	no	item
Tea seller	賣茶人	proper	yes	npc
Teacher	老師	proper	yes	npc
Teacher and pupil	老師與學生	proper	yes	npc
Teacher wand	老師魔杖	common	no	item
Teak	柚木	proper	yes	npc
Teak armchair	柚木扶手椅	common	no	item
Teak armour case	柚木護甲盒	common	no	item
Teak bed	柚木床	common	no	item
Teak cape rack	柚木斗篷架	common	no	item
Teak clock	柚木時鐘	common	no	item
Teak costume box	柚木服裝箱	common	no	item
Teak demon lectern	柚木惡魔講台	common	no	item
Teak dining bench	柚木餐用長凳	common	no	item
Teak drawers	柚木抽屜櫃	common	no	item
Teak dresser	柚木梳妝台	common	no	item
Teak eagle lectern	柚木老鷹講台	common	no	item
Teak kitchen table	柚木廚房桌	common	no	item
Teak logs	柚木原木	common	no	item
Teak magic wardrobe	柚木魔法衣櫥	common	no	item
Teak plank	柚木木板	common	no	item
Teak pyre logs	柚木柴堆原木	common	no	item
Teak stock	柚木庫存	common	no	item
Teak table	柚木桌	common	no	item
Teak telescope	柚木望遠鏡	common	no	item
Teak toy box	柚木玩具箱	common	no	item
Teak treas' chest	柚木寶藏箱	common	no	item
Teak wardrobe	柚木衣櫥	common	no	item
Team-1 cape	Team-1 斗篷	common	no	item
Team-10 cape	Team-10 斗篷	common	no	item
Team-11 cape	Team-11 斗篷	common	no	item
Team-12 cape	Team-12 斗篷	common	no	item
Team-13 cape	Team-13 斗篷	common	no	item
Team-14 cape	Team-14 斗篷	common	no	item
Team-15 cape	Team-15 斗篷	common	no	item
Team-16 cape	Team-16 斗篷	common	no	item
Team-17 cape	Team-17 斗篷	common	no	item
Team-18 cape	Team-18 斗篷	common	no	item
Team-19 cape	Team-19 斗篷	common	no	item
Team-2 cape	Team-2 斗篷	common	no	item
Team-20 cape	Team-20 斗篷	common	no	item
Team-21 cape	Team-21 斗篷	common	no	item
Team-22 cape	Team-22 斗篷	common	no	item
Team-23 cape	Team-23 斗篷	common	no	item
Team-24 cape	Team-24 斗篷	common	no	item
Team-25 cape	Team-25 斗篷	common	no	item
Team-26 cape	Team-26 斗篷	common	no	item
Team-27 cape	Team-27 斗篷	common	no	item
Team-28 cape	Team-28 斗篷	common	no	item
Team-29 cape	Team-29 斗篷	common	no	item
Team-3 cape	Team-3 斗篷	common	no	item
Team-30 cape	Team-30 斗篷	common	no	item
Team-31 cape	Team-31 斗篷	common	no	item
Team-32 cape	Team-32 斗篷	common	no	item
Team-33 cape	Team-33 斗篷	common	no	item
Team-34 cape	Team-34 斗篷	common	no	item
Team-35 cape	Team-35 斗篷	common	no	item
Team-36 cape	Team-36 斗篷	common	no	item
Team-37 cape	Team-37 斗篷	common	no	item
Team-38 cape	Team-38 斗篷	common	no	item
Team-39 cape	Team-39 斗篷	common	no	item
Team-4 cape	Team-4 斗篷	common	no	item
Team-40 cape	Team-40 斗篷	common	no	item
Team-41 cape	Team-41 斗篷	common	no	item
Team-42 cape	Team-42 斗篷	common	no	item
Team-43 cape	Team-43 斗篷	common	no	item
Team-44 cape	Team-44 斗篷	common	no	item
Team-45 cape	Team-45 斗篷	common	no	item
Team-46 cape	Team-46 斗篷	common	no	item
Team-47 cape	Team-47 斗篷	common	no	item
Team-48 cape	Team-48 斗篷	common	no	item
Team-49 cape	Team-49 斗篷	common	no	item
Team-5 cape	Team-5 斗篷	common	no	item
Team-50 cape	Team-50 斗篷	common	no	item
Team-6 cape	Team-6 斗篷	common	no	item
Team-7 cape	Team-7 斗篷	common	no	item
Team-8 cape	Team-8 斗篷	common	no	item
Team-9 cape	Team-9 斗篷	common	no	item
Teapot	茶壺	common	no	item
Teapot with leaves	裝有葉子的茶壺	common	no	item
Teapotspout	茶壺嘴	proper	yes	npc
Tears of Guthix	古希斯之淚	proper	yes	quest
Teasing stick	戲弄木棍	common	no	item
Technical plans	技術圖紙	common	no	item
Teclyn	泰克林	proper	yes	npc
Ted Rehnison	泰德·雷尼森	proper	yes	npc
Teddy	泰迪熊	common	no	item
Tegdak	特格達克	proper	yes	npc
Tegid	特吉德	proper	yes	npc
Tegid's soap	特吉德的肥皂	common	no	item
Tele-orb	傳送球體	common	no	item
Telekinetic Guardian	念力守衛	proper	yes	npc
Teleorb	傳送球體	common	no	item
Teleport crystal (1)	傳送水晶 (1)	common	no	item
Teleport crystal (2)	傳送水晶 (2)	common	no	item
Teleport crystal (3)	傳送水晶 (3)	common	no	item
Teleport crystal (4)	傳送水晶 (4)	common	no	item
Teleport spell	傳送咒語	common	no	item
Teleport to house	傳送到房屋	common	no	item
Temple guardian	神廟守護者	proper	yes	npc
Temple library key	神廟圖書館鑰匙	common	no	item
Temple of Ikov	伊科夫神廟	proper	yes	quest
Tenacious toucan	頑強的巨嘴鳥	proper	yes	npc
Tent	帳篷	common	no	item
Tentacle	觸手	proper	yes	npc
Tenti pineapple	Tenti 鳳梨	common	no	item
Tenzing	騰津	proper	yes	npc
Teodor	提奧多	proper	yes	npc
Terrier	梗犬	proper	yes	npc
Terrier puppy	梗犬幼犬	proper	yes	npc
Terror dog	恐怖狗	proper	yes	npc
Terror dog statue	恐怖狗雕像	proper	yes	npc
Terrorbird	恐怖鳥	proper	yes	npc
Terrorbird display	恐怖鳥展示	proper	yes	npc
Terrorbird servant	恐怖鳥僕人	proper	yes	npc
Terrorbird wing	恐怖鳥翅膀	common	no	item
Terrorchick gnome	恐怖雛侏儒	proper	yes	npc
Test Quest	測試任務	proper	yes	quest
Test paper	測試卷	common	no	item
Testudo scroll	龜甲卷軸	common	no	item
Thaerisk Cemphier	塞瑞斯克·森菲爾	proper	yes	npc
Thaki the delivery dwarf	送貨矮人 Thaki	proper	yes	npc
Thakkrad Sigmundson	塔克拉德·西格蒙德森	proper	yes	npc
Thanksgiving Turkey	感恩節火雞	proper	yes	npc
Thatch spar dense	Thatch spar 厚實型	common	no	item
Thatch spar light	Thatch spar 輕型	common	no	item
Thatch spar med	Thatch spar 中型	common	no	item
The Armour Store	盔甲店	common	no	shop
The Beast	野獸	proper	yes	npc
The Dig Site	挖掘遺址	proper	yes	quest
The Draugen	德拉根	proper	yes	npc
The Esoterican Arms	神祕學手臂店	common	no	shop
The Everlasting	永恆者	proper	yes	npc
The Eyes of Glouphrie	格魯普里的眼睛	proper	yes	quest
The Face	面孔	proper	yes	npc
The Fairy's Culinary Goods	精靈的烹飪用品	common	no	shop
The Feud	宿怨	proper	yes	quest
The Fisher King	漁夫國王	proper	yes	npc
The Fremennik Isles	弗雷米尼克群島	proper	yes	quest
The Fremennik Trials	弗雷梅尼克試煉	proper	yes	quest
The Garden Centre	花園中心	common	no	shop
The Giant Dwarf	巨人矮人	proper	yes	quest
The Golem	魔像	proper	yes	quest
The Grand Tree	巨樹	proper	yes	quest
The Great Brain Robbery	大腦大劫案	proper	yes	quest
The Hand in the Sand	沙子中的手	proper	yes	quest
The Illusive	虛幻者	proper	yes	npc
The Inadequacy	不足之處	proper	yes	npc
The Kendal	肯德爾	proper	yes	npc
The Knight's Sword	騎士之劍	proper	yes	namebi
The Lady of the Lake	湖中女士	proper	yes	npc
The Lighthouse Store	燈塔商店	common	no	shop
The Lost Tribe	失落部落	proper	yes	quest
The Monkey's Aunt	猴子的阿姨	proper	yes	npc
The Monkey's Uncle	猴子的叔叔	proper	yes	npc
The Path of Glouphrie	格魯弗里的路徑	proper	yes	quest
The Restless Ghost	不安的幽靈	proper	yes	namebi
The Shaikahan	希卡人	proper	yes	npc
The Shrimp and Parrot	蝦子與鸚鵡	common	no	shop
The Slug Menace	蛞蝓威脅	proper	yes	quest
The Spice Is Right	香料大賽	common	no	shop
The Teleporter's Tabs	傳送者的分頁	common	no	shop
The Toad and Chicken	蟾蜍與雞	common	no	shop
The Tourist Trap	遊客陷阱	proper	yes	quest
The Untouchable	不可觸碰者	proper	yes	npc
The Wise Old Man	智者老翁	proper	yes	namebi
The great divide	大分裂	common	no	item
The grim reaper's diary	死神的日記	common	no	item
The stuff	那玩意兒	common	no	item
Thessalia	塞薩莉亞	proper	yes	npc
Thessalia Nitter	賽莎莉亞·尼特	proper	yes	namebi
Thessalia's Fine Clothes	塞薩莉亞的精細布料	common	no	shop
Thias Leacke	提亞斯·利克	proper	yes	npc
Thief	小偷	proper	yes	npc
Thieves' armband	盜賊臂章	common	no	item
Thieving	盜竊	common	no	glossary
Thieving cape	盜竊斗篷	common	no	item
Thieving cape(t)	盜竊斗篷(t)	common	no	item
Thieving fingers scroll	盜竊手指卷軸	common	no	item
Thieving hood	盜竊兜帽	common	no	item
Thieving tome	盜竊之書	common	no	item
Thin snail	瘦小的蝸牛	common	no	item
Thin snail meat	瘦小的蝸牛肉	common	no	item
Thing under the bed	床底下的東西	proper	yes	npc
Third age mage set	第三紀元法師套裝	common	no	item
Third age melee set	第三紀元近戰套裝	common	no	item
Third age ranger set	第三紀元遊俠套裝	common	no	item
Thistle	薊草	proper	yes	npc
Thok	托克	proper	yes	namebi
Thora	索拉	proper	yes	npc
Thorgel	Thorgel	proper	yes	npc
Thorhild	索希爾德	proper	yes	npc
Thorkel Silkbeard	索克爾·絲鬚	proper	yes	npc
Thormac	索馬克	proper	yes	npc
Thorny hedge	多刺樹籬	common	no	item
Thorny snail	多刺蝸牛	proper	yes	npc
Thorny snail pouch	多刺蝸牛袋	common	no	item
Thorodin	索羅丁	proper	yes	npc
Thorvald the Warrior	戰士 Thorvald	proper	yes	npc
Thrantax the Mighty	強大的薩蘭塔克斯	proper	yes	npc
Thread	線	common	no	item
Three barrels	三個木桶	common	no	item
Three little kittens	三隻小貓們	proper	yes	npc
Throne of Miscellania	雜貨王國之王座	proper	yes	quest
Thrower Troll	投擲巨魔	proper	yes	npc
Thrower troll	投擲巨魔	proper	yes	npc
Throwing rope	投擲繩索	common	no	item
Thuddley	Thuddley	proper	yes	npc
Thug	暴徒	proper	yes	npc
Thumb	拇指	common	no	item
Thump	Thump	proper	yes	npc
Thurgo	瑟戈	proper	yes	npc
Tiadeche	提亞德切	proper	yes	npc
Tiadeche's Karambwan Stall	提亞德切 的 Karambwan 攤位	common	no	shop
Tiara	冠冕	common	no	item
Tiara mould	冠冕模具	common	no	item
Ticket Merchant	票券商人	proper	yes	npc
Ticket dwarf	票務矮人	proper	yes	npc
Ticket goblin	票務哥布林	proper	yes	npc
Ticket vendor	售票員	proper	yes	npc
Tiffy	緹菲	proper	yes	namebi
Tightrope 101	高空鋼索入門	common	no	item
Tilae	緹萊	proper	yes	namebi
Tile	瓷磚	common	no	item
Tilt	提爾特	proper	yes	npc
Timber beam	木樑	common	no	item
Timble	提姆布爾	proper	yes	npc
Timfraku	提姆弗拉庫	proper	yes	npc
Tin	錫	common	no	item
Tin cup	錫杯	common	no	item
Tin ore	錫礦	proper	yes	npc
Tin ore powder	錫礦粉末	common	no	item
Tina	Tina	proper	yes	npc
Tindar	廷達	proper	yes	npc
Tindel Marchant	廷德爾·馬強特	proper	yes	npc
Tinderbox	火石盒	common	no	item
Tinsay	廷賽	proper	yes	npc
Tinse Torpe	廷斯·托普	proper	yes	npc
Tiny elf crystal	微型精靈水晶	common	no	item
Tiny net	微型網	common	no	item
Tireless run scroll	不懈奔跑卷軸	common	no	item
Tirrie	提莉	proper	yes	npc
Titan's con. scroll	泰坦的控制卷軸	common	no	item
Tjorvi	喬維	proper	yes	npc
To-do list	To-do list 代辦清單	common	no	item
Toad bark scroll	Toad樹皮卷軸	common	no	item
Toad batta	Toad batta	common	no	item
Toad crunchies	蟾蜍脆餅	common	no	item
Toad label	Toad 標籤	common	no	item
Toad's legs	蟾蜍腿	common	no	item
Toadflax potion(unf)	金車前草藥水(未製成)	common	no	item
Toadflax seed	Toadflax 種子	common	no	item
Toadstool	毒蕈	proper	yes	npc
Toban	托班	proper	yes	npc
Toban's gold	托班的金幣	common	no	item
Toban's key	托班的鑰匙	common	no	item
Tofu	豆腐	common	no	item
Tok-Xil	托克-希爾	proper	yes	npc
Tok-xil	托克-希爾	common	no	item
TokTz-Ket-Dill	托克茨-凱特-迪爾	proper	yes	npc
Tokkul	托庫爾	proper	yes	item
Toktz-ket-xil	Toktz-ket-xil	common	no	item
Toktz-mej-tal	Toktz-mej-tal	common	no	item
Toktz-xil-ak	Toktz-xil-ak	common	no	item
Toktz-xil-ek	Toktz-xil-ek	common	no	item
Toktz-xil-ul	Toktz-xil-ul	common	no	item
Tolna	托爾納	proper	yes	npc
Tomato	番茄	common	no	item
Tomato seed	番茄種子	common	no	item
Tomatoes(1)	番茄(1)	common	no	item
Tomatoes(2)	番茄(2)	common	no	item
Tomatoes(3)	番茄(3)	common	no	item
Tomatoes(4)	番茄(4)	common	no	item
Tomatoes(5)	番茄(5)	common	no	item
Tombar	湯巴	proper	yes	npc
Tome of xp (1)	經驗值之書 (1)	common	no	item
Tome of xp (2)	經驗值之書 (2)	common	no	item
Tome of xp (3)	經驗值之書 (3)	common	no	item
Tome of xp 2nd ed (1)	經驗值之書 第二版 (1)	common	no	item
Tome of xp 2nd ed (2)	經驗值之書 第二版 (2)	common	no	item
Tome of xp 2nd ed (3)	經驗值之書 第二版 (3)	common	no	item
Tommy 2-times	「兩次」湯米	proper	yes	npc
Tony's Pizza Bases	Tony 的比薩底層	common	no	shop
Tool Leprechaun	工具小矮人	proper	yes	npc
Tool leprechaun	工具小矮人	proper	yes	npc
Toolkit	工具箱	common	no	item
Tooth half of a key	鑰匙齒形一半	common	no	item
Top hat	高頂禮帽	common	no	item
Top of sceptre	權杖頂端	common	no	item
Topaz bolt tips	黃玉弩箭尖	common	no	item
Topaz bolts	黃玉弩箭	common	no	item
Topaz bolts (e)	黃玉弩箭 (e)	common	no	item
Topiary hedge	修剪造型樹籬	common	no	item
Topsy	托普西	proper	yes	npc
Torag	托拉克	common	no	gear
Torag the Corrupted	墮落的托拉格	proper	yes	npc
Torag's body 0	Torag 的身體 0	common	no	item
Torag's body 100	Torag 的身體 100	common	no	item
Torag's body 25	Torag 的身體 25	common	no	item
Torag's body 50	Torag 的身體 50	common	no	item
Torag's body 75	Torag 的身體 75	common	no	item
Torag's hammer 0	Torag 的鐵鎚 0	common	no	item
Torag's hammer 100	Torag 的鐵鎚 100	common	no	item
Torag's hammer 25	Torag 的鐵鎚 25	common	no	item
Torag's hammer 50	Torag 的鐵鎚 50	common	no	item
Torag's hammer 75	Torag 的鐵鎚 75	common	no	item
Torag's hammers	Torag 的鐵鎚	common	no	item
Torag's helm	Torag 的頭盔	common	no	item
Torag's helm 0	Torag 的頭盔 0	common	no	item
Torag's helm 100	Torag 的頭盔 100	common	no	item
Torag's helm 25	Torag 的頭盔 25	common	no	item
Torag's helm 50	Torag 的頭盔 50	common	no	item
Torag's helm 75	Torag 的頭盔 75	common	no	item
Torag's legs 0	托拉格腿部 0	common	no	item
Torag's legs 100	Torag 的腿部 100	common	no	item
Torag's legs 25	托拉格腿部 25	common	no	item
Torag's legs 50	托拉格腿部 50	common	no	item
Torag's legs 75	Torag 的腿部 75	common	no	item
Torag's platebody	托拉格板甲	common	no	item
Torag's platelegs	托拉格腿部護甲	common	no	item
Torbrund	Torbrund	proper	yes	npc
Torch	火把	common	no	item
Torcher	縱火者	proper	yes	npc
Torcher charm	縱火者護符	common	no	item
Torches (level 90 approx.)	火把 (約等級 90)	common	no	item
Tormented demon	受折磨的惡魔	proper	yes	npc
Tormented wraith	受折磨的幽魂	proper	yes	npc
Torn page	撕裂的頁面	common	no	item
Torn robe	撕裂的長袍	common	no	item
Torrcs	Torrcs	proper	yes	npc
Torrell	托雷爾	proper	yes	npc
Torstol potion(unf)	托斯托藥水(未製成)	common	no	item
Torstol seed	托斯托爾種子	common	no	item
Tortoise	烏龜	proper	yes	npc
Tortoise shell	烏龜殼	common	no	item
Tortured soul	受折磨的靈魂	proper	yes	npc
Tostig	托斯提格	proper	yes	npc
Totem	圖騰	common	no	item
Touch paper	引火紙	common	no	item
Tough Guy	硬漢	proper	yes	npc
Tower Advisor	塔之顧問	proper	yes	npc
Tower Archer	塔之弓箭手	proper	yes	npc
Tower guard	塔樓守衛	proper	yes	npc
Tower key	高塔鑰匙	common	no	item
Tower of Life	生命之塔	proper	yes	quest
Town Guard	城鎮守衛	proper	yes	npc
Town crier	城鎮傳令官	proper	yes	npc
Toxic naphtha	有毒石腦油	common	no	item
Toxic powder	有毒粉末	common	no	item
Toy Doll	玩具玩偶	proper	yes	npc
Toy Mouse	玩具老鼠	proper	yes	npc
Toy Soldier	玩具士兵	proper	yes	npc
Toy doll	玩具玩偶	common	no	item
Toy doll (wound)	玩具玩偶 (受傷)	common	no	item
Toy horsey	玩具小馬	common	no	item
Toy kite	玩具風箏	common	no	item
Toy mouse	玩具老鼠	common	no	item
Toy mouse (wound)	玩具老鼠 (受傷)	common	no	item
Toy soldier	玩具士兵	common	no	item
Toy soldier (wound)	玩具士兵 (受傷)	common	no	item
Toy train	玩具火車	common	no	item
Tracker gnome 1	追蹤者侏儒 1	proper	yes	npc
Tracker gnome 2	追蹤者侏儒 2	proper	yes	npc
Tracker gnome 3	追蹤者侏儒 3	proper	yes	npc
Tracking map	追蹤地圖	common	no	item
Trade Referee	貿易裁判	proper	yes	npc
Trader	商人	common	no	npc
Trader Crewmember	商人船員	proper	yes	npc
Trader Stan	商人 Stan	proper	yes	npc
Trader Stan's Trading Post	商人 Stan 的交易站	common	no	shop
Trader Sven	商人 Sven	proper	yes	npc
Trader Sven's Black Market Goods	商人 Sven 的黑市商品	common	no	shop
Trading sticks	交易木棍	common	no	item
Traiborn	特雷本	proper	yes	npc
Trainee Guard	見習守衛	proper	yes	npc
Trainer Nacklepen	訓練員 納克爾彭	proper	yes	npc
Training arrows	訓練用箭	common	no	item
Training bow	訓練用弓	common	no	item
Training shield	訓練用盾	common	no	item
Training sword	訓練用劍	common	no	item
Tramp	流浪漢	proper	yes	npc
Translated notes	已翻譯的筆記	common	no	item
Translation	翻譯	common	no	item
Translation book	翻譯書	common	no	item
Translation manual	翻譯手冊	common	no	item
Trapdoor key	陷阱門鑰匙	common	no	item
Treacle	糖蜜	proper	yes	npc
Treadsoftly	輕步走	proper	yes	npc
Treasure fairy	寶藏精靈	proper	yes	npc
Treasure flag	寶藏旗幟	common	no	item
Treasure map	藏寶圖	common	no	item
Treasure stone	寶藏石	common	no	item
Treated oak plank	處理過的橡樹木板	common	no	item
Treated plank	處理過的木板	common	no	item
Treaty	條約	common	no	item
Tree	樹木	proper	yes	npc
Tree Gnome Village	樹木侏儒村	proper	yes	quest
Tree bauble	樹木飾品	common	no	item
Tree spirit	樹靈	proper	yes	npc
Trees	樹木	proper	yes	npc
Trefaji	特雷法吉	proper	yes	npc
Treus Dayth	特魯斯·戴斯	proper	yes	npc
Trevick Ramlock	特雷維克·拉姆洛克	proper	yes	namebi
Treznor	特雷茲諾	proper	yes	npc
Tri-jester hat	三重小丑帽子	common	no	item
Tri-jester scarf	三色小丑圍巾	common	no	item
Triangle sandwich	三角三明治	common	no	item
Tribal Totem	部落圖騰	proper	yes	quest
Tribal Weapon Salesman	部落武器商人	proper	yes	npc
Tribal mask	部落面具	common	no	item
Tribal top	部落上衣	common	no	item
Tribesman	部落人	proper	yes	npc
Trimmed blue wizard set	藍色邊飾法師套裝	common	no	item
Trimmed leather armour set	皮革邊飾裝備套裝	common	no	item
Trobert	特羅伯特	proper	yes	npc
Trogen Konungarde	忠誠的國王守衛	proper	yes	npc
Trogs	特羅格	proper	yes	npc
Troll	巨魔	proper	yes	npc
Troll Romance	巨魔羅曼史	proper	yes	quest
Troll Stronghold	巨魔堡壘	proper	yes	quest
Troll bone	巨魔骨頭	common	no	item
Troll child	巨魔孩童	proper	yes	npc
Troll father	巨魔父親	proper	yes	npc
Troll general	巨魔將軍	proper	yes	npc
Troll mother	巨魔母親	proper	yes	npc
Troll potion	巨魔藥水	common	no	item
Troll spectator	巨魔旁觀者	proper	yes	npc
Troll thistle	巨魔薊草	common	no	item
Trolley	托利	proper	yes	npc
Trollweiss	巨魔白蠟	common	no	item
Tropical wagtail	熱帶 тря尾鶇	proper	yes	npc
Trousers	長褲	common	no	item
Trout	鱒魚	common	no	item
Trowel	泥鏟	common	no	item
Truffle	松露	common	no	item
Trufitus	特魯菲圖斯	proper	yes	npc
Trunka Lex	特倫卡·萊克斯	proper	yes	npc
Truth serum	真實藥水	common	no	item
Tstanon Karlak	茨塔農·卡拉克	proper	yes	npc
Tuna	鮪魚	common	no	item
Tuna (level 60 approx.)	鮪魚 (約等級 60)	common	no	item
Tuna and corn	鮪魚與玉米	common	no	item
Tuna potato	鮪魚馬鈴薯	common	no	item
Turael	圖拉艾爾	proper	yes	npc
Turbogroomer	渦輪修整者	proper	yes	npc
Turgall	塔加爾	proper	yes	npc
Turgok	圖戈克	proper	yes	npc
Turkey	火雞	proper	yes	npc
Turkey book	火雞書籍	common	no	item
Turoth	圖羅斯	proper	yes	npc
Tutab	圖塔布	proper	yes	npc
Tutab's Magical Market	圖塔布的魔法市場	common	no	shop
Tutorial Island	教學島	proper	yes	namebi
Twig	提格	proper	yes	npc
Twigs	提格	common	no	item
Two Feet Charley's Fish Shop	查理雙足魚店	common	no	shop
Two barrels	兩個木桶	common	no	item
Tyke	小鬼	proper	yes	npc
Tyras guard	泰拉斯守衛	proper	yes	npc
Tyras helm	Tyras 頭盔	common	no	item
Tz-Kek	茲-克	proper	yes	npc
Tz-Kih	茲-基	proper	yes	npc
TzHaar	茲哈爾	proper	yes	namebi
TzHaar-Hur	TzHaar-Hur	proper	yes	npc
TzHaar-Hur-Brekt	TzHaar-Hur-Brekt	proper	yes	npc
TzHaar-Hur-Frok	TzHaar-Hur-Frok	proper	yes	npc
TzHaar-Hur-Klag	TzHaar-Hur-Klag	proper	yes	npc
TzHaar-Hur-Lek	TzHaar-Hur-Lek	proper	yes	npc
TzHaar-Hur-Tel	TzHaar-Hur-Tel	proper	yes	npc
TzHaar-Ket	TzHaar-Ket	proper	yes	npc
TzHaar-Ket-Grol	TzHaar-Ket-Grol	proper	yes	npc
TzHaar-Ket-Jok	TzHaar-Ket-Jok	proper	yes	npc
TzHaar-Ket-Lurk	TzHaar-Ket-Lurk	proper	yes	npc
TzHaar-Ket-Rok	TzHaar-Ket-Rok	proper	yes	npc
TzHaar-Ket-Zuh	TzHaar-Ket-Zuh	proper	yes	npc
TzHaar-Mej	TzHaar-Mej	proper	yes	npc
TzHaar-Mej-Jal	TzHaar-Mej-Jal	proper	yes	npc
TzHaar-Mej-Kah	TzHaar-Mej-Kah	proper	yes	npc
TzHaar-Mej-Kol	TzHaar-Mej-Kol	proper	yes	npc
TzHaar-Mej-Lor	TzHaar-Mej-Lor	proper	yes	npc
TzHaar-Mej-Malk	TzHaar-Mej-Malk	proper	yes	npc
TzHaar-Mej-Roh	TzHaar-Mej-Roh	proper	yes	npc
TzHaar-Xil	TzHaar-Xil	proper	yes	npc
TzHaar-Xil-Mor	TzHaar-Xil-Mor	proper	yes	npc
TzHaar-Xil-Tog	TzHaar-Xil-Tog	proper	yes	npc
TzTok-Jad	茲托克·賈德	proper	yes	npc
Tzaar-Ket-Om	茲哈爾-凱特-奧姆	proper	yes	namebi
Tzhaar tourist guide	Tzhaar 觀光指南	common	no	item
Tzhaar-Hur-Lek's Ore and Gem Store.	TzHaar-Hur-Lek 的礦石與寶石商店	common	no	shop
Tzhaar-hur-tel's Equipment Store	TzHaar-Hur-Tel 的裝備商店	common	no	shop
Tzhaar-ket-em	Tzhaar-ket-em	common	no	item
Tzhaar-ket-om	Tzhaar-ket-om	common	no	item
Tzhaar-mej-roh's Rune Store	TzHaar-Mej-Roh 的符文商店	common	no	shop
USDT Slot	USDT 插槽	common	no	item
Ube	Ube	proper	yes	npc
Uberlass	烏伯拉斯	proper	yes	npc
Ug	Ug	proper	yes	npc
Uglug Nar	烏格納爾	proper	yes	npc
Uglug's Stuffsies	Ug 的雜貨鋪	common	no	shop
Ugthanki	Ugthanki	proper	yes	npc
Ugthanki & onion	Ugthanki 與洋蔥	common	no	item
Ugthanki & tomato	Ugthanki 與番茄	common	no	item
Ugthanki dung	Ugthanki 糞便	common	no	item
Ugthanki kebab	Ugthanki 烤肉	common	no	item
Ugthanki meat	Ugthanki 肉	common	no	item
Ulfric	烏爾夫里克	proper	yes	npc
Ulifed	烏利費德	proper	yes	npc
Ulizius	烏利齊烏斯	proper	yes	npc
Ulsquire Shauncy	Ulsquire Shauncy	proper	yes	npc
Unblessed symbol	未受祝福的符號	common	no	item
Unburden scroll	卸下負擔卷軸	common	no	item
Uncleaned find	未清理的發現物	common	no	item
Unconscious broav	昏迷的布羅夫	common	no	item
Uncooked apple pie	未烹煮的蘋果派	common	no	item
Uncooked berry pie	未烹煮的莓果派	common	no	item
Uncooked cake	未煮熟的蛋糕	common	no	item
Uncooked curry	未煮熟的咖哩	common	no	item
Uncooked egg	未煮熟的蛋	common	no	item
Uncooked meat pie	未烹煮的肉派	common	no	item
Uncooked pizza	未煮熟的比薩	common	no	item
Uncooked stew	未煮熟的燉菜	common	no	item
Uncut diamond	未切割的鑽石	common	no	item
Uncut dragonstone	未切割的龍石	common	no	item
Uncut emerald	未切割的祖母綠	common	no	item
Uncut jade	未切割的傑德	common	no	item
Uncut onyx	未切割瑪瑙	common	no	item
Uncut opal	未切割的蛋白石	common	no	item
Uncut red topaz	未切割的紅黃玉	common	no	item
Uncut ruby	未切割的紅寶石	common	no	item
Uncut sapphire	未切割的藍寶石	common	no	item
Undead Lumberjack	不死伐木工	proper	yes	npc
Undead chicken	不死雞	proper	yes	npc
Undead cow	不死牛	proper	yes	npc
Undead cow ribs	不死牛肋骨	common	no	item
Undead hero	亡靈英雄	proper	yes	npc
Undead mage	不死法師	proper	yes	npc
Undead one	不死者	proper	yes	npc
Undead tree	不死的樹木	proper	yes	npc
Undead troll	亡靈巨魔	proper	yes	npc
Undead twigs	不死提格	common	no	item
Underground Pass	地底通道	proper	yes	quest
Unfermented wine	未發酵的葡萄酒	common	no	item
Unferth	溫弗斯	proper	yes	npc
Unfinished batta	未完成的 batta	common	no	item
Unfinished bowl	未完成的碗	common	no	item
Unfinished broad bolts	未完成的寬箭	common	no	item
Unfinished crunchy	未完成的脆脆口感	common	no	item
Unfired bowl	未燒製的碗	common	no	item
Unfired pie dish	未燒製的派盤	common	no	item
Unfired plant pot	未燒製的花盆	common	no	item
Unfired pot	未燒製的陶罐	common	no	item
Unfired pot lid	未燒製的陶罐蓋	common	no	item
Ungadulu	昂加杜魯	proper	yes	npc
Unholy book	不神聖書籍	common	no	item
Unholy mould	不聖潔的模具	common	no	item
Unholy symbol	不神聖的符號	common	no	item
Unicorn	獨角獸	proper	yes	npc
Unicorn Foal	獨角獸幼崽	proper	yes	npc
Unicorn bone	獨角獸骨頭	common	no	item
Unicorn horn	獨角獸角	common	no	item
Unicorn horn dust	獨角獸角粉	common	no	item
Unicorn stallion	獨角獸公馬	proper	yes	npc
Unicorn stallion pouch	獨角獸公馬袋	common	no	item
Unicow	獨角牛	proper	yes	npc
Unidentified liquid	未知液體	common	no	item
Unknown print	未知的足跡	common	no	item
Unlit bug lantern	未點亮的蟲燈	common	no	item
Unlit torch	未點燃的火把	common	no	item
Unlocked diary	已解鎖的日記	common	no	item
Unnamed troll child	無名巨魔孩童	proper	yes	npc
Unpowered orb	未充能法球	common	no	item
Unpowered symbol	無能量的符號	common	no	item
Unsanitary swill	不衛生的泔水	common	no	item
Unstamped letter	未蓋印的信件	common	no	item
Unstrung comp bow	未上弦的複合弓	common	no	item
Unstrung emblem	未穿好弦的徽章	common	no	item
Unstrung lyre	未穿弦的里拉琴	common	no	item
Unstrung symbol	未穿好弦的符號	common	no	item
Unusual armour	奇特的護甲	common	no	item
Unusual fish	奇特的魚	common	no	item
Uodai	烏代	proper	yes	npc
Ur-lun	烏爾-倫	proper	yes	npc
Ur-meg	烏爾-梅格	proper	yes	npc
Ur-pel	烏爾-佩爾	proper	yes	npc
Ur-taal	烏爾-塔爾	proper	yes	npc
Ur-tag	厄爾-塔格	proper	yes	npc
Ur-vass	烏爾-瓦斯	proper	yes	npc
Ur-zek	烏爾-澤克	proper	yes	npc
Urbi	Urbi	proper	yes	npc
Uri	尤里	proper	yes	npc
Use	使用	common	no	glossary
Used folder	使用過的夾層	common	no	item
Usi	烏西	proper	yes	npc
Uwogo	烏沃戈	proper	yes	npc
Uyoro	烏尤羅	proper	yes	npc
Vaasdor	瓦斯多	proper	yes	npc
Vacuum pump	真空幫浦	common	no	item
Vacuum pump and gull	真空幫浦與海鷗	common	no	item
Vaeringk	瓦林克	proper	yes	npc
Vahn	凡恩	proper	yes	namebi
Val Razz	瓦爾·拉茲	proper	yes	npc
Valaine	瓦萊恩	proper	yes	npc
Valaine's Shop of Champions.	瓦萊恩的冠軍商店	common	no	shop
Valantay Eppel	Valantay Eppel	proper	yes	npc
Valator	Valator	proper	yes	npc
Valeria	Valeria	proper	yes	npc
Valgerd	瓦爾格德	proper	yes	npc
Valve wheel	閥門輪	common	no	item
Vampire	吸血鬼	proper	yes	npc
Vampire Slayer	吸血鬼獵殺者	proper	yes	namebi
Vampire bat	吸血鬼蝙蝠	proper	yes	npc
Vampire bat pouch	吸血鬼蝙蝠袋	common	no	item
Vampire dust	吸血鬼粉末	common	no	item
Vampire touch scroll	吸血鬼觸碰卷軸	common	no	item
Vampyre Juvenile	吸血鬼幼體	proper	yes	npc
Vampyre Juvinate	吸血鬼幼體	proper	yes	npc
Vampyre juvenile	吸血鬼幼體	proper	yes	npc
Vampyre juvinate	吸血鬼幼體	proper	yes	npc
Vampyric hound	吸血獵犬	proper	yes	npc
Vanescula Drakan	Vanescula Drakan	proper	yes	npc
Vanessa	Vanessa	proper	yes	npc
Vanessa's Farming Shop	Vanessa 的農耕店	common	no	shop
Vanilla pod	香草莢	common	no	item
Vanjuta	凡朱塔	proper	yes	npc
Vanligga Gastfrihet	Vanligga Gastfrihet	proper	yes	npc
Vannaka	凡納卡	proper	yes	npc
Vanstrom Klause	范斯特羅姆·克勞斯	proper	yes	npc
Varmen's notes	Varmen 的筆記	common	no	item
Varosad	瓦羅薩德	proper	yes	npc
Varrock	瓦洛克	proper	yes	glossary
Varrock General Store	瓦洛克雜貨店	common	no	shop
Varrock Palace	瓦洛克宮殿	proper	yes	namebi
Varrock Sword Shop	瓦洛克劍舖	common	no	shop
Varrock armour 1	瓦洛克護甲 1	common	no	item
Varrock armour 2	瓦洛克護甲 2	common	no	item
Varrock armour 3	瓦洛克護甲 3	common	no	item
Varrock teleport	瓦洛克傳送	common	no	item
Vasador	Vasador	proper	yes	npc
Vase	花瓶	common	no	item
Vase lid	花瓶蓋	common	no	item
Vase of water	裝水的花瓶	common	no	item
Vasile	瓦西里	proper	yes	npc
Vasquen	瓦斯昆	proper	yes	npc
Vedolas	維多拉斯	proper	yes	npc
Veg ball	蔬菜球	common	no	item
Vegetable batta	蔬菜 batta	common	no	item
Veliaf Hurtz	維利亞夫·赫茨	proper	yes	npc
Velorina	維洛莉娜	proper	yes	npc
Velrak the explorer	探險家韋拉克	proper	yes	npc
Venom shot scroll	毒液射擊卷軸	common	no	item
Vera	薇拉	proper	yes	npc
Verac	維拉克	common	no	gear
Verac the Defiled	被褻瀆的維拉克	proper	yes	npc
Verac's brassard	薇拉克臂甲	common	no	item
Verac's flail	薇拉克連枷	common	no	item
Verac's flail 0	薇拉克連枷 0	common	no	item
Verac's flail 100	薇拉克連枷 100	common	no	item
Verac's flail 25	薇拉克連枷 25	common	no	item
Verac's flail 50	薇拉克連枷 50	common	no	item
Verac's flail 75	薇拉克連枷 75	common	no	item
Verac's helm	薇拉克頭盔	common	no	item
Verac's helm 0	薇拉克頭盔 0	common	no	item
Verac's helm 100	薇拉克頭盔 100	common	no	item
Verac's helm 25	薇拉克頭盔 25	common	no	item
Verac's helm 50	薇拉克頭盔 50	common	no	item
Verac's helm 75	薇拉克頭盔 75	common	no	item
Verac's plateskirt	薇拉克板裙	common	no	item
Verac's skirt 0	薇拉的裙子 0	common	no	item
Verac's skirt 100	薇拉克裙甲 100	common	no	item
Verac's skirt 25	薇拉的裙子 25	common	no	item
Verac's skirt 50	薇拉的裙子 50	common	no	item
Verac's skirt 75	薇拉克裙甲 75	common	no	item
Verac's top 0	薇拉克上衣 0	common	no	item
Verac's top 100	薇拉克上衣 100	common	no	item
Verac's top 25	薇拉克上衣 25	common	no	item
Verac's top 50	薇拉克上衣 50	common	no	item
Verac's top 75	薇拉克上衣 75	common	no	item
Verak	薇拉克	proper	yes	npc
Verisad	薇瑞薩德	proper	yes	npc
Vermundi	韋蒙迪	proper	yes	npc
Vermundi's Clothes Stall	韋蒙迪的衣物攤位	common	no	shop
Veronica	薇若妮卡	proper	yes	npc
Versita	薇希塔	proper	yes	npc
Vertida Sefalatis	Vertida Sefalatis	proper	yes	npc
Vesta's chainbody	薇絲塔鎖甲	common	no	item
Vesta's chainbody (deg)	薇絲塔鎖甲 (降階)	common	no	item
Vesta's longsword	薇絲塔長劍	common	no	item
Vesta's longsword (deg)	薇絲塔長劍 (降階)	common	no	item
Vesta's plateskirt	薇絲塔板裙	common	no	item
Vesta's plateskirt (deg)	薇絲塔板裙 (降階)	common	no	item
Vesta's spear	薇絲塔長矛	common	no	item
Vesta's spear (deg)	薇絲塔長矛 (降階)	common	no	item
Vestri	韋斯特里	proper	yes	npc
Vet'ion	維提恩	proper	yes	namebi
Vial	小瓶	common	no	item
Vial of liquid	小瓶液體	common	no	item
Vial of water	一瓶水	common	no	item
Victor	維克多	proper	yes	npc
Victoria	維多利亞	proper	yes	npc
Vigr	維格爾	proper	yes	npc
Vigr's Warhammers	維格爾的戰鎚	common	no	shop
Vigroy	維格羅伊	proper	yes	npc
Villager	村民	proper	yes	npc
Villager armband	村民臂章	common	no	item
Villager hat	村民帽子	common	no	item
Villager robe	村民長袍	common	no	item
Villager sandals	村民涼鞋	common	no	item
Vine flower	藤蔓花	common	no	item
Vine seed	藤蔓種子	common	no	item
Violet circle	紫羅蘭色圓形	common	no	item
Violet pentagon	紫色五邊形	common	no	item
Violet square	紫羅蘭色正方形	common	no	item
Violet triangle	紫羅蘭色三角形	common	no	item
Vislota	維斯拉塔	proper	yes	npc
Viyeldi	Viyeldi	proper	yes	npc
Vladimir	弗拉迪米爾	proper	yes	npc
Vlatoad	弗拉托德	proper	yes	npc
Vodka	伏特加	common	no	item
Void Knight	虛空騎士	proper	yes	npc
Void Knight Archery Store	虛空騎士弓箭店	common	no	shop
Void Knight General Store	虛空騎士雜貨店	common	no	shop
Void Knight Magic Store	虛空騎士魔法商店	common	no	shop
Void knight gloves	虛空騎士手套	common	no	item
Void knight mace	虛空騎士槌	common	no	item
Void knight robe	虛空騎士長袍	common	no	item
Void knight top	虛空騎士頭盔	common	no	item
Void mage helm	虛空法師頭盔	common	no	item
Void melee helm	虛空近戰頭盔	common	no	item
Void ranger helm	虛空遊俠頭盔	common	no	item
Void ravager	虛空掠奪者	proper	yes	npc
Void ravager pouch	虛空掠奪者袋子	common	no	item
Void seal(1)	Void seal(1)	common	no	item
Void seal(2)	Void seal(2)	common	no	item
Void seal(3)	Void seal(3)	common	no	item
Void seal(4)	Void seal(4)	common	no	item
Void seal(5)	Void seal(5)	common	no	item
Void seal(6)	Void seal(6)	common	no	item
Void seal(7)	Void seal(7)	common	no	item
Void seal(8)	Void seal(8)	common	no	item
Void shifter	虛空變形者	proper	yes	npc
Void shifter pouch	虛空變形者袋子	common	no	item
Void spinner	虛空紡織者	proper	yes	npc
Void spinner pouch	虛空紡織者袋子	common	no	item
Void torcher	虛空縱火者	proper	yes	npc
Void torcher pouch	虛空縱火者袋子	common	no	item
Volatile clay butterfly net	揮發性黏土蝴蝶網	common	no	item
Volatile clay fletching knife	揮發性黏土製箭小刀	common	no	item
Volatile clay hammer	揮發性黏土鐵鎚	common	no	item
Volatile clay harpoon	揮發性黏土魚叉	common	no	item
Volatile clay hatchet	揮發性黏土斧頭	common	no	item
Volatile clay needle	揮發性黏土針	common	no	item
Volatile clay pickaxe	揮發性黏土鎬	common	no	item
Volatile clay tool	揮發性黏土工具	common	no	item
Volcanic str. scroll	火山力量卷軸	common	no	item
Volf Olafson	沃爾夫·奧拉夫森	proper	yes	npc
Vudisor	薇迪索	proper	yes	npc
Vulatrice egg	Vulatrice 蛋	common	no	item
Vulture	禿鷹	proper	yes	npc
Vulture chick	禿鷹幼雛	proper	yes	npc
Vulture egg	禿鷹蛋	common	no	item
Vulture wing	禿鷹翅膀	common	no	item
Vundiar	文迪亞	proper	yes	npc
Vyre corpse	維爾屍體	common	no	item
Vyrewatch	巫妖守衛	proper	yes	npc
Vyrewatch legs	Vyrewatch 腿部	common	no	item
Vyrewatch shoes	Vyrewatch 鞋子	common	no	item
Vyrewatch top	Vyrewatch 上衣	common	no	item
Wagchin	瓦格欽	proper	yes	npc
Waking sleep vial	清醒睡眠小瓶	common	no	item
Waldo	Waldo	proper	yes	npc
Walk here	走到這裡	common	no	glossary
Wall Beast	牆壁野獸	proper	yes	npc
Wallasalki	瓦拉薩爾基	proper	yes	npc
Wallscaler	爬牆者	proper	yes	npc
Wally	沃利	proper	yes	npc
Wampum belt	貝幣腰帶	common	no	item
Wand	魔杖	common	no	item
Wanderer	流浪者	proper	yes	npc
Wandering impling	流浪的小惡魔	proper	yes	npc
Wanted!	懸賞！	proper	yes	quest
War ship	戰船	common	no	item
War tortoise	戰爭烏龜	proper	yes	npc
War tortoise pouch	戰爭烏龜袋	common	no	item
Warhammer	戰鎚	common	no	item
Warhammer (class 1)	戰鎚 (等級 1)	common	no	item
Warhammer (class 2)	戰鎚 (等級 2)	common	no	item
Warhammer (class 3)	戰鎚 (等級 3)	common	no	item
Warhammer (class 4)	戰鎚 (等級 4)	common	no	item
Warhammer (class 5)	戰鎚 (等級 5)	common	no	item
Warlock cloak	術士斗篷	common	no	item
Warlock legs	術士腿部	common	no	item
Warlock top	術士上衣	common	no	item
Warm key	溫暖的鑰匙	common	no	item
Warped terrorbird	扭曲的恐怖鳥	proper	yes	npc
Warped tortoise	扭曲的烏龜	proper	yes	npc
Warrant	令狀	common	no	item
Warrior	戰士	proper	yes	npc
Warrior guild token	戰士公會代幣	common	no	item
Warrior helm	戰士頭盔	common	no	item
Warrior helm (charged)	戰士頭盔 (充能)	common	no	item
Warrior helm (e)	戰士頭盔 (e)	common	no	item
Warrior ring	戰士戒指	common	no	item
Warrior woman	女戰士	proper	yes	npc
Warriors' Guild Armoury	戰士公會軍械庫	common	no	shop
Warriors' Guild Food Shop	戰士公會食物店	common	no	shop
Warriors' Guild Potion Shop	戰士公會藥水店	common	no	shop
Warriors' contract	戰士合約	common	no	item
Washing bowl	洗滌碗	common	no	item
Waste-paper basket	廢紙籃	common	no	item
Watch	手錶	common	no	item
Watchman	守衛	proper	yes	npc
Watchtower	瞭望塔	proper	yes	quest
Watchtower Wizard	瞭望塔法師	proper	yes	npc
Watchtower t'port	瞭望塔傳送	common	no	item
Water altar teleport	水元素祭壇傳送	common	no	item
Water battlestaff	水元素戰鬥法杖	common	no	item
Water elemental	水元素	proper	yes	npc
Water key	水元素鑰匙	common	no	item
Water orb	水法球	common	no	item
Water rune	水符文	common	no	item
Water runecrafting gloves	水符文製作 手套	common	no	item
Water talisman	水護身符	common	no	item
Water talisman staff	水護身符法杖	common	no	item
Water tiara	水元素冠冕	common	no	item
Water wizard	水法師	proper	yes	npc
Waterbirth Island	水生島	proper	yes	namebi
Waterfall Quest	瀑布任務	proper	yes	quest
Waterfiend	水魔	proper	yes	npc
Watering can	澆水壺	common	no	item
Watering can(1)	澆水壺(1)	common	no	item
Watering can(2)	澆水壺(2)	common	no	item
Watering can(3)	澆水壺(3)	common	no	item
Watering can(4)	澆水壺(4)	common	no	item
Watering can(5)	澆水壺(5)	common	no	item
Watering can(6)	澆水壺(6)	common	no	item
Watering can(7)	澆水壺(7)	common	no	item
Watering can(8)	澆水壺(8)	common	no	item
Watermelon	西瓜	common	no	item
Watermelon seed	西瓜種子	common	no	item
Watermelon slice	西瓜片	common	no	item
Waterskin(0)	水袋(0)	common	no	item
Waterskin(1)	水袋(1)	common	no	item
Waterskin(2)	水袋(2)	common	no	item
Waterskin(3)	水袋(3)	common	no	item
Waterskin(4)	水袋(4)	common	no	item
Wax	蠟	common	no	item
Waydar	韋達	proper	yes	npc
Waymottin	韋莫廷	proper	yes	npc
Wayne	韋恩	proper	yes	npc
Wayne's Chains	韋恩的鏈條	common	no	shop
Weakened Delrith	虛弱的德爾瑞斯	proper	yes	npc
Weapon poison	武器毒藥	common	no	item
Weapon poison+	武器毒藥+	common	no	item
Weapon poison++	武器毒藥++	common	no	item
Weapon store key	武器店鑰匙	common	no	item
Weapons galore	琳瑯滿目的武器	common	no	shop
Weaponsmaster	武器大師	proper	yes	npc
Weather forecast	天氣預報	common	no	item
Weather report	天氣報告	common	no	item
Weathervane pillar	風向標柱	common	no	item
Weeds	雜草	common	no	item
Weight (1kg)	重量 (1kg)	common	no	item
Weight (2kg)	重量 (2kg)	common	no	item
Weight (5kg)	重量 (5kg)	common	no	item
Weird Old Man	古怪的老人	proper	yes	npc
Weird gloop	怪異的黏液	common	no	item
Wemund	威蒙德	proper	yes	npc
Wendy	溫蒂	proper	yes	npc
Werewolf	狼人	proper	yes	npc
Werewolf bone	狼人骨頭	common	no	item
West Ardougne General Store	西阿爾多內雜貨店	common	no	shop
What Goudron	什麼 Gou卓恩	proper	yes	npc
What Lies Below	下方的真相	proper	yes	quest
While Guthix Sleeps	當古希斯沉睡時	proper	yes	quest
Whisky	威士忌	common	no	item
White 2h sword	白色雙手劍	common	no	item
White Chisel Director	白色鑿子總監	proper	yes	npc
White Chisel Secretary	白色鑿子秘書	proper	yes	npc
White Knight	白騎士	proper	yes	npc
White Knight's Castle	白騎士城堡	proper	yes	namebi
White apron	白色圍裙	common	no	item
White battleaxe	白色戰斧	common	no	item
White bead	白色珠子	common	no	item
White beret	白色貝雷帽	common	no	item
White berries	白色漿果	common	no	item
White boots	白色靴子	common	no	item
White chainbody	白色鎖甲衣	common	no	item
White claws	白色爪	common	no	item
White cog	白色齒輪	common	no	item
White dagger	白色匕首	common	no	item
White dagger(p)	白色匕首(p)	common	no	item
White dagger(p+)	白色匕首(p+)	common	no	item
White dagger(p++)	白色匕首(p++)	common	no	item
White destabiliser	白色穩定器	common	no	item
White ele' blouse	白色元素上衣	common	no	item
White ele' skirt	白色元素裙子	common	no	item
White firelighter	白色點火器	common	no	item
White full helm	白色全覆式頭盔	common	no	item
White gloves	白色手套	common	no	item
White goblin mail	白色哥布林鎖甲	common	no	item
White golem	白色魔像	proper	yes	npc
White halberd	白色戟	common	no	item
White kiteshield	白色鳶盾	common	no	item
White lily	白百合	common	no	item
White lily seed	白百合種子	common	no	item
White logs	白色原木	common	no	item
White longsword	白色長劍	common	no	item
White mace	白色槌	common	no	item
White magic staff	白色魔法法杖	common	no	item
White med helm	白色中型頭盔	common	no	item
White partyhat	白色派對帽子	common	no	item
White pearl	白色珍珠	common	no	item
White pearl seed	白色珍珠種子	common	no	item
White platebody	白色板甲	common	no	item
White platelegs	白色板甲腿部	common	no	item
White plateskirt	白色板甲裙子	common	no	item
White rose seed	白玫瑰種子	common	no	item
White scimitar	白色彎刀	common	no	item
White sq shield	白色方盾	common	no	item
White sweets	白色糖果	common	no	item
White sword	白色劍	common	no	item
White tree fruit	白色樹木果實	common	no	item
White tree sapling	白色樹木幼苗	common	no	item
White tree shoot	白色樹木嫩芽	common	no	item
White warhammer	白色戰鎚	common	no	item
White wolf	白狼	proper	yes	npc
Whiteberry seed	白莓果種子	common	no	item
Whitefish	白魚	common	no	item
Wig	假髮	common	no	item
Wigglewoo	威格爾武	proper	yes	npc
Wild broav	野生布羅夫	proper	yes	npc
Wild dog	野狗	proper	yes	npc
Wild jade vine	野生玉藤	proper	yes	npc
Wild kebbit	野生克比特	proper	yes	npc
Wild pie	野派	common	no	item
Wildblood hops	野血霍普斯	common	no	item
Wildblood seed	野血種子	common	no	item
Will	Will	proper	yes	npc
Will o' the wisp	鬼火	proper	yes	npc
William	威廉	proper	yes	npc
William's Wilderness Cape Shop	威廉的荒野斗篷商店	common	no	shop
Willow	柳樹	proper	yes	npc
Willow blackjack(d)	柳樹黑皮	common	no	item
Willow blackjack(o)	柳樹黑皮	common	no	item
Willow branch	柳樹樹枝	common	no	item
Willow comp bow	柳樹複合弓	common	no	item
Willow logs	柳樹原木	common	no	item
Willow longbow	柳樹長弓	common	no	item
Willow longbow (u)	柳樹長弓 (u)	common	no	item
Willow pyre logs	柳樹柴堆原木	common	no	item
Willow roots	柳樹根	common	no	item
Willow sapling	柳樹小樹	common	no	item
Willow seed	柳樹種子	common	no	item
Willow seedling	柳樹幼苗	common	no	item
Willow shortbow	柳樹短弓	common	no	item
Willow shortbow (u)	柳樹短弓 (u)	common	no	item
Willow stock	柳樹庫存	common	no	item
Willow-blackjack	柳樹黑傑克	common	no	item
Wilough	威洛	proper	yes	npc
Wilson	威爾森	proper	yes	npc
Wilted cutting	枯萎切片	common	no	item
Wily cat	狡猾的貓	proper	yes	npc
Wily hellcat	狡猾的地獄貓	proper	yes	npc
Wimpy bird	弱小的鳥	proper	yes	npc
Wimpy feather	輕盈羽毛	common	no	item
Windstrike32	風擊32	proper	yes	npc
Windswept logs	被風吹襲的原木	common	no	item
Wine of zamorak	薩莫拉克之酒	common	no	item
Winelda	溫艾達	proper	yes	npc
Wingman Skree	僚機斯克里	proper	yes	npc
Wingstone	溫格斯通	proper	yes	npc
Winkin	溫金	proper	yes	npc
Winter Elemental	冬季元素	proper	yes	npc
Winter sq'irk	冬季 Sq'irk	common	no	item
Winter sq'irkjuice	冬季 Sq'irk 果汁	common	no	item
Winter staff	冬季法杖	common	no	item
Winter storage scroll	冬季儲存卷軸	common	no	item
Wintumber tree	冬季樹木	common	no	item
Wise Old Man	睿智的老男人	proper	yes	npc
Wishing Well	許願池	common	no	shop
Wiskit	Wiskit	proper	yes	npc
Wistan	威斯坦	proper	yes	npc
Witch	女巫	proper	yes	npc
Witch cloak	女巫斗篷	common	no	item
Witch skirt	女巫裙子	common	no	item
Witch top	女巫上衣	common	no	item
Witch's House	女巫的房屋	proper	yes	quest
Witch's Potion	女巫的藥水	proper	yes	namebi
Witch's cat	女巫的貓	proper	yes	npc
Witch's experiment	女巫的實驗	proper	yes	npc
Witch's experiment (fourth form)	女巫的實驗 (第四形態)	proper	yes	npc
Witch's experiment (second form)	女巫的實驗（第二形態）	proper	yes	npc
Witch's experiment (third form)	女巫的實驗 (第三形態)	proper	yes	npc
Witchaven villager	Witchaven 村民	proper	yes	npc
Witchwood icon	女巫木圖騰	common	no	item
Wizard	法師	common	no	npc
Wizard Acantha	法師 Acantha	proper	yes	npc
Wizard Cromperty	法師 克羅姆珀蒂	proper	yes	npc
Wizard Distentor	法師迪斯騰托	proper	yes	npc
Wizard Elriss	法師 Elriss	proper	yes	npc
Wizard Frumscone	法師弗魯姆斯康	proper	yes	npc
Wizard Grayzag	法師 格雷扎格	proper	yes	npc
Wizard Korvak	法師科瓦克	proper	yes	npc
Wizard Mizgog	法師 米茲高格	proper	yes	npc
Wizard Vief	法師 Vief	proper	yes	npc
Wizard blizzard	法師暴風雪	common	no	item
Wizard boots	法師靴子	common	no	item
Wizard hat	法師帽	common	no	item
Wizard hat (g)	法師帽 (g)	common	no	item
Wizard hat (t)	法師帽 (t)	common	no	item
Wizard robe	法師長袍	common	no	item
Wizard robe (g)	法師長袍 (g)	common	no	item
Wizard robe (t)	法師長袍 (t)	common	no	item
Wizard's head	法師的頭部	common	no	item
Wizard's mind bomb	法師的心靈炸彈	common	no	item
Wizzydumped	Wizzydumped	proper	yes	npc
Woad leaf	菘藍葉	common	no	item
Woad seed	菘藍種子	common	no	item
Wolf	狼	proper	yes	npc
Wolf Whistle	狼哨	proper	yes	quest
Wolf bone	狼骨頭	common	no	item
Wolf bones	狼的骨頭	common	no	item
Wolf mask	狼面具	common	no	item
Wolf whistle	狼哨	common	no	item
Wolfbane	狼毒草	common	no	item
Wolfbane Dagger	狼毒匕首	proper	yes	namebi
Wolfbone arrowtips	狼骨箭頭	common	no	item
Wolpertinger	沃爾珀廷格	proper	yes	npc
Wolpertinger pouch	沃爾珀廷格小袋	common	no	item
Woman	女人	common	no	npc
Woman-at-arms	女武士	proper	yes	npc
Wood Dryad	木之樹精	proper	yes	npc
Wood camo legs	木質迷彩腿部	common	no	item
Wood camo top	木質迷彩上衣	common	no	item
Wood dining table	木製餐桌	common	no	item
Wood kitchen table	木製廚房桌	common	no	item
Woodcut. cape(t)	砍伐斗篷(t)	common	no	item
Woodcutting	砍伐	common	no	glossary
Woodcutting Tutor	砍伐導師	proper	yes	npc
Woodcutting cape	砍伐斗篷	common	no	item
Woodcutting hood	砍伐兜帽	common	no	item
Woodcutting tome	砍伐之書	common	no	item
Wooden bed	木製床	common	no	item
Wooden bench	木製長凳	common	no	item
Wooden bookcase	木製書籍架	common	no	item
Wooden cat	木製貓	common	no	item
Wooden chair	木椅	common	no	item
Wooden disk	木製圓盤	common	no	item
Wooden shield	木盾	common	no	item
Wooden spoon	木匙	common	no	item
Wooden stock	木製弩身	common	no	item
Wooden sword	木劍	common	no	item
Wooden telescope	木製望遠鏡	common	no	item
Wool	羊毛	common	no	item
Woolly hat	羊毛帽子	common	no	item
Woolly scarf	羊毛圍巾	common	no	item
Workman	工人	proper	yes	npc
Worm	蠕蟲	common	no	item
Worm batta	蠕蟲 batta	common	no	item
Worm crunchies	蠕蟲脆餅	common	no	item
Worm hole	蠕蟲洞	common	no	item
Wormbrain	蟲腦	proper	yes	npc
Worms	蠕蟲	common	no	item
Worn-out adamant gauntlets	磨損的精鋼手套	common	no	item
Worn-out black gauntlets	磨損的黑手套	common	no	item
Worn-out bronze gauntlets	磨損的青銅手套	common	no	item
Worn-out dragon gauntlets	磨損的龍手套	common	no	item
Worn-out iron gauntlets	磨損的鐵手套	common	no	item
Worn-out mithril gauntlets	磨損的秘銀手套	common	no	item
Worn-out rune gauntlets	磨損的符文手套	common	no	item
Worn-out steel gauntlets	磨損的精鋼手套	common	no	item
Wounded phoenix	受傷的鳳凰	proper	yes	npc
Woven top	編織上衣	common	no	item
Wraithboss	幽靈首領	proper	yes	npc
Wrapped candy	包裝糖果	common	no	item
Wrapped oomlie	包裹著的 oomlie	common	no	item
Wrench	板手	common	no	item
Wrist	手腕	common	no	item
Wrought iron key	鍛鐵鑰匙	common	no	item
Wurbel	沃貝爾	proper	yes	npc
Wydin	威丁	proper	yes	npc
Wydin's Food Store	威丁的食品店	common	no	shop
Wyson the gardener	園丁懷森	proper	yes	npc
Wyvern bones	飛龍骨頭	common	no	item
Wyvern display	飛龍展示	proper	yes	npc
Yadech Strongarm	雅德奇·強腕	proper	yes	npc
Yadviga	雅德維加	proper	yes	npc
Yak	犛牛	proper	yes	npc
Yak-hide	犛牛皮	common	no	item
Yak-hide armour	犛牛皮護甲	common	no	item
Yanille	亞尼爾	proper	yes	namebi
Yanillian hops	雅尼利亞霍普斯	common	no	item
Yanillian seed	亞尼利亞種子	common	no	item
Yanni Salika	雅妮·薩利卡	proper	yes	npc
Yellow Fortune Director	黃色幸運總監	proper	yes	npc
Yellow Fortune Secretary	黃色幸運秘書	proper	yes	npc
Yellow attractor	黃色吸引器	common	no	item
Yellow balloon	黃色氣球	common	no	item
Yellow barrier generator	黃色屏障產生器	common	no	item
Yellow bead	黃色珠子	common	no	item
Yellow circle	黃色圓形	common	no	item
Yellow crystal	黃色水晶	common	no	item
Yellow destabiliser	黃色穩定器	common	no	item
Yellow dye	黃色染料	common	no	item
Yellow dye bellows	黃色染料風箱	common	no	item
Yellow egg	黃色蛋	common	no	item
Yellow feather	黃色羽毛	common	no	item
Yellow goblin mail	黃色哥布林鎖甲	common	no	item
Yellow orb	黃色球體	proper	yes	npc
Yellow partyhat	黃色派對帽子	common	no	item
Yellow pentagon	黃色五邊形	common	no	item
Yellow repeller	黃色排斥器	common	no	item
Yellow spice (1)	黃色香料 (1)	common	no	item
Yellow spice (2)	黃色香料 (2)	common	no	item
Yellow spice (3)	黃色香料 (3)	common	no	item
Yellow spice (4)	黃色香料 (4)	common	no	item
Yellow square	黃色正方形	common	no	item
Yellow toad	黃色蟾蜍	common	no	item
Yellow triangle	黃色三角形	common	no	item
Yeti	雪人	proper	yes	npc
Yew	紫杉木	proper	yes	npc
Yew comp bow	紫杉木複合弓	common	no	item
Yew logs	紫杉木原木	common	no	item
Yew longbow	紫杉木長弓	common	no	item
Yew longbow (u)	紫杉木長弓 (u)	common	no	item
Yew pyre logs	紫杉木柴堆原木	common	no	item
Yew roots	紫杉木根	common	no	item
Yew sapling	紫杉木小樹	common	no	item
Yew seed	紫杉木種子	common	no	item
Yew seedling	紫杉木幼苗	common	no	item
Yew shortbow	紫杉木短弓	common	no	item
Yew shortbow (u)	紫杉木短弓 (u)	common	no	item
Yew stock	紫杉木庫存	common	no	item
Yewnock the engineer	工程師 Yewnock	proper	yes	npc
Yewnock's notes	Yewnock 的筆記	common	no	item
Yin yang amulet	陰陽護身符	common	no	item
Yo-yo	溜溜球	common	no	item
Yohnus	約努斯	proper	yes	npc
Yoinker	搶走者	proper	yes	npc
Yommi totem	Yommi 圖騰	common	no	item
Yommi tree seeds	Yommi 樹木種子	common	no	item
Young 'un	小傢伙	proper	yes	npc
Young Impling	年輕小惡魔	proper	yes	npc
Young Impling Puro	年輕小惡魔 Puro	proper	yes	npc
Young Ralph	年輕的拉爾夫	proper	yes	npc
Young impling jar	年輕小惡魔罐	common	no	item
Yrsa	Yrsa	proper	yes	npc
Yrsa's Accoutrements	Yrsa 的裝備	common	no	shop
Ysgawyn	伊斯高溫	proper	yes	npc
Yt-HurKot	Yt-HurKot	proper	yes	npc
Yt-MejKot	Yt-MejKot	proper	yes	npc
Yulf Squecks	尤爾夫·斯奎克斯	proper	yes	npc
Yuri	尤里	proper	yes	npc
Yurkolgokh key	Yurkolgokh 鑰匙	common	no	item
Z sigil	Z 符文	common	no	item
Zadimus corpse	Zadimus屍體	common	no	item
Zaff	扎夫	proper	yes	npc
Zaff's instructions	扎夫的指示	common	no	item
Zahra	扎赫拉	proper	yes	npc
Zahur	扎胡爾	proper	yes	npc
Zahwa	扎瓦	proper	yes	npc
Zakl'n Gritch	扎克爾·格里奇	proper	yes	npc
Zamatrice egg	扎馬特里士蛋	common	no	item
Zambo	贊博	proper	yes	npc
Zamorak	札莫拉克	proper	yes	namebi
Zamorak armour set (l)	札莫拉克護甲套裝 (l)	proper	yes	item
Zamorak armour set (sk)	札莫拉克護甲套裝 (sk)	proper	yes	item
Zamorak banner	札莫拉克旗幟	proper	yes	item
Zamorak bird	札莫拉克鳥	proper	yes	npc
Zamorak bracers	薩莫拉克護腕	proper	yes	item
Zamorak brew(1)	Zamorak 釀劑(1)	proper	yes	item
Zamorak brew(2)	Zamorak 釀劑(2)	proper	yes	item
Zamorak brew(3)	Zamorak 釀劑(3)	proper	yes	item
Zamorak brew(4)	薩莫拉克釀劑(4)	proper	yes	item
Zamorak cape	札莫拉克斗篷	proper	yes	item
Zamorak chaps	薩莫拉克護腿	proper	yes	item
Zamorak chick	札莫拉克幼雛	proper	yes	npc
Zamorak cloak	札莫拉克斗篷	proper	yes	item
Zamorak coif	薩莫拉克鎖子甲頭罩	proper	yes	item
Zamorak crafter	札莫拉克工匠	proper	yes	npc
Zamorak crozier	札莫拉克權杖	proper	yes	item
Zamorak d'hide	薩莫拉克龍皮	proper	yes	item
Zamorak full helm	薩莫拉克全罩頭盔	proper	yes	item
Zamorak godsword	札莫拉克神劍	proper	yes	item
Zamorak hawk	札莫拉克鷹	proper	yes	npc
Zamorak hilt	Zamorak 劍柄	proper	yes	item
Zamorak kiteshield	薩莫拉克風箏盾	proper	yes	item
Zamorak mage	Zamorak 法師	proper	yes	npc
Zamorak mitre	札莫拉克冠冕	proper	yes	item
Zamorak mix(1)	薩莫拉克 混合(1)	proper	yes	item
Zamorak mix(2)	薩莫拉克 混合(2)	proper	yes	item
Zamorak mjolnir	札莫拉克米奧尼爾	proper	yes	item
Zamorak page 1	札莫拉克 第1頁	proper	yes	item
Zamorak page 2	札莫拉克 第2頁	proper	yes	item
Zamorak page 3	札莫拉克 第3頁	proper	yes	item
Zamorak page 4	札莫拉克 第4頁	proper	yes	item
Zamorak platebody	薩莫拉克胸甲	proper	yes	item
Zamorak platelegs	薩莫拉克腿甲	proper	yes	item
Zamorak plateskirt	薩莫拉克裙甲	proper	yes	item
Zamorak ranger	Zamorak 遊俠	proper	yes	npc
Zamorak robe	札莫拉克長袍	proper	yes	item
Zamorak robe legs	札莫拉克長袍腿部	proper	yes	item
Zamorak robe top	札莫拉克長袍上衣	proper	yes	item
Zamorak staff	薩莫拉克法杖	proper	yes	item
Zamorak stole	札莫拉克披肩	proper	yes	item
Zamorak symbol	札莫拉克符號	proper	yes	npc
Zamorak warrior	Zamorak 戰士	proper	yes	npc
Zamorak wizard	札莫拉克法師	proper	yes	npc
Zamorakian spear	Zamorakian 長矛	common	no	item
Zanaris	札納里斯	proper	yes	namebi
Zanaris General Store	Zanaris General Store (Zanaris 通用商店)	common	no	shop
Zanaris choir	Zanaris 合唱團	proper	yes	npc
Zandar Horfyre	贊達爾·霍法亞	proper	yes	npc
Zanik	扎尼克	proper	yes	npc
Zanik ring	扎尼克戒指	common	no	item
Zaromark Sliver	Zaromark 碎片	proper	yes	npc
Zaros	扎羅斯	proper	yes	namebi
Zavistic	扎維斯提克	proper	yes	namebi
Zavistic Rarve	扎維斯提克·拉夫	proper	yes	npc
Zealot	狂熱者	proper	yes	npc
Zealot's key	狂熱者的鑰匙	common	no	item
Zeke	齊克	proper	yes	npc
Zeke's Superior Scimitars	齊克的優質彎刀店	common	no	shop
Zemouregal	澤穆雷加爾	proper	yes	npc
Zenesha	澤妮莎	proper	yes	npc
Zenesha's Platebody Shop	澤妮莎的胸甲店	common	no	shop
Zenkog	贊科格	proper	yes	npc
Zogre	佐格雷	proper	yes	npc
Zogre Flesh Eaters	佐格雷食肉者	proper	yes	quest
Zogre bone	佐格雷骨頭	common	no	item
Zogre bones	佐格雷骨頭	common	no	item
Zoja	佐雅	proper	yes	npc
Zombie	殭屍	proper	yes	npc
Zombie Head	殭屍頭部	proper	yes	npc
Zombie bone	殭屍骨頭	common	no	item
Zombie boots	殭屍靴子	common	no	item
Zombie gloves	殭屍手套	common	no	item
Zombie hand	殭屍之手	proper	yes	npc
Zombie head	殭屍頭部	common	no	item
Zombie mask	殭屍面具	common	no	item
Zombie monk	殭屍僧侶	proper	yes	npc
Zombie pirate	殭屍海盜	proper	yes	npc
Zombie protester	殭屍抗議者	proper	yes	npc
Zombie rat	殭屍老鼠	proper	yes	npc
Zombie shirt	殭屍襯衫	common	no	item
Zombie swab	殭屍清掃員	proper	yes	npc
Zombie trousers	殭屍長褲	common	no	item
Zombies Champion	殭屍冠軍	proper	yes	npc
Zoo keeper	動物園管理員	proper	yes	npc
Zooknock	祖諾克	proper	yes	npc
Zuriel's hood	祖里爾兜帽	common	no	item
Zuriel's hood (deg)	祖里爾兜帽 (降階)	common	no	item
Zuriel's robe bottom	祖里爾長袍下裝	common	no	item
Zuriel's robe bottom (deg)	祖里爾長袍下裝 (降階)	common	no	item
Zuriel's robe top	祖里爾長袍上衣	common	no	item
Zuriel's robe top (deg)	祖里爾長袍上衣 (降階)	common	no	item
Zuriel's staff	祖里爾法杖	common	no	item
Zuriel's staff (deg)	祖里爾法杖 (降階)	common	no	item
Zygomite	齊戈米特	proper	yes	npc
fluffie	Fluffie	proper	yes	npc
null	null	proper	yes	npc
AIR	空氣	common	no	token
ANCIENTS	古老者	proper	yes	token
Aaaaaaaarrgghhhh	啊啊啊啊啊啊啊啊	proper	yes	token
Aadeela	阿迪拉	proper	yes	token
Aaron	亞倫	proper	yes	token
Abigail	阿比蓋爾	proper	yes	token
Absolutus	艾布索路圖斯	proper	yes	token
Acantha	阿坎莎	proper	yes	token
Acheron	阿刻戎	proper	yes	token
Achy	阿奇	proper	yes	token
Adam	亞當	proper	yes	token
Adamantite	金剛石礦	common	no	token
Aeonisig	艾歐尼希格	proper	yes	token
Aery	艾瑞	proper	yes	token
Aeryka	艾莉卡	proper	yes	token
Agrith	阿格里斯	proper	yes	token
Ailanthus	臭椿	proper	yes	token
Albrect	阿爾布雷希特	proper	yes	token
Alfonse	阿方斯	proper	yes	token
Alfred	阿佛烈德	proper	yes	token
Ali	阿里	proper	yes	token
Aluft	阿魯夫特	proper	yes	token
Alvis	阿爾維斯	proper	yes	token
Anchor	錨	proper	yes	token
Andrew	安德魯	proper	yes	token
Androe	安卓	proper	yes	token
Angor	安戈	proper	yes	token
Annakarl	安納卡爾	proper	yes	token
AntiMacro	反腳本	proper	yes	token
Anvil	鐵砧	proper	yes	token
Aphro	阿芙羅	proper	yes	token
Arblenap	阿布萊納普	proper	yes	token
Arcana	阿卡納	proper	yes	token
Arcenia	阿肯妮亞	proper	yes	token
Ardrigal	阿德里格爾	common	no	token
Argenthorg	阿金索格	proper	yes	token
Arma	阿瑪	proper	yes	token
Arnav	阿納夫	proper	yes	token
Arnold	阿諾德	proper	yes	token
Arrgghhh	啊啊啊	proper	yes	token
Artimus	阿提姆斯	proper	yes	token
Arzinian	阿齊尼亞	proper	yes	token
Ascertes	阿斯瑟特斯	proper	yes	token
Asgarnian	阿斯加尼亞人	proper	yes	token
Askeladd	阿斯凱拉德	proper	yes	token
Asleif	阿斯萊夫	proper	yes	token
Asyn	阿辛	proper	yes	token
Avantoe	阿凡托	common	no	token
Aviantese	艾維安語	proper	yes	token
Awusah	阿武薩	proper	yes	token
BOTSCRIPT	機器人腳本	proper	yes	token
Baraeck	巴萊克	proper	yes	token
Barb	鬍鬚	proper	yes	token
Barrow	墳塚	proper	yes	token
Barrows	巴羅斯	proper	yes	token
Bars	金屬條	proper	yes	token
Batta	巴塔	common	no	token
Battas	巴塔斯	proper	yes	token
Battle	戰鬥	common	no	token
Beard	鬍鬚	proper	yes	token
Bebadin	貝巴丁	proper	yes	token
Bedabins	貝達賓斯	proper	yes	token
Bedread	貝德雷德	proper	yes	token
Bekky	貝琪	proper	yes	token
Bennath	本納斯	proper	yes	token
Bertha	伯莎	proper	yes	token
Bervirius	貝維里烏斯	proper	yes	token
Bhasim	巴希姆	proper	yes	token
Bittercap	苦帽菇	proper	yes	token
Black	黑色	common	no	token
Blaze	布雷茲	proper	yes	token
Blemish	瑕疵	proper	yes	token
Bloatscapers	膨脹者	proper	yes	token
Blonde	金髮	proper	yes	token
Blood	血液	common	no	token
Blue	藍色	proper	yes	token
Blurite	藍精石	common	no	token
Boar	野豬	proper	yes	token
Bod	波德	proper	yes	token
Bolren	波倫	proper	yes	token
Bordanzan	波丹贊	proper	yes	token
Bordiss	波迪斯	proper	yes	token
Bowdi	波迪	proper	yes	token
Bracket	支架	proper	yes	token
Brain	大腦	proper	yes	token
Braindeath	腦死	proper	yes	token
Broad	寬闊的	proper	yes	token
Broodoo	布魯杜	proper	yes	token
Bug	蟲子	proper	yes	token
Bukalla	布卡拉	proper	yes	token
Bunkwicker	本威克	proper	yes	token
Bunwicker	本威克	proper	yes	token
Burgh	伯格	proper	yes	token
Burgis	伯吉斯	proper	yes	token
Bwana	布瓦納	proper	yes	token
Bwo	布沃	proper	yes	token
Cadantine	卡丹汀	common	no	token
Cadavaberry	屍骸莓	proper	yes	token
Calquat	卡奎特	common	no	token
Cam	坎	proper	yes	token
Camorra	卡莫拉	proper	yes	token
Camp	營地	proper	yes	token
Candlestick	燭台	proper	yes	token
Candtrick	坎德瑞克	proper	yes	token
Cap	帽子	proper	yes	token
Carnillean	卡尼利安	proper	yes	token
Carnilleans	卡尼利安人	proper	yes	token
Carrallangar	卡拉蘭加	proper	yes	token
Cart	手推車	proper	yes	token
Cashien	卡希恩	proper	yes	token
Castle	城堡	proper	yes	token
Castlewars	城堡之戰	proper	yes	token
Caves	洞穴	proper	yes	token
Cedar	雪松	proper	yes	token
Cedric	塞德里克	proper	yes	token
Ceikry	賽克里	proper	yes	token
Ceikrys	賽克瑞斯	proper	yes	token
Ceikys	賽基斯	proper	yes	token
Cell	細胞	proper	yes	token
Centre	中心	proper	yes	token
Certain	某個	proper	yes	token
Cfunny	奇非	proper	yes	token
Chalice	聖杯	proper	yes	token
Champion	冠軍	proper	yes	token
Champions	冠軍們	proper	yes	token
Chaos	混沌	common	no	token
Charles	查爾斯	proper	yes	token
Chat	聊天	proper	yes	token
Cheevers	奇弗斯	proper	yes	token
Chieftan	首領	proper	yes	token
Chier	奇爾	proper	yes	token
Chompies	咀嚼者	proper	yes	token
Chompy	咀嚼蟲	proper	yes	token
Cinqo	辛科	proper	yes	token
Circle	圓圈	proper	yes	token
ClanMember	氏族成員	proper	yes	token
Classic	古典	proper	yes	token
CoinShare	硬幣分配	proper	yes	token
Combar	康巴	proper	yes	token
Contact	接觸	proper	yes	token
Coraxatrice	柯拉克絲	proper	yes	token
Cordero	柯德羅	proper	yes	token
Corp	企業	proper	yes	token
Corrupt	腐化	proper	yes	token
Council	理事會	proper	yes	token
Craig	克雷格	proper	yes	token
Cromperty	克羅姆珀蒂	proper	yes	token
Crunch	嘎吱作響	proper	yes	token
Crunchies	脆餅	proper	yes	token
Crunchy	酥脆的	proper	yes	token
Curator	館長	proper	yes	token
Cyclopes	獨眼巨人	proper	yes	token
DESTINATIONS	目的地	proper	yes	token
Daconia	達科尼亞	proper	yes	token
Daeyalt	戴亞特	proper	yes	token
Dag	達格	proper	yes	token
Dagon	達貢	proper	yes	token
Dal	達爾	proper	yes	token
Dalcian	達爾西恩	proper	yes	token
Damien	達米恩	proper	yes	token
Dareeyak	達里亞克	proper	yes	token
Dargaud	達高德	proper	yes	token
Dark	暗影	proper	yes	token
Davy	戴維	proper	yes	token
Deelie	迪利	proper	yes	token
Dellie	德利	proper	yes	token
Depot	倉庫	proper	yes	token
Deziree	德齊瑞	proper	yes	token
Dezzick	德齊克	proper	yes	token
Dhalak	達拉克	proper	yes	token
DialogueLabel	對話標籤	proper	yes	token
DialogueOption	對話選項	proper	yes	token
Discord	不和	proper	yes	token
Dizzy	暈眩	proper	yes	token
Doogle	杜格	common	no	token
Dorgesh	多吉什	proper	yes	token
Doug	杜格	proper	yes	token
Dougie	道吉	proper	yes	token
Drakyn	德拉金	proper	yes	token
Drazier	德雷齊爾	proper	yes	token
Dreinna	德萊娜	proper	yes	token
Drennor	德雷諾	proper	yes	token
Drogo	德羅戈	proper	yes	token
Drogokishuun	多格基舒恩	proper	yes	token
Drozal	卓札爾	proper	yes	token
Druids	德魯伊	proper	yes	token
Dumb	愚蠢	proper	yes	token
Dungeon	地牢	proper	yes	token
Dwelberry	德威莓果	proper	yes	token
EXP	經驗值	proper	yes	token
East	東方	proper	yes	token
Ectofuntus	艾克托芬圖斯	proper	yes	token
Ectotokens	艾克托代幣	proper	yes	token
Edern	艾登	proper	yes	token
Ekeleshuun	艾克萊舒恩	proper	yes	token
Ele	艾莉	proper	yes	token
Ellemar	艾勒瑪	proper	yes	token
Elly	艾莉	proper	yes	token
Elnock	艾諾克	proper	yes	token
Elriss	艾瑞斯	proper	yes	token
Elven	精靈的	proper	yes	token
Entranan	恩特拉納人	proper	yes	token
Equa	奎亞	common	no	token
Erin	艾琳	proper	yes	token
Etceterian	艾特塞特里安	proper	yes	token
Eternity	永恆	proper	yes	token
Eughr	尤格	proper	yes	token
Evilwaffles	邪惡鬆餅	proper	yes	token
Exam	考試	proper	yes	token
Expert	專家	proper	yes	token
Ezekial	艾澤基爾	proper	yes	token
Falls	瀑布	proper	yes	token
Fally	法利	proper	yes	token
Farid	法里德	proper	yes	token
Father	父親	proper	yes	token
Fawrence	佛倫斯	proper	yes	token
Faye	法伊	proper	yes	token
Fayrg	法格	proper	yes	token
Fenkenstrain	芬肯斯坦	proper	yes	token
Fenky	芬奇	proper	yes	token
Feoras	費歐拉斯	proper	yes	token
Ferentse	費倫特斯	proper	yes	token
Fighter	戰士	proper	yes	token
Fillman	菲爾曼	proper	yes	token
Finlay	芬萊	proper	yes	token
Fintan	芬坦	proper	yes	token
Firebird	火鳥	proper	yes	token
Fitzharmon	菲茲哈蒙	proper	yes	token
Fiyr	菲爾	proper	yes	token
Fizgog	菲茲格	proper	yes	token
Flamtaer	弗拉姆泰爾	proper	yes	token
Flash	閃光	proper	yes	token
Flosi	弗洛西	proper	yes	token
Foil	箔	proper	yes	token
Fortress	要塞	proper	yes	token
Foster	福斯特	proper	yes	token
Fred	弗雷德	proper	yes	token
Freddie	弗雷迪	proper	yes	token
Fremenniks	弗雷梅尼克人	proper	yes	token
Frenekstrain	弗雷內克斯坦	proper	yes	token
Funch	芬奇	proper	yes	token
Fyre	費爾	proper	yes	token
GLOBAL	全球	proper	yes	token
GLOVES	手套	proper	yes	token
Gal	蓋爾	proper	yes	token
Gang	幫派	proper	yes	token
Gar	加爾	proper	yes	token
Garagorshuun	加拉戈舒恩	proper	yes	token
Gawain	高文	proper	yes	token
General	將軍	common	no	token
Geoff	傑夫	proper	yes	token
Gherkin	小黃瓜	proper	yes	token
Ghorrock	戈羅克	proper	yes	token
Ghrim	格林	proper	yes	token
Gielinor	吉蘭諾	proper	yes	token
Giftmas	聖誕禮物節	proper	yes	token
Gilob	基洛布	proper	yes	token
Glouphrie	葛露芙莉	proper	yes	token
Gnomic	侏儒的	proper	yes	token
Godblessed	上帝祝福的	proper	yes	token
Goldshire	金鄉	proper	yes	token
Gou	勾	proper	yes	token
Gout	痛風	proper	yes	token
Gower	高爾	proper	yes	token
Graahk	格拉克	proper	yes	token
Grayzag	格雷扎格	proper	yes	token
Great	偉大的	proper	yes	token
Gricoller	格里科勒	proper	yes	token
Grim	陰森的	proper	yes	token
Grimhand	陰森之手	proper	yes	token
Grimspike	陰森尖刺	proper	yes	token
Grinch	格林奇	proper	yes	token
Grips	抓握	proper	yes	token
Groats	燕麥粥	proper	yes	token
Grrr	吼聲	proper	yes	token
Guam	關島	common	no	token
Guild	公會	proper	yes	token
HDR	高動態範圍	proper	yes	token
HDT	高動態技術	proper	yes	token
HOME	家	proper	yes	token
Hai	海	proper	yes	token
Halen	海倫	proper	yes	token
Halg	哈爾格	proper	yes	token
Halgrive	哈爾格里夫	proper	yes	token
Hamal	哈馬爾	proper	yes	token
Hammerstone	錘石	proper	yes	token
Handelmort	漢德莫特	proper	yes	token
Handlemort	漢德莫特	proper	yes	token
Hank	漢克	proper	yes	token
Harlan	哈蘭	proper	yes	token
Harlow	哈洛	proper	yes	token
Harmless	無害	proper	yes	token
Harralander	哈拉蘭德人	common	no	token
Harrallak	哈拉拉克	proper	yes	token
Healthorg	健康組織	proper	yes	token
Heather	石楠	proper	yes	token
Heblore	希布洛爾	proper	yes	token
Hemenester	海門內斯特	proper	yes	token
Herman	赫曼	proper	yes	token
Hermie	赫米	proper	yes	token
Heroes	英雄	proper	yes	token
Hieronymous	希羅尼姆斯	proper	yes	token
Higson	海格森	proper	yes	token
Hining	海寧	proper	yes	token
Hobb	霍布	proper	yes	token
Hofuthand	霍富桑德	proper	yes	token
HolidayRandom	節日隨機	proper	yes	token
Hood	兜帽	proper	yes	token
Horogothgar	霍羅高斯加	proper	yes	token
Hradson	赫拉德森	proper	yes	token
Hunt	狩獵	proper	yes	token
Hur	赫爾	proper	yes	token
Huz	赫茲	proper	yes	token
Huzamogaarb	胡扎莫加布	proper	yes	token
Hyeraph	海拉夫	proper	yes	token
Hynn	欣	proper	yes	token
INTERFACE	介面	proper	yes	token
IRIT	伊里特	common	no	token
Iban	伊班	proper	yes	token
Ice	冰	proper	yes	token
Idithuun	伊迪圖恩	proper	yes	token
Inn	客棧	proper	yes	token
Integer	整數	proper	yes	token
Invrigar	因夫里加	proper	yes	token
Iorwerth	伊奧沃斯	proper	yes	token
Irit	伊里特	common	no	token
Ironman	鐵人模式	proper	yes	token
Isle	島嶼	proper	yes	token
Itchood	伊奇胡德	proper	yes	token
Ivor	伊佛	proper	yes	token
Izzy	伊齊	proper	yes	token
JONES	瓊斯	proper	yes	token
Jackie	傑基	proper	yes	token
Jad	賈德	proper	yes	token
Jagex	捷魔	proper	yes	token
JalYte	賈萊特	proper	yes	token
Jane	珍	proper	yes	token
Jangles	詹格斯	proper	yes	token
Jaresh	傑雷什	proper	yes	token
Java	賈瓦	proper	yes	token
Jenkins	詹金斯	proper	yes	token
Jennica	珍妮卡	proper	yes	token
Jeremy	傑瑞米	proper	yes	token
Jessika	潔西卡	proper	yes	token
Jofridr	約弗里德	proper	yes	token
Johanhus	約漢胡斯	proper	yes	token
Jolly	喬利	proper	yes	token
Jones	瓊斯	proper	yes	token
Jonny	強尼	proper	yes	token
Jubbly	賈布利	proper	yes	token
Justin	賈斯汀	proper	yes	token
Kaan	坎	proper	yes	token
Kaleb	卡萊布	proper	yes	token
Kaleef	卡利夫	proper	yes	token
Kandarin	坎德林	proper	yes	token
Kanga	康加	proper	yes	token
Karambwan	卡蘭布萬	proper	yes	token
Kbd	帝王龍	proper	yes	token
Keep	要塞	proper	yes	token
Keepa	奇帕	proper	yes	token
Keldashomething	凱爾達某物	proper	yes	token
Keldi	凱爾迪	proper	yes	token
Keldu	凱爾杜	proper	yes	token
Kerner	克納	proper	yes	token
Ket	凱特	proper	yes	token
Kettilon	凱提隆	proper	yes	token
Kharazi	卡拉齊	proper	yes	token
Kharid	卡里德	proper	yes	token
Kharrim	卡瑞姆	proper	yes	token
Kharyrll	卡瑞爾	proper	yes	token
Khorvak	寇瓦克	proper	yes	token
Kimit	基米特	proper	yes	token
Kinshra	金什拉	proper	yes	token
Knights	騎士們	proper	yes	token
Korasi	科拉西	proper	yes	token
Krandorian	克蘭多里安	proper	yes	token
Kree	克里	proper	yes	token
Kuam	夸姆	proper	yes	token
Kudos	功績	proper	yes	token
Kwuarm	夸姆	common	no	token
Kyatt	凱特	proper	yes	token
LOCAL	本地	proper	yes	token
LOCATION	位置	proper	yes	token
LOL	哈哈	proper	yes	token
LUNARS	露娜族	proper	yes	token
Lady	女士	proper	yes	token
Lake	湖泊	proper	yes	token
Lakki	拉基	proper	yes	token
Lancelot	蘭斯洛特	proper	yes	token
Lantadyme	蘭塔戴姆	common	no	token
Larravak	拉拉瓦克	proper	yes	token
Larupia	拉魯皮亞	proper	yes	token
Lassar	拉薩	proper	yes	token
Lather	泡沫	proper	yes	token
Lek	萊克	proper	yes	token
Lestwit	萊斯特威特	proper	yes	token
Leye	萊伊	proper	yes	token
Library	圖書館	proper	yes	token
Limpwurt	軟莖草	proper	yes	token
Loar	洛爾	proper	yes	token
Lobby	大廳	proper	yes	token
Lokar	洛卡	proper	yes	token
Longhall	隆哈爾	proper	yes	token
Lord	領主	proper	yes	token
Louie	路易	proper	yes	token
Louisiana	路易斯安那	proper	yes	token
Lovecraft	拉夫克拉夫特	proper	yes	token
Lum	倫	proper	yes	token
Lumbrich	倫布里奇	proper	yes	token
Lunar	月亮	proper	yes	token
Luv	拉芙	proper	yes	token
MAX	馬克斯	proper	yes	token
MODERN	摩登	proper	yes	token
Mad	瘋狂	proper	yes	token
Magis	馬吉斯	proper	yes	token
Mahjarrat	馬札拉特	proper	yes	token
Maledict	詛咒者	proper	yes	token
Mallum	馬倫	proper	yes	token
Mambo	曼波	proper	yes	token
Management	管理	proper	yes	token
Manor	莊園	proper	yes	token
Mansion	宅邸	proper	yes	token
Marjoribanks	馬喬里班克斯	proper	yes	token
Marmaros	馬瑪羅斯	proper	yes	token
Marrentill	馬倫提爾	common	no	token
Marv	馬夫	proper	yes	token
Mastic	樹脂	proper	yes	token
Matt	馬特	proper	yes	token
Maximillian	馬克西米利安	proper	yes	token
Maz	馬茲	proper	yes	token
Maze	迷宮	proper	yes	token
McGrubor	麥格魯博	proper	yes	token
Mej	梅傑	proper	yes	token
Mel	梅爾	proper	yes	token
Melty	梅爾蒂	proper	yes	token
Melzar	梅爾扎爾	proper	yes	token
Menaphite	梅納菲特人	proper	yes	token
Mewing	喵叫	proper	yes	token
Mikasi	米卡西	proper	yes	token
Milli	米莉	proper	yes	token
Min	明	proper	yes	token
Mina	米娜	proper	yes	token
Minor	次要	proper	yes	token
Miscellanian	雜物島的	proper	yes	token
Misthalin	米斯塔林	proper	yes	token
Mith	密斯	proper	yes	token
Mizgog	米茲高格	proper	yes	token
Mod	管理員	proper	yes	token
Mods	管理員們	proper	yes	token
Monlum	蒙倫	proper	yes	token
Montai	蒙泰	proper	yes	token
Moon	月亮	proper	yes	token
Mordred	莫德雷德	proper	yes	token
Morrigan	莫里根	proper	yes	token
Mort	莫特	proper	yes	token
Morytania	莫瑞塔尼亞	proper	yes	token
Mos	莫斯	proper	yes	token
Mountain	山脈	proper	yes	token
Murky	混濁的	proper	yes	token
Musa	穆薩	proper	yes	token
Museum	博物館	proper	yes	token
Muv	姆夫	proper	yes	token
Myre	邁爾	proper	yes	token
NEW	新	proper	yes	token
Naar	納爾	proper	yes	token
Nardah	納達	proper	yes	token
Narnode	納諾德	proper	yes	token
Narogoshunn	納羅戈舒恩	proper	yes	token
Narogoshuun	納羅戈舒恩	proper	yes	token
Neferti	內弗提	proper	yes	token
Nemarti	內瑪提	proper	yes	token
Nial	尼爾	proper	yes	token
Niall	尼爾	proper	yes	token
Nissyen	尼斯恩	proper	yes	token
North	北方	proper	yes	token
Nuff	納夫	proper	yes	token
Oaknock	奧克諾克	proper	yes	token
Oddenstein	奧德斯坦	proper	yes	token
Offer	提供	proper	yes	token
Ogres	食人魔	proper	yes	token
Old	古老的	proper	yes	token
Olde	古老的	proper	yes	token
Ollie	奧利	proper	yes	token
Omega	歐米茄	proper	yes	token
Ook	奧克	proper	yes	token
Oomlie	歐姆利	common	no	token
Orbon	奧本	proper	yes	token
Ore	礦石	proper	yes	token
Otto	奧托	proper	yes	token
Ourg	歐格	proper	yes	token
Overpass	天橋	proper	yes	token
POH	玩家房屋	proper	yes	token
Packett	帕克特	proper	yes	token
Paddewwa	帕德瓦	proper	yes	token
Paramay	帕拉梅	proper	yes	token
Paramaya	帕拉瑪亞	proper	yes	token
Parlez	帕萊茲	proper	yes	token
Part	部分	proper	yes	token
Peaky	皮基	proper	yes	token
Peer	同儕	proper	yes	token
Pengatrice	潘加翠絲	proper	yes	token
Pentember	潘騰伯	proper	yes	token
Pete	皮特	proper	yes	token
Pharmakos	法馬科斯	proper	yes	token
Phasmatys	法斯瑪提斯	proper	yes	token
Phileas	菲利亞斯	proper	yes	token
Philipe	菲利普	proper	yes	token
Phrin	弗林	proper	yes	token
Pink	粉紅色	proper	yes	token
Pitta	皮塔	common	no	token
Pizazz	魅力	proper	yes	token
Plain	平原	proper	yes	token
Poh	波	proper	yes	token
Point	點	proper	yes	token
Port	港口	proper	yes	token
Potter	波特	proper	yes	token
Potters	波特斯	proper	yes	token
Prototype	原型	proper	yes	token
Prysin	普萊辛	proper	yes	token
Pukkamay	普卡梅	proper	yes	token
Pulse	脈動	proper	yes	token
Puro	普羅	proper	yes	token
Queen	女王	proper	yes	token
QuestRepository	任務儲存庫	proper	yes	token
Qui	奎	proper	yes	token
Quir	奎爾	proper	yes	token
Rachel	瑞秋	proper	yes	token
Radimus	拉迪姆斯	proper	yes	token
Rag	布碎	proper	yes	token
Raispher	萊斯費爾	proper	yes	token
Ral	拉爾	proper	yes	token
Ranarr	蘭納草	common	no	token
Randas	蘭達斯	proper	yes	token
Rantuki	蘭圖基	proper	yes	token
Raurg	羅格	proper	yes	token
Razmire	拉茲米爾	proper	yes	token
Red	紅色	proper	yes	token
Redbeard	紅鬍子	proper	yes	token
Rehnison	雷尼森	proper	yes	token
Rekeshuun	雷克舒恩	proper	yes	token
Relicym	瑞利西姆	proper	yes	token
Ren	倫	proper	yes	token
Ridgeley	瑞吉利	proper	yes	token
Riyl	瑞爾	proper	yes	token
Roald	羅德	proper	yes	token
Robbery	搶劫	proper	yes	token
Rocco	羅科	proper	yes	token
Rogues	盜賊	proper	yes	token
Roh	羅	proper	yes	token
Rok	洛克	proper	yes	token
Rott	腐爛	proper	yes	token
RuneScape	符文之地	proper	yes	token
Runelink	符文連結	proper	yes	token
Runesquares	符文方塊	proper	yes	token
Runeversi	符文宇宙	proper	yes	token
Runite	符文石	common	no	token
Rush	衝刺	proper	yes	token
Ryan	萊恩	proper	yes	token
SHOPS	商店	proper	yes	token
SND	音效	proper	yes	token
SPLAT	濺落	proper	yes	token
Sackville	薩克維爾	proper	yes	token
Safta	薩法塔	proper	yes	token
Salve	聖水	proper	yes	token
Sandstone	砂岩	proper	yes	token
Sanguinesti	桑奎內斯提	proper	yes	token
Sani	薩尼	proper	yes	token
Saragorgak	薩拉高格	proper	yes	token
Saranthium	薩蘭希姆	proper	yes	token
Sassafras	娑羅密	proper	yes	token
Scabarite	斯卡巴里特	proper	yes	token
Scape	領域	proper	yes	token
Scarface	疤面煞星	proper	yes	token
Scorpius	天蠍座	proper	yes	token
ScriptEngineManager	腳本引擎管理器	proper	yes	token
Scruffy	髒兮兮	proper	yes	token
Seenit	看見了	proper	yes	token
Seers	先知	proper	yes	token
SendClanInfo	發送公會資訊	proper	yes	token
SendContactInfo	發送聯絡資訊	proper	yes	token
Senntisten	辛提斯滕	proper	yes	token
ServerConstants	伺服器常數	proper	yes	token
Servil	瑟維爾	proper	yes	token
Shakaya	夏卡雅	proper	yes	token
Sharpeye	銳眼	proper	yes	token
Shilo	希洛	proper	yes	token
Ship	船隻	proper	yes	token
Shiratti	希拉蒂	proper	yes	token
Shrimp	蝦子	proper	yes	token
Shrink	收縮	proper	yes	token
Shrinking	縮小	proper	yes	token
Silvthril	希爾夫斯里爾	proper	yes	token
Silvthrill	希爾夫斯里爾	proper	yes	token
Sin	罪孽	proper	yes	token
Sir	爵士	proper	yes	token
Sito	希托	proper	yes	token
Skin	皮膚	proper	yes	token
Snape	斯內普	proper	yes	token
Snarthon	斯納索恩	proper	yes	token
Solus	索拉斯	proper	yes	token
Sorcerer	巫師	proper	yes	token
SpadeDigListener	鏟挖聽者	proper	yes	token
Spishyus	斯皮修斯	proper	yes	token
Sram	斯蘭	proper	yes	token
Staffs	法杖	proper	yes	token
Stan	史丹	proper	yes	token
Statius	史塔修斯	proper	yes	token
Steelwill	鋼鐵意志	proper	yes	token
Stikklebrix	史提克勒布里克斯	proper	yes	token
Stormwind	風暴之風	proper	yes	token
StringUtils	字串工具	proper	yes	token
Stronghold	要塞	proper	yes	token
Studded	鉚釘的	proper	yes	token
Sue	蘇	proper	yes	token
Summer	薩默	proper	yes	token
Suspiciouse	可疑的	proper	yes	token
Sven	斯文	proper	yes	token
Swamps	沼澤	proper	yes	token
Swensen	斯溫森	proper	yes	token
Sword	劍	proper	yes	token
TELEPORT	傳送	proper	yes	token
Tab	分頁	proper	yes	token
Table	桌子	proper	yes	token
Tafani	塔法尼	proper	yes	token
Tai	泰	proper	yes	token
Tal	塔爾	proper	yes	token
Talvald	塔爾瓦德	proper	yes	token
Tanoth	塔諾斯	proper	yes	token
Tarlock	塔洛克	proper	yes	token
Tarromin	塔羅明	common	no	token
Taupe	灰褐色	proper	yes	token
Tchiki	奇奇	proper	yes	token
Tel	泰爾	proper	yes	token
Tenti	騰提	common	no	token
Termanto	特曼托	proper	yes	token
Terprett	特普雷特	proper	yes	token
Terrance	泰倫斯	proper	yes	token
Terrova	特羅瓦	proper	yes	token
Terry	泰瑞	proper	yes	token
Tess	泰絲	proper	yes	token
Thaki	塔基	proper	yes	token
Thakkrad	塔克拉德	proper	yes	token
Thammaron	薩瑪隆	proper	yes	token
Thatch	茅草	proper	yes	token
Thieves	小偷	proper	yes	token
Thorobshuun	索羅布舒恩	proper	yes	token
Thorvald	索瓦德	proper	yes	token
Thrantax	薩蘭塔克斯	proper	yes	token
Thriller	驚悚者	proper	yes	token
Tinley	廷利	proper	yes	token
Toad	蟾蜍	common	no	token
Toadflax	蟾蜍亞麻	common	no	token
TokTz	托克茨	proper	yes	token
Toktz	托克茨	proper	yes	token
Tony	東尼	proper	yes	token
Torstol	托斯托	common	no	token
Tower	塔	proper	yes	token
Trampin	特蘭平	proper	yes	token
Treasure	寶藏	proper	yes	token
Trials	試煉	proper	yes	token
Trudi	特魯迪	proper	yes	token
Tunnel	隧道	proper	yes	token
Tyras	泰拉斯	common	no	token
TzHar	茨哈爾	proper	yes	token
Tzhaar	茨哈爾	proper	yes	token
UID	使用者識別碼	proper	yes	token
UIM	終極鐵玩家	proper	yes	token
Uglogwee	烏格洛威	proper	yes	token
Ulsbrecht	烏斯布雷希特	proper	yes	token
Ultimate	終極	proper	yes	token
Umesco	烏梅斯科	proper	yes	token
Undri	安德里	proper	yes	token
Urhney	厄尼	proper	yes	token
Usewith	使用與	proper	yes	token
Uzer	尤澤	proper	yes	token
VARBIT	瓦比特	proper	yes	token
Valdez	瓦德茲	proper	yes	token
Valiaf	瓦利亞夫	proper	yes	token
Vanguard	先鋒	proper	yes	token
Varbit	瓦比特	proper	yes	token
Varbits	瓦比特礦石	proper	yes	token
Varmen	瓦門	proper	yes	token
Varp	瓦普	proper	yes	token
Varze	瓦澤	proper	yes	token
Veldaban	維爾達班	proper	yes	token
Velrak	維爾拉克	proper	yes	token
Vesta	維斯塔	proper	yes	token
Vey	薇	proper	yes	token
Vief	薇芙	proper	yes	token
Viggora	維戈拉	proper	yes	token
Village	村莊	proper	yes	token
Vlad	弗拉德	proper	yes	token
Volencia	沃倫西亞	proper	yes	token
Vulatrice	芙拉特里希	proper	yes	token
Vyvin	維文	proper	yes	token
WILL	威爾	proper	yes	token
Waka	瓦卡	proper	yes	token
Wannai	萬奈	proper	yes	token
Warding	守護	proper	yes	token
Wartface	疣臉	proper	yes	token
Waterbirth	水生之誕生	proper	yes	token
White	白色	common	no	token
Whosprangit	惠斯普蘭吉特	proper	yes	token
Wildblood	野性之血	proper	yes	token
Wilf	威爾夫	proper	yes	token
Wilfred	威爾弗雷德	proper	yes	token
Winch	絞車	proper	yes	token
Windows	視窗	proper	yes	token
Witchaven	巫師避難所	proper	yes	token
Wizards	巫師	proper	yes	token
Woah	哇	proper	yes	token
Wood	木頭	proper	yes	token
Wrapper	包裝紙	proper	yes	token
Wright	萊特	proper	yes	token
Wyson	懷森	proper	yes	token
Wyvern	飛龍	proper	yes	token
Xil	希爾	proper	yes	token
Yanillian	亞尼勒人	proper	yes	token
Yannile	亞尼勒	proper	yes	token
Yewnock	尤諾克	proper	yes	token
Yojllik	約吉利克	proper	yes	token
Yommi	湯米	common	no	token
Yurkolgokh	尤科爾高克	proper	yes	token
Zaba	扎巴	proper	yes	token
Zadimus	扎迪姆斯	proper	yes	token
Zammy	扎米	proper	yes	token
Zamo	扎莫	proper	yes	token
Zar	扎爾	proper	yes	token
Zaromark	扎羅馬克	proper	yes	token
Zek	澤克	proper	yes	token
Zil	齊爾	proper	yes	token
Zmoke	茲莫克	proper	yes	token
Zogres	卓格雷	proper	yes	token
Zogries	卓格雷	proper	yes	token
Zoo	動物園	proper	yes	token
acket	夾克	common	no	token
addbotoffer	添加機器人報價	common	no	token
address	地址	common	no	token
addxp	增加經驗值	common	no	token
adv	冒險/進度	common	no	token
alex	亞歷克斯	common	no	token
all	全部	common	no	token
allowaggro	允許激怒	common	no	token
allowge	允許量	common	no	token
ame	艾米	common	no	token
ammount	數量	common	no	token
amounts	數量	common	no	token
amt	數量	common	no	token
amulet	護身符	common	no	token
ana	安娜	common	no	token
ando	安多	common	no	token
andra	安德拉	common	no	token
anim	動畫	common	no	token
animation	動畫	common	no	token
anims	動畫	common	no	token
announce	公告	common	no	token
announcement	公告	common	no	token
another	另一個	common	no	token
anti	反	common	no	token
applyImmunity	施加免疫	common	no	token
arcane	奧術	common	no	token
ardrigal	阿德里加爾	common	no	token
armed	武裝	common	no	token
around	周圍	common	no	token
arpos	阿波斯	common	no	token
array	陣列	common	no	token
arrow	箭	common	no	token
arrowhead	箭頭	common	no	token
arrowheads	箭頭	common	no	token
arrows	箭	common	no	token
ataris	阿塔里斯	common	no	token
attribute	屬性	common	no	token
audio	音訊	common	no	token
avantoe	阿凡托	common	no	token
avour	艾沃	common	no	token
axe	斧頭	common	no	token
axes	斧頭	common	no	token
back	後方	common	no	token
ban	禁止	common	no	token
bange	班吉	common	no	token
bank	銀行	common	no	token
barbtraining	鬍鬚訓練	common	no	token
barcrawl	酒吧巡迴	common	no	token
barrage	彈幕	common	no	token
barrowsLoots	巴羅斯戰利品	common	no	token
bars	條/棒	common	no	token
batta	巴塔	common	no	token
battas	巴塔	common	no	token
believe	相信	common	no	token
bells	鈴鐺	common	no	token
bfs	廣度優先搜索	common	no	token
birthday	生日	common	no	token
blamish	瑕疵	common	no	token
blurite	藍精石	common	no	token
bodies	屍體	common	no	token
bolt	弩箭	common	no	token
bolts	弩箭	common	no	token
bones	骨頭	common	no	token
boots	靴子	common	no	token
boss	首領	common	no	token
bossCounters	首領計數器	common	no	token
botinfo	機器人資訊	common	no	token
bots	機器人	common	no	token
botsearch	機器人搜尋	common	no	token
botting	使用機器人	common	no	token
bow	弓	common	no	token
bowls	碗	common	no	token
brown	棕色	common	no	token
brrrr	寒冷聲	common	no	token
brrrrrr	寒冷聲	common	no	token
bury	埋葬	common	no	token
buryitem	埋葬物品	common	no	token
burymessage	埋葬訊息	common	no	token
button	按鈕	common	no	token
buying	購買	common	no	token
cache	快取/隱藏物	common	no	token
cadantine	卡丹丁	common	no	token
cadavaberry	屍骸莓	common	no	token
cake	蛋糕	common	no	token
calculateHit	計算命中	common	no	token
camp	營地	common	no	token
can	能/罐頭	common	no	token
cape	斗篷	common	no	token
cart	手推車	common	no	token
castle	城堡	common	no	token
ceikry	塞克里	common	no	token
chaps	護腿	common	no	token
chat	聊天	common	no	token
cheray	謝雷	common	no	token
chinchompas	奇奇鼠	common	no	token
class	類別	common	no	token
claw	爪	common	no	token
clearScripts	清除腳本	common	no	token
climbing	攀爬	common	no	token
cluenumber	線索編號	common	no	token
commands	指令	common	no	token
commandsearch	指令搜尋	common	no	token
config	設定	common	no	token
configID	設定識別碼	common	no	token
configs	設定檔	common	no	token
confirmrules	確認規則	common	no	token
cooked	熟製的	common	no	token
counter	計數器	common	no	token
creature	生物	common	no	token
creatures	生物	common	no	token
cretor	創建者	common	no	token
dagon	達貢	common	no	token
dart	飛鏢	common	no	token
data	資料	common	no	token
database	資料庫	common	no	token
defeati	擊敗	common	no	token
define	定義	common	no	token
delay	延遲	common	no	token
deposit	存款/存放	common	no	token
direction	方向	common	no	token
discord	紛爭	common	no	token
divine	神聖	common	no	token
doc	文件	common	no	token
dock	碼頭	common	no	token
donotmove	不要移動	common	no	token
doomsayer	末日預言者	common	no	token
door	門	common	no	token
doubling	倍增	common	no	token
draconic	龍語的	common	no	token
dragonbreath	龍息	common	no	token
dragonfire	龍火	common	no	token
draynor	德雷諾	common	no	token
driver	驅動程式	common	no	token
dropper	掉落物	common	no	token
dumpedCount	傾倒計數	common	no	token
duna	杜娜	common	no	token
dwellberry	棲息莓	common	no	token
ectoplasm	外質	common	no	token
eel	鰻魚	common	no	token
eis	艾斯	common	no	token
else	其他	common	no	token
elysian	伊萊希安	common	no	token
ement	艾門特	common	no	token
enable	啟用	common	no	token
enabled	已啟用	common	no	token
end	結束	common	no	token
endsWith	以...結尾	common	no	token
enemy	敵人	common	no	token
equa	奎亞	common	no	token
equip	裝備	common	no	token
erm	呃	common	no	token
eth	艾斯	common	no	token
evilwaffles	邪惡鬆餅	common	no	token
expression	表達式	common	no	token
feldip	費迪普	common	no	token
filename	文件名	common	no	token
fire	火焰	common	no	token
fly	蒼蠅	common	no	token
fog	霧	common	no	token
foil	箔	common	no	token
fortress	要塞	common	no	token
forum	論壇	common	no	token
francais	法語	common	no	token
freds	弗雷德 (音譯)	common	no	token
fritz	弗里茨 (音譯)	common	no	token
gandius	甘迪斯 (音譯)	common	no	token
gany	甘尼 (音譯)	common	no	token
gentis	詹提斯 (音譯)	common	no	token
geoff	傑夫 (音譯)	common	no	token
getAttribute	獲取屬性	common	no	token
getClass	獲取類別	common	no	token
getItemName	獲取物品名稱	common	no	token
getName	獲取名稱	common	no	token
getattribute	獲取屬性	common	no	token
getvarbit	獲取變數位元	common	no	token
gfx	圖形特效	common	no	token
giveitem	給予物品	common	no	token
globalData	全域數據	common	no	token
globalaudio	全域音訊	common	no	token
glug	咕嚕聲	common	no	token
glugs	咕嚕聲	common	no	token
goblin	地精	common	no	token
gold	金幣	common	no	token
gomondo	戈蒙多 (音譯)	common	no	token
gorak	戈拉克 (音譯)	common	no	token
graahk	格拉克 (音譯)	common	no	token
ground	地面	common	no	token
guam	瓜姆草	common	no	token
gutus	古圖斯 (音譯)	common	no	token
hai	嗨	common	no	token
har	哈	common	no	token
harij	哈里吉	common	no	token
harralander	哈拉蘭德	common	no	token
hasReadPlaques	是否已閱讀告示牌	common	no	token
hastae	哈斯泰	common	no	token
hats	帽子	common	no	token
have	擁有	common	no	token
hazeel	海茲爾	common	no	token
hazeelcult	海茲爾教派	common	no	token
healRemaining	剩餘治療量	common	no	token
healovertime	持續治療	common	no	token
hearnt	希恩特	common	no	token
height	高度	common	no	token
helm	頭盔	common	no	token
help	幫助	common	no	token
herant	赫蘭特	common	no	token
here	這裡	common	no	token
hewo	赫沃	common	no	token
hide	躲藏	common	no	token
hideout	藏身處	common	no	token
holious	霍利烏斯	common	no	token
hongorer	宏戈雷	common	no	token
hop	跳躍	common	no	token
hrevent	事件	common	no	token
hunt	狩獵	common	no	token
ian	伊恩	common	no	token
identifier	識別碼	common	no	token
idhi	伊迪	common	no	token
iface	介面	common	no	token
ifaces	介面	common	no	token
imindus	伊曼杜斯	common	no	token
immunity	免疫	common	no	token
imp	小惡魔	common	no	token
inc	增加	common	no	token
index	索引	common	no	token
infinitespecial	無限特殊技能	common	no	token
infinitespecialmove	無限特殊動作	common	no	token
instructions	指令	common	no	token
int	整數	common	no	token
inv	背包	common	no	token
irit	伊瑞特	common	no	token
irk	惱怒	common	no	token
irks	惱怒	common	no	token
irky	令人惱火的	common	no	token
irno	伊諾	common	no	token
iron	鐵	common	no	token
isWalks	是否行走	common	no	token
itemsearch	物品搜尋	common	no	token
jad	賈德	common	no	token
jail	監獄	common	no	token
jangerberries	姜格莓	common	no	token
jangerberry	姜格莓	common	no	token
javelin	標槍	common	no	token
javelins	標槍	common	no	token
jingle	叮噹聲	common	no	token
jobAmount	工作量	common	no	token
journal	日誌	common	no	token
jubbly	朱布利	common	no	token
kai	凱	common	no	token
kar	卡爾	common	no	token
kebbit	凱比特	common	no	token
keth	凱斯	common	no	token
key	鑰匙	common	no	token
keystore	金鑰儲存庫	common	no	token
kick	踢	common	no	token
kind	種類	common	no	token
kitten	小貓	common	no	token
kittens	小貓	common	no	token
knife	小刀	common	no	token
knives	小刀	common	no	token
knot	結	common	no	token
kurask	庫拉斯克	common	no	token
kwuarm	奎阿姆	common	no	token
kyatt	凱特	common	no	token
laquinay	拉奎奈	common	no	token
larupia	拉魯皮亞	common	no	token
lauf	勞夫	common	no	token
laurpia	勞魯皮亞	common	no	token
lava	岩漿	common	no	token
leaf	葉子	common	no	token
leather	皮革	common	no	token
led	燈	common	no	token
ledge	邊緣	common	no	token
lemanto	萊曼托	common	no	token
lemantolly	萊曼托利	common	no	token
let	讓	common	no	token
letter	信件	common	no	token
level	等級	common	no	token
light	光/輕	common	no	token
limbs	肢體	common	no	token
limit	限制	common	no	token
limpwurt	跛足草	common	no	token
line	線條	common	no	token
list	清單	common	no	token
live	居住/直播	common	no	token
loars	羅爾斯	common	no	token
loc	位置	common	no	token
location	地點	common	no	token
lock	鎖	common	no	token
logs	原木	common	no	token
loopanim	循環動畫	common	no	token
loops	迴圈	common	no	token
loot	戰利品	common	no	token
lore	知識/傳說	common	no	token
lovos	洛沃斯	common	no	token
lure	誘餌	common	no	token
make	製造	common	no	token
makeadmin	設為管理員	common	no	token
manag	管理	common	no	token
marrentill	馬倫提爾	common	no	token
mauve	羅蘭紫	common	no	token
max	最大值	common	no	token
may	五月	common	no	token
meriz	梅里茲	common	no	token
mewing	喵叫	common	no	token
miasmic	瘴氣的	common	no	token
microsoft	微軟	common	no	token
min	最小	common	no	token
mina	米娜	common	no	token
mind	心智	common	no	token
mine	礦坑/開採	common	no	token
mines	礦坑群	common	no	token
mini	微型	common	no	token
mod	模組/修改器	common	no	token
modcr	模組創建器	common	no	token
mode	模式	common	no	token
models	模型	common	no	token
mods	模組	common	no	token
mond	蒙德	common	no	token
money	金錢	common	no	token
mor	莫爾	common	no	token
morrigan	摩里根	common	no	token
mos	莫斯	common	no	token
moss	苔蘚	common	no	token
movcam	移動攝影機	common	no	token
musicId	音樂識別碼	common	no	token
mute	靜音	common	no	token
nag	嘮叨	common	no	token
new	新的	common	no	token
night	夜晚	common	no	token
nmanagement	管理系統	common	no	token
node	節點	common	no	token
none	無	common	no	token
nou	諾	common	no	token
now	現在	common	no	token
object	物件	common	no	token
objectgrid	物件網格	common	no	token
objectid	物件識別碼	common	no	token
offer	出價	common	no	token
offset	偏移量	common	no	token
old	舊的	common	no	token
openshop	開店	common	no	token
optional	選填的	common	no	token
options	選項	common	no	token
ordinal	序數	common	no	token
ore	原礦	common	no	token
org	組織	common	no	token
overpass	越過	common	no	token
password	密碼	common	no	token
path	路徑	common	no	token
paths	路徑	common	no	token
paul	保羅 (人名音譯)	common	no	token
pebble	小石子	common	no	token
peninsula	半島	common	no	token
perks	特權	common	no	token
permadeath	永久死亡	common	no	token
pest	害蟲	common	no	token
pickaxe	鎬頭	common	no	token
pickaxes	鎬頭	common	no	token
picture	圖片	common	no	token
pie	派	common	no	token
pieces	碎片	common	no	token
pies	派	common	no	token
plain	平原	common	no	token
plan	計畫	common	no	token
playerJobManager	玩家職業管理器	common	no	token
playerStock	玩家庫存	common	no	token
playjingle	播放叮嚀聲	common	no	token
playsong	播放歌曲	common	no	token
pohstorableitems	可存放物品	common	no	token
points	點數	common	no	token
poison	毒素	common	no	token
por	端口	common	no	token
port	港口	common	no	token
portrait	肖像	common	no	token
poscam	位置攝影機	common	no	token
potter	陶工	common	no	token
power	力量	common	no	token
practice	練習	common	no	token
priority	優先級	common	no	token
prison	監獄	common	no	token
prit	普里特	common	no	token
priw	普里威	common	no	token
pro	專業	common	no	token
proto	原型	common	no	token
purse	錢包	common	no	token
quest	任務	common	no	token
questReq	任務需求	common	no	token
quick	快速	common	no	token
quite	相當	common	no	token
radius	半徑	common	no	token
ragandboneman	拉格與骨頭人	common	no	token
ranarr	蘭納草	common	no	token
randomriddle	隨機謎題	common	no	token
ranim	拉尼姆	common	no	token
reason	原因	common	no	token
recipe	配方	common	no	token
recommendation	推薦	common	no	token
red	紅色	common	no	token
redberry	紅莓	common	no	token
region	地區	common	no	token
rellekka	萊萊卡	common	no	token
remote	遠端	common	no	token
removeSuffix	移除字尾	common	no	token
removeitem	移除物品	common	no	token
removeitemall	移除所有物品	common	no	token
render	渲染	common	no	token
rentos	倫托斯	common	no	token
replace	替換	common	no	token
replica	複製品	common	no	token
required	必要條件	common	no	token
reset	重置	common	no	token
resetpasswordother	重置其他密碼	common	no	token
restartScript	重啟腳本	common	no	token
restartworker	重啟工作者	common	no	token
returnAtStage	返回階段	common	no	token
revent	重新事件	common	no	token
reward	獎勵	common	no	token
ring	戒指	common	no	token
rizz	瑞茲	common	no	token
rolldrops	擲落物	common	no	token
rolltrawlerloot	擲漁船戰利品	common	no	token
room	房間	common	no	token
roona	露娜	common	no	token
rooster	公雞	common	no	token
rotation	輪轉	common	no	token
rotcam	旋轉攝影機	common	no	token
rubium	魯比姆	common	no	token
ruined	毀壞的	common	no	token
rune	符文	common	no	token
runite	符文石	common	no	token
sarko	薩科	common	no	token
savedData	已儲存數據	common	no	token
scammers	騙子	common	no	token
scape	史奎普	common	no	token
scenery	場景	common	no	token
sconfigrange	設定範圍	common	no	token
script	腳本	common	no	token
scripts	腳本集	common	no	token
sea	海洋	common	no	token
search	搜尋	common	no	token
secondquestion	第二個問題	common	no	token
selling	出售	common	no	token
serpent	巨蛇	common	no	token
server	伺服器	common	no	token
setStage	設定階段	common	no	token
setattribute	設定屬性	common	no	token
setconfig	設定配置	common	no	token
setlevel	設定等級	common	no	token
setpestpoints	設定瘟疫點數	common	no	token
setqueststage	設定任務階段	common	no	token
setslayerpoints	設定獵人點數	common	no	token
setslayertask	設定獵人任務	common	no	token
setvarbit	設定變量位元	common	no	token
setvarbits	設定變量位元組	common	no	token
sewer	下水道	common	no	token
shakecam	鏡頭震動	common	no	token
shield	盾牌	common	no	token
shields	盾牌	common	no	token
shop	商店	common	no	token
size	尺寸	common	no	token
skillname	技能名稱	common	no	token
slot	插槽	common	no	token
smartpathfinder	智能尋路器	common	no	token
some	一些	common	no	token
song	歌曲	common	no	token
southern	南方的	common	no	token
spar	練習對戰	common	no	token
spawnLoc	生成位置	common	no	token
spawnPenguin	生成企鵝	common	no	token
spawnpenguin	生成企鵝	common	no	token
spectral	幽靈的	common	no	token
spellbook	咒語書	common	no	token
spirit	精靈	common	no	token
square	正方形	common	no	token
start	開始	common	no	token
state	狀態	common	no	token
stats	統計數據	common	no	token
status	狀態	common	no	token
stickbug	黏蟲	common	no	token
stock	庫存	common	no	token
stopExecuting	停止執行	common	no	token
stophrevents	停止事件	common	no	token
stopscript	停止腳本	common	no	token
studded	鑲嵌的	common	no	token
stump	樹樁	common	no	token
sword	劍	common	no	token
take	拿取	common	no	token
tar	焦油	common	no	token
tarromin	塔羅明	common	no	token
tele	傳送	common	no	token
test	測試	common	no	token
thakkrad	塔克拉德	common	no	token
thedigsite	挖掘遺址	common	no	token
there	那裡	common	no	token
things	東西	common	no	token
thingumywut	什麽東西	common	no	token
thirdquestion	第三個問題	common	no	token
throwing	投擲	common	no	token
ticks	刻 (遊戲時間單位)	common	no	token
tipped	尖端的	common	no	token
tips	提示	common	no	token
toInt	轉換為整數	common	no	token
toLowerCase	轉為小寫	common	no	token
toadflax	蟾蜍麻	common	no	token
toggle	切換	common	no	token
tom	湯姆	common	no	token
tomb	墳墓	common	no	token
ton	噸	common	no	token
torstol	托斯托	common	no	token
tortoise	陸龜	common	no	token
travelled	旅行過的	common	no	token
ttl	生存時間	common	no	token
turoth	圖羅斯	common	no	token
tuzo	圖佐	common	no	token
two	二	common	no	token
type	類型	common	no	token
unholy	不神聖的	common	no	token
update	更新	common	no	token
user	使用者	common	no	token
username	使用者名稱	common	no	token
usewith	搭配使用	common	no	token
valius	瓦利烏斯	common	no	token
varbit	變數位元	common	no	token
varbits	變數位元組	common	no	token
varp	變數參數	common	no	token
varpIndex	變數參數索引	common	no	token
version	版本	common	no	token
village	村莊	common	no	token
visage	面貌	common	no	token
visages	面貌	common	no	token
volencia	沃倫西亞	common	no	token
vous	您	common	no	token
waka	瓦卡	common	no	token
wars	戰爭	common	no	token
wave	波浪	common	no	token
wear	穿戴	common	no	token
websocket	網路通訊協定	common	no	token
weed	雜草	common	no	token
wheel	輪子	common	no	token
whiteberry	白莓	common	no	token
wield	揮舞	common	no	token
wild	野生	common	no	token
withdraw	取出	common	no	token
woah	喔	common	no	token
wolpertinger	沃爾珀廷格	common	no	token
workmanship	工藝	common	no	token
wrap	包裹	common	no	token
write	寫入	common	no	token
xan	贊	common	no	token
xbox	艾克斯盒	common	no	token
yan	揚	common	no	token
yeah	耶	common	no	token
yoinky	尤因基	common	no	token
zan	贊	common	no	token
zmi	茲米	common	no	token
zogries	佐格里斯	common	no	token
Snelm	斯內爾姆	common	no	catchup
Veliaf	維利亞夫	proper	yes	catchup
Sedduca	塞杜卡	proper	yes	catchup
Dungeoneering	迷宮探險	proper	yes	catchup
AnmaCutscene	安瑪過場動畫	proper	yes	catchup2
Bull	公牛	common	no	catchup2
JalYt	賈伊特	proper	yes	catchup2
Rum	朗姆酒	common	no	catchup2
